0 FILE 75192.custom.engine.io
0 Untitled Model
0 Name: 75192.custom.engine
0 Author: 
0 CustomBrick
0 FlexibleBrickControlPointUnitLength -1
0 FlexibleBrickLockedControlPoint 
0 NumOfBricks 5038
0 STEP
0 STEP
0 STEP
0 STEP
0 STEP
1 16 639.476900 -169.228100 -506.496400 1.000000 0.000000 0.000000 0.000000 1.000000 0.000000 0.000000 0.000000 1.000000 submodel group 112
0 STEP
1 16 -589.268200 -497.900500 -232.526800 0.000000 -1.000000 0.000000 0.000000 0.000000 1.000000 -1.000000 0.000000 0.000000 396_
1 16 -536.580400 -478.900600 -92.527680 1.000000 0.000000 0.000000 0.000000 1.000000 0.000000 0.000000 0.000000 1.000000 submodel group 113
1 16 -536.601400 -478.900500 -132.527400 1.000000 0.000000 0.000000 0.000000 1.000000 0.000000 0.000000 0.000000 1.000000 submodel group 113
1 16 -536.601400 -478.900600 -292.526800 1.000000 0.000000 0.000000 0.000000 1.000000 0.000000 0.000000 0.000000 1.000000 submodel group 113
1 16 -536.601400 -478.900600 -332.526800 1.000000 0.000000 0.000000 0.000000 1.000000 0.000000 0.000000 0.000000 1.000000 submodel group 113
1 16 -588.216200 -518.015700 -832.525000 0.000000 -1.000000 0.000000 0.000000 0.000000 -1.000000 1.000000 0.000000 0.000000 396_
1 16 -550.268200 -478.890100 -446.193400 0.000000 0.000000 1.000000 0.000000 1.000000 0.000000 -1.000000 0.000000 0.000000 submodel group 113
1 16 -415.905600 -492.196600 -1111.546000 0.864274 0.000000 0.503021 0.000000 1.000000 0.000000 -0.503020 0.000000 0.864274 397
1 16 -789.504500 -496.359900 -834.759900 0.999994 0.000000 -0.003492 0.000000 -1.000000 0.000000 -0.003492 0.000000 -0.999994 471
1 16 -930.268200 -488.896500 -330.283900 1.000000 0.000000 0.000000 0.000000 -1.000000 0.000000 0.000000 0.000000 -1.000000 501
1 16 -530.213400 -442.016700 -332.526200 0.000000 0.000000 1.000000 0.000000 -1.000000 0.000000 1.000000 0.000000 0.000000 531_
1 16 -350.213300 -445.196600 -182.389700 1.000000 0.000000 0.000000 0.000000 0.000000 1.000000 0.000000 -1.000000 0.000000 550_
1 16 -570.211600 -450.016100 -812.526900 0.000000 -0.000001 1.000000 0.000000 -1.000000 -0.000001 1.000000 0.000000 0.000000 556
1 16 -400.211800 -418.016400 -872.526700 -1.000000 0.000000 0.000000 0.000000 0.000000 1.000000 0.000000 1.000000 0.000000 575
1 16 -1615.498000 -683.820600 152.088600 0.913545 0.000000 -0.406737 0.000000 1.000000 0.000000 0.406737 0.000000 0.913545 440
1 16 -288.973400 -441.190600 46.319740 0.384295 0.000000 0.923210 0.000000 1.000000 0.000000 -0.923210 0.000000 0.384295 581_
1 14 -342.075200 -523.705500 17.759190 -0.384295 0.000000 -0.923210 0.000000 1.000000 0.000000 0.923210 0.000000 -0.384295 32449.dat
1 16 146.912900 -442.702300 -1118.333000 -0.348571 0.000000 -0.937282 0.000000 1.000000 0.000000 0.937282 0.000000 -0.348571 581__
1 14 201.072000 -523.557300 -1091.832000 0.348571 0.000000 0.937282 0.000000 1.000000 0.000000 -0.937282 0.000000 0.348571 32449.dat
1 16 -326.101400 -438.016500 -1123.449000 0.384295 0.000000 -0.923210 0.000000 1.000000 0.000000 0.923210 0.000000 0.384295 594_
1 16 183.571000 -442.017400 65.907620 -0.348572 0.000000 0.937282 0.000000 1.000000 0.000000 -0.937282 0.000000 -0.348572 594_ copy
1 14 201.058000 -534.017300 26.863560 0.348572 0.000000 -0.937282 0.000000 1.000000 0.000000 0.937282 0.000000 0.348572 32449.dat
1 14 201.058000 -523.797200 26.863560 0.348572 0.000000 -0.937282 0.000000 1.000000 0.000000 0.937282 0.000000 0.348572 32449.dat
1 14 -342.075200 -534.505500 17.759190 -0.384295 0.000000 -0.923210 0.000000 1.000000 0.000000 0.923210 0.000000 -0.384295 32449.dat
1 14 -342.076600 -531.966400 -1083.762000 0.384297 0.000000 -0.923210 0.000000 1.000000 0.000000 0.923210 0.000000 0.384297 32449.dat
1 14 -342.076500 -522.106400 -1083.762000 0.384297 0.000000 -0.923210 0.000000 1.000000 0.000000 0.923210 0.000000 0.384297 32449.dat
1 14 201.072000 -534.017300 -1091.832000 0.348571 0.000000 0.937282 0.000000 1.000000 0.000000 -0.937282 0.000000 0.348571 32449.dat
0 STEP
1 16 -770.391500 -498.015600 -878.369500 -0.999994 -0.003492 0.000000 0.000000 0.000000 -1.000000 0.003492 -0.999994 0.000000 607_
0 STEP
0 STEP
0 STEP
0 STEP
0 STEP
0 STEP
0 STEP
0 STEP
0 STEP
1 16 -950.111300 -478.016200 -797.741400 0.999994 -0.003492 0.000000 0.000000 0.000000 1.000000 -0.003492 -0.999994 0.000000 617
1 16 -770.271400 -477.896100 -180.526300 -1.000000 0.000000 0.000000 0.000000 0.000000 1.000000 0.000000 1.000000 0.000000 626
1 16 -988.271000 -468.685200 -268.526100 -1.000000 0.000000 0.000000 0.000000 0.000000 1.000000 0.000000 1.000000 0.000000 637_
1 16 -370.215500 -554.016800 -352.527800 0.000000 0.000000 1.000000 0.000000 1.000000 0.000000 -1.000000 0.000000 0.000000 647_
1 16 -670.267500 -483.710100 -409.556400 1.000000 0.000000 0.000000 0.000000 1.000000 0.000000 0.000000 0.000000 1.000000 654
1 16 -429.459100 -488.015900 -221.652600 1.000000 0.000000 0.000000 0.000000 1.000000 0.000000 0.000000 0.000000 1.000000 690
1 16 -809.346600 -541.096200 -942.797000 0.384295 0.000000 -0.923210 0.000000 1.000000 0.000000 0.923210 0.000000 0.384295 submodel group 115
1 16 -814.240700 -549.605200 -122.502500 -0.384295 0.000000 -0.923210 0.000000 1.000000 0.000000 0.923210 0.000000 -0.384295 submodel group 115_mirrored
1 0 -530.267500 -561.900400 -302.524800 0.000000 0.000000 1.000000 0.000000 1.000000 0.000000 -1.000000 0.000000 0.000000 2445.dat
1 72 -520.268500 -561.900400 -302.525300 -1.000014 0.000000 0.000000 0.000000 1.000000 0.000000 0.000000 0.000000 -1.000012 61409b.dat
1 72 -520.268500 -561.900500 -362.528100 1.000014 0.000000 0.000000 0.000000 1.000000 0.000000 0.000000 0.000000 1.000012 61409b.dat
1 71 -960.271000 -564.088600 -338.526100 0.214735 0.976669 0.000000 0.000000 0.000000 -1.000000 -0.976669 0.214735 0.000000 87618.dat
1 16 -211.236700 -472.230800 -812.421200 1.000000 0.000000 0.000000 0.000000 -1.000000 0.000000 0.000000 0.000000 -1.000000 728_
1 16 -0.213170 -376.258100 -79.987750 0.000000 0.000000 -1.000000 0.000000 1.000000 0.000000 1.000000 0.000000 0.000000 746
1 16 -140.043100 -631.937300 -378.328900 -1.000000 0.000000 0.000000 0.000000 -1.000000 0.000000 0.000000 0.000000 1.000000 773
1 16 -210.382000 -593.593300 -112.527600 1.000000 0.000000 0.000000 0.000000 1.000000 0.000000 0.000000 0.000000 1.000000 825_
0 STEP
0 NOFILE
0 FILE SubModel Group 112
0 SubModel Group 112
0 Name: SubModel Group 112
0 Author: 
0 CustomBrick
0 FlexibleBrickControlPointUnitLength -1
0 FlexibleBrickLockedControlPoint 
0 NumOfBricks 2774
1 16 -24.033140 0.000000 -44.355440 1.000000 0.000000 0.000000 0.000000 1.000000 0.000000 0.000000 0.000000 1.000000 submodel group 107
0 STEP
1 16 -11.687560 -298.790100 -26.031650 0.000000 0.000000 1.000000 0.000000 1.000000 0.000000 -1.000000 0.000000 0.000000 support
1 16 -171.369000 -304.782600 435.751600 -0.693402 -0.000001 0.720552 0.000000 1.000000 0.000001 -0.720552 0.000001 -0.693402 submodel group 106
1 16 -168.419900 -342.786500 -481.634700 0.693402 -0.000001 0.720551 0.000000 1.000000 0.000001 -0.720551 -0.000001 0.693402 submodel group 106_mirrored
1 16 21.347230 -296.786300 73.274140 0.000001 -0.000001 1.000008 -0.000029 1.000000 0.000001 -1.000008 -0.000029 0.000001 submodel group 109
1 16 338.645800 -296.790200 -20.218440 0.000000 0.000000 1.000000 0.000000 1.000000 0.000000 -1.000000 0.000000 0.000000 center part
1 16 -38.463200 -296.786700 240.803100 0.069630 -0.000015 0.997573 -0.000029 1.000000 0.000017 -0.997573 -0.000030 0.069630 right part
1 16 -20.409550 -296.785600 -244.303900 1.000000 0.000000 0.000000 0.000000 1.000000 0.000000 0.000000 0.000000 1.000000 submodel group 108
1 71 -58.133240 -307.460100 228.749300 0.087155 0.000000 0.996195 0.000000 1.000000 0.000000 -0.996195 0.000000 0.087155 m4d691e16_2026727_073630.dat
1 71 -57.477840 -304.352500 -282.034300 -0.713248 0.000000 0.700913 0.000000 1.000000 0.000000 -0.700913 0.000000 -0.713248 m4d691e16_2026727_073630.dat
0 STEP
0 NOFILE
0 FILE 396_
0 396_
0 Name: 396_
0 Author: 
0 CustomBrick
0 FlexibleBrickControlPointUnitLength -1
0 FlexibleBrickLockedControlPoint 
0 NumOfBricks 15
1 16 -41.666660 0.000000 -10.000000 1.000000 0.000000 0.000000 0.000000 1.000000 0.000000 0.000000 0.000000 1.000000 submodel group 1 copy 9
0 NOFILE
0 FILE SubModel Group 113
0 SubModel Group 113
0 Name: SubModel Group 113
0 Author: 
0 CustomBrick
0 FlexibleBrickControlPointUnitLength -1
0 FlexibleBrickLockedControlPoint 
0 NumOfBricks 3
1 4 -3.666690 -29.000000 0.000000 0.000000 1.000000 0.000000 0.000000 0.000000 -1.000000 -1.000000 0.000000 0.000000 32523.dat
1 0 6.333310 -49.000000 0.000000 1.000000 0.000000 0.000000 0.000000 1.000000 0.000000 0.000000 0.000000 1.000000 4459.dat
1 0 6.333310 -9.000000 0.000000 1.000000 0.000000 0.000000 0.000000 1.000000 0.000000 0.000000 0.000000 1.000000 4459.dat
0 NOFILE
0 FILE 397
0 397
0 Name: 397
0 Author: 
0 CustomBrick
0 FlexibleBrickControlPointUnitLength -1
0 FlexibleBrickLockedControlPoint 
0 NumOfBricks 258
1 16 -713.868700 15.180530 91.915180 1.000000 0.000000 0.000000 0.000000 1.000000 0.000000 0.000000 0.000000 1.000000 submodel group 8 copy 3
0 NOFILE
0 FILE 471
0 471
0 Name: 471
0 Author: 
0 CustomBrick
0 FlexibleBrickControlPointUnitLength -1
0 FlexibleBrickLockedControlPoint 
0 NumOfBricks 148
1 71 -40.000000 -34.344230 -182.968700 1.000000 0.000000 0.000000 0.000000 1.000000 0.000000 0.000000 0.000000 1.000000 3460.dat
1 28 80.000000 -34.344230 -182.968700 1.000000 0.000000 0.000000 0.000000 1.000000 0.000000 0.000000 0.000000 1.000000 3710.dat
1 320 180.000000 -34.344230 -182.968700 1.000000 0.000000 0.000000 0.000000 1.000000 0.000000 0.000000 0.000000 1.000000 3666.dat
1 72 100.000000 -26.344230 -172.968700 1.000000 0.000000 0.000000 0.000000 1.000000 0.000000 0.000000 0.000000 1.000000 4282.dat
1 28 200.000000 -34.344110 -12.968800 0.000000 0.000000 1.000000 0.000000 1.000000 0.000000 -1.000000 0.000000 0.000000 3027.dat
1 71 110.000000 -34.344200 -132.968700 0.000000 0.000000 1.000000 0.000000 1.000000 0.000000 -1.000000 0.000000 0.000000 88646.dat
1 72 99.999970 -26.344200 -132.968700 1.000000 0.000000 0.000000 0.000000 1.000000 0.000000 0.000000 0.000000 1.000000 4282.dat
1 15 150.000000 -26.344060 77.031130 1.000000 0.000000 0.000000 0.000000 1.000000 0.000000 0.000000 0.000000 1.000000 11212.dat
1 14 250.000000 -26.344180 -92.968720 0.000000 0.000000 1.000000 0.000000 1.000000 0.000000 -1.000000 0.000000 0.000000 32028.dat
1 14 140.000000 -26.344130 -32.968820 0.000000 0.000000 1.000000 0.000000 1.000000 0.000000 -1.000000 0.000000 0.000000 3034.dat
1 14 200.000000 -26.344040 97.031040 1.000000 0.000000 0.000000 0.000000 1.000000 0.000000 0.000000 0.000000 1.000000 32028.dat
1 72 140.000000 -26.344010 137.031100 0.000000 0.000000 1.000000 0.000000 1.000000 0.000000 -1.000000 0.000000 0.000000 50304.dat
1 72 239.999900 -26.344020 127.031000 0.000000 0.000000 -1.000000 0.000000 1.000000 0.000000 1.000000 0.000000 0.000000 3020.dat
1 14 250.000000 -26.344060 67.031140 0.000000 0.000000 1.000000 0.000000 1.000000 0.000000 -1.000000 0.000000 0.000000 32028.dat
1 71 0.000000 -34.344200 -132.968700 1.000000 0.000000 0.000000 0.000000 1.000000 0.000000 0.000000 0.000000 1.000000 3035.dat
1 15 90.000000 -26.725020 76.864460 1.000000 0.000000 0.000000 0.000000 1.000000 0.000000 0.000000 0.000000 1.000000 11212.dat
1 71 110.000000 -34.725020 76.864460 0.000000 0.000000 1.000000 0.000000 1.000000 0.000000 -1.000000 0.000000 0.000000 2420.dat
1 71 130.000000 -34.344120 -12.968830 0.000000 0.000000 1.000000 0.000000 1.000000 0.000000 -1.000000 0.000000 0.000000 3460.dat
1 71 170.000000 -34.343990 167.031000 0.000000 0.000000 1.000000 0.000000 1.000000 0.000000 -1.000000 0.000000 0.000000 43722.dat
1 28 209.999900 -34.343990 157.031000 1.000000 0.000000 0.000000 0.000000 1.000000 0.000000 0.000000 0.000000 1.000000 3024.dat
1 71 80.000000 -34.725000 116.864400 0.000000 0.000000 1.000000 0.000000 1.000000 0.000000 -1.000000 0.000000 0.000000 54383.dat
1 72 60.000000 -34.725020 66.864460 1.000000 0.000000 0.000000 0.000000 1.000000 0.000000 0.000000 0.000000 1.000000 3020.dat
1 71 0.000000 -26.725010 96.864410 0.000000 0.000000 1.000000 0.000000 1.000000 0.000000 -1.000000 0.000000 0.000000 54383.dat
1 28 20.000000 -26.725030 56.864460 1.000000 0.000000 0.000000 0.000000 1.000000 0.000000 0.000000 0.000000 1.000000 3710.dat
1 72 -70.000010 -26.344240 -182.968700 0.000000 0.000000 -1.000000 0.000000 1.000000 0.000000 1.000000 0.000000 0.000000 2420.dat
1 28 -70.000000 -26.344220 -132.968700 0.000000 0.000000 1.000000 0.000000 1.000000 0.000000 -1.000000 0.000000 0.000000 3023b.dat
1 71 -49.999960 -34.344180 -52.968620 0.000000 0.000000 -1.000001 0.000000 1.000000 0.000000 1.000005 0.000000 0.000000 88646.dat
1 15 -49.999950 -26.344170 -2.968470 0.000000 0.000000 -1.000001 0.000000 1.000000 0.000000 1.000005 0.000000 0.000000 11212.dat
1 28 -29.999900 -26.344190 -72.968760 0.000000 0.000000 -1.000000 0.000000 1.000000 0.000000 1.000000 0.000000 0.000000 3710.dat
1 72 -60.000000 -26.344190 -72.968720 0.000000 0.000000 -1.000001 0.000000 1.000000 0.000000 1.000005 0.000000 0.000000 3020.dat
1 71 -39.999950 -34.344160 17.031630 0.000000 0.000000 -1.000001 0.000000 1.000000 0.000000 1.000005 0.000000 0.000000 3021.dat
1 1 -39.999950 -26.344140 47.031800 0.000000 0.000000 -1.000001 0.000000 1.000000 0.000000 1.000005 0.000000 0.000000 3022.dat
1 72 0.000000 -26.344200 -102.968700 -1.000000 0.000000 0.000000 0.000000 1.000000 0.000000 0.000000 0.000000 -1.000000 99780.dat
1 72 40.000000 -26.344200 -102.968700 -1.000000 0.000000 0.000000 0.000000 1.000000 0.000000 0.000000 0.000000 -1.000000 99780.dat
1 72 80.000000 -26.344190 -102.968700 -1.000000 0.000000 0.000000 0.000000 1.000000 0.000000 0.000000 0.000000 -1.000000 99780.dat
1 71 -39.999960 -34.344130 77.031840 0.000000 0.000000 1.000000 0.000000 1.000000 0.000000 -1.000000 0.000000 0.000000 54383.dat
1 71 -120.000000 -26.344140 57.031850 0.000000 0.000000 1.000000 0.000000 1.000000 0.000000 -1.000000 0.000000 0.000000 54383.dat
1 2 -320.006000 -26.344180 -92.973110 1.000029 0.000000 0.000000 0.000000 1.000000 0.000000 0.000000 0.000000 1.000028 3832.dat
1 1 -340.005900 -26.344180 -132.973300 1.000029 0.000000 0.000000 0.000000 1.000000 0.000000 0.000000 0.000000 1.000028 2445.dat
1 71 -280.003700 -34.344160 -112.973300 1.000029 0.000000 0.000000 0.000000 1.000000 0.000000 0.000000 0.000000 1.000028 3958.dat
1 71 -400.006700 -34.344170 -62.971520 0.000000 0.000000 1.000029 0.000000 1.000000 0.000000 -1.000028 0.000000 0.000000 54383.dat
1 71 -420.007400 -34.344180 -132.973300 1.000029 0.000000 0.000000 0.000000 1.000000 0.000000 0.000000 0.000000 1.000028 3035.dat
1 71 -480.009600 -26.344180 -82.973010 0.000000 0.000000 1.000029 0.000000 1.000000 0.000000 -1.000028 0.000000 0.000000 54383.dat
1 71 -360.006500 -26.344180 -42.971360 0.000000 0.000000 1.000029 0.000000 1.000000 0.000000 -1.000028 0.000000 0.000000 54383.dat
1 72 -260.003800 -26.344160 -52.971450 1.000029 0.000000 0.000000 0.000000 1.000000 0.000000 0.000000 0.000000 1.000028 3020.dat
1 71 -260.003800 -34.344160 -182.976700 1.000029 0.000000 0.000000 0.000000 1.000000 0.000000 0.000000 0.000000 1.000028 30586.dat
1 71 -260.003800 -26.344150 -172.973900 1.000029 0.000000 0.000000 0.000000 1.000000 0.000000 0.000000 0.000000 1.000028 3795.dat
1 71 -500.009700 -26.344190 -152.973500 0.000000 0.000000 1.000029 0.000000 1.000000 0.000000 -1.000028 0.000000 0.000000 6179.dat
1 71 -280.003800 -34.344170 -22.970510 0.000000 0.000000 1.000029 0.000000 1.000000 0.000000 -1.000028 0.000000 0.000000 54383.dat
1 15 -109.998600 -26.344170 -2.969190 1.000034 0.000000 0.000000 0.000000 1.000000 0.000000 0.000000 0.000000 1.000033 11212.dat
1 28 -89.997790 -34.344170 -22.969840 1.000023 0.000000 0.000000 0.000000 1.000000 0.000000 0.000000 0.000000 1.000023 3024.dat
1 72 -220.002700 -26.344170 -2.969920 0.000000 0.000000 1.000034 0.000000 1.000000 0.000000 -1.000033 0.000000 0.000000 50304.dat
1 72 -140.000000 -34.344160 17.030780 0.000001 0.000000 1.000000 0.000000 1.000000 0.000000 -1.000000 0.000000 0.000001 50304.dat
1 71 -160.001100 -34.344170 -22.971860 1.000029 0.000000 0.000000 0.000000 1.000000 0.000000 0.000000 0.000000 1.000028 3666.dat
1 72 160.000000 -42.344230 -182.968700 1.000000 0.000000 0.000000 0.000000 1.000000 0.000000 0.000000 0.000000 1.000000 4162.dat
1 72 0.000000 -42.344230 -182.968700 1.000000 0.000000 0.000000 0.000000 1.000000 0.000000 0.000000 0.000000 1.000000 4162.dat
1 72 -160.000000 -42.344230 -182.968700 1.000000 0.000000 0.000000 0.000000 1.000000 0.000000 0.000000 0.000000 1.000000 4162.dat
1 71 219.999900 -42.344000 137.031000 -1.000000 0.000000 0.000000 0.000000 1.000000 0.000000 0.000000 0.000000 -1.000000 43722.dat
1 28 210.000000 -42.344080 27.031180 0.000000 0.000000 1.000000 0.000000 1.000000 0.000000 -1.000000 0.000000 0.000000 3023b.dat
1 28 210.000000 -42.344170 -92.968720 0.000000 0.000000 1.000000 0.000000 1.000000 0.000000 -1.000000 0.000000 0.000000 3023b.dat
1 71 179.999900 -42.344020 147.031100 -1.000000 0.000000 0.000000 0.000000 1.000000 0.000000 0.000000 0.000000 -1.000000 41770.dat
1 71 180.000000 -42.344060 77.031140 1.000000 0.000000 0.000000 0.000000 1.000000 0.000000 0.000000 0.000000 1.000000 43723.dat
1 28 60.000000 -42.725020 56.864460 1.000000 0.000000 0.000000 0.000000 1.000000 0.000000 0.000000 0.000000 1.000000 3023b.dat
1 28 -50.000000 -42.344200 -92.968720 0.000000 0.000000 -1.000000 0.000000 1.000000 0.000000 1.000000 0.000000 0.000000 3023b.dat
1 28 -49.999960 -42.344140 47.031720 0.000000 0.000000 -1.000000 0.000000 1.000000 0.000000 1.000000 0.000000 0.000000 3023b.dat
1 28 -160.001400 -42.344170 -22.971860 1.000000 0.000000 0.000000 0.000000 1.000000 0.000000 0.000000 0.000000 1.000000 3023b.dat
1 71 -210.002300 -42.344160 -12.970490 0.000000 0.000000 1.000000 0.000000 1.000000 0.000000 -1.000000 0.000000 0.000000 43722.dat
1 71 -240.002900 -42.344170 -52.971070 1.000000 0.000000 0.000000 0.000000 1.000000 0.000000 0.000000 0.000000 1.000000 3068b.dat
1 1 -59.999970 -18.344160 27.031630 1.000000 0.000000 0.000000 0.000000 1.000000 0.000000 0.000000 0.000000 1.000000 3022.dat
1 71 -30.000000 -18.725040 56.864460 0.000000 0.000000 1.000000 0.000000 1.000000 0.000000 -1.000000 0.000000 0.000000 2420.dat
1 71 -60.000000 -18.344200 -102.968800 0.000000 0.000000 1.000000 0.000000 1.000000 0.000000 -1.000000 0.000000 0.000000 3021.dat
1 71 -29.999950 -18.344190 -52.968380 0.000000 0.000000 -1.000000 0.000000 1.000000 0.000000 1.000000 0.000000 0.000000 3460.dat
1 28 140.000000 -18.344060 67.031130 -1.000000 0.000000 0.000000 0.000000 1.000000 0.000000 0.000000 0.000000 -1.000000 2639.dat
1 320 -230.003400 -18.344170 -112.972800 0.000000 0.000000 1.000000 0.000000 1.000000 0.000000 -1.000000 0.000000 0.000000 3666.dat
1 71 40.000000 -18.344190 -112.968700 1.000000 0.000000 0.000000 0.000000 1.000000 0.000000 0.000000 0.000000 1.000000 3795.dat
1 28 -59.998600 -18.344170 -12.969170 -1.000000 0.000000 0.000000 0.000000 1.000000 0.000000 0.000000 0.000000 -1.000000 2639.dat
1 71 130.000000 -18.344150 -112.968800 -1.000000 0.000000 0.000000 0.000000 1.000000 0.000000 0.000000 0.000000 -1.000000 3021.dat
1 16 -153.670800 -42.344220 -189.307500 1.000000 0.000000 0.000000 0.000000 -1.000000 0.000000 0.000000 0.000000 -1.000000 submodel group 1 copy 11
1 16 50.000000 -16.574960 -88.968700 1.000000 0.000000 0.000000 0.000000 0.000000 1.000000 0.000000 -1.000000 0.000000 submodel group 2 copy 8
1 71 -370.005400 -34.344200 -192.974100 0.000000 0.000000 1.000000 0.000000 1.000000 0.000000 -1.000000 0.000000 0.000000 43723.dat
0 STEP
1 16 56.332200 -25.056880 70.864480 1.000000 0.000000 0.000000 0.000000 0.000000 -1.000000 0.000000 1.000000 0.000000 submodel group 3 copy 8
1 16 -163.670700 -10.177650 -168.974200 1.000000 0.000000 0.000000 0.000000 0.000000 1.000000 0.000000 -1.000000 0.000000 submodel group 4 copy 7
1 16 -143.669500 -24.676020 -8.969890 1.000000 0.000000 0.000000 0.000000 0.000000 -1.000000 0.000000 1.000000 0.000000 submodel group 3 copy 8
1 28 -39.998580 -10.344160 -72.969150 1.000000 0.000000 0.000000 0.000000 1.000000 0.000000 0.000000 0.000000 1.000000 2476a.dat
1 28 -39.999950 -10.344180 -32.968380 1.000000 0.000000 0.000000 0.000000 1.000000 0.000000 0.000000 0.000000 1.000000 2476a.dat
1 28 -39.999970 -10.344170 7.031620 1.000000 0.000000 0.000000 0.000000 1.000000 0.000000 0.000000 0.000000 1.000000 2476a.dat
1 28 210.000000 -26.344100 57.031200 1.000000 0.000000 0.000000 0.000000 1.000000 0.000000 0.000000 0.000000 1.000000 2476a.dat
1 28 210.000000 -26.344110 -2.968800 1.000000 0.000000 0.000000 0.000000 1.000000 0.000000 0.000000 0.000000 1.000000 2476a.dat
1 28 210.000000 -26.344140 -82.968780 1.000000 0.000000 0.000000 0.000000 1.000000 0.000000 0.000000 0.000000 1.000000 2476a.dat
1 4 -39.999970 9.655809 -52.968380 1.000000 0.000000 0.000000 0.000000 1.000000 0.000000 0.000000 0.000000 1.000000 32524.dat
1 28 -450.008200 -26.344200 -172.974100 0.000000 0.000000 1.000000 0.000000 1.000000 0.000000 -1.000000 0.000000 0.000000 3023b.dat
1 28 -420.007700 -26.344200 -172.974100 -1.000000 0.000000 0.000000 0.000000 1.000000 0.000000 0.000000 0.000000 -1.000000 2476a.dat
1 28 -380.006600 -26.344200 -172.974100 -1.000000 0.000000 0.000000 0.000000 1.000000 0.000000 0.000000 0.000000 -1.000000 2476a.dat
1 28 -340.005300 -26.344200 -172.974100 -1.000000 0.000000 0.000000 0.000000 1.000000 0.000000 0.000000 0.000000 -1.000000 2476a.dat
1 28 -440.007700 -34.344190 -182.974100 1.000000 0.000000 0.000000 0.000000 1.000000 0.000000 0.000000 0.000000 1.000000 3710.dat
1 71 -340.005200 -58.344160 -182.976700 1.000000 0.000000 0.000000 0.000000 1.000000 0.000000 0.000000 0.000000 1.000000 15207.dat
1 71 -420.005400 -58.344200 -182.974100 1.000000 0.000000 0.000000 0.000000 1.000000 0.000000 0.000000 0.000000 1.000000 15207.dat
1 72 -270.003500 -42.344160 -182.976700 1.000000 0.000000 0.000000 0.000000 1.000000 0.000000 0.000000 0.000000 1.000000 63864.dat
0 STEP
0 NOFILE
0 FILE 501
0 501
0 Name: 501
0 Author: 
0 CustomBrick
0 FlexibleBrickControlPointUnitLength -1
0 FlexibleBrickLockedControlPoint 
0 NumOfBricks 148
1 72 240.000000 -18.996140 72.242800 1.000000 0.000000 0.000000 0.000000 1.000000 0.000000 0.000000 0.000000 1.000000 4282.dat
1 320 320.000000 -26.996140 82.242820 1.000000 0.000000 0.000000 0.000000 1.000000 0.000000 0.000000 0.000000 1.000000 3666.dat
1 28 220.000000 -26.996140 82.242820 1.000000 0.000000 0.000000 0.000000 1.000000 0.000000 0.000000 0.000000 1.000000 3710.dat
1 71 100.000000 -26.996140 82.242820 1.000000 0.000000 0.000000 0.000000 1.000000 0.000000 0.000000 0.000000 1.000000 3460.dat
1 71 250.000000 -26.996140 32.242900 0.000000 0.000000 -1.000000 0.000000 1.000000 0.000000 1.000000 0.000000 0.000000 88646.dat
1 28 340.000100 -26.996140 -87.756980 0.000000 0.000000 1.000000 0.000000 1.000000 0.000000 -1.000000 0.000000 0.000000 3027.dat
1 15 290.000100 -18.996140 -177.756800 1.000000 0.000000 0.000000 0.000000 1.000000 0.000000 0.000000 0.000000 1.000000 11212.dat
1 72 240.000000 -18.996140 32.242900 1.000000 0.000000 0.000000 0.000000 1.000000 0.000000 0.000000 0.000000 1.000000 4282.dat
1 14 390.000000 -18.996140 -7.757050 0.000000 0.000000 1.000000 0.000000 1.000000 0.000000 -1.000000 0.000000 0.000000 32028.dat
1 14 280.000000 -18.996130 -67.756980 0.000000 0.000000 -1.000000 0.000000 1.000000 0.000000 1.000000 0.000000 0.000000 3034.dat
1 14 340.000100 -18.996130 -197.756800 -1.000000 0.000000 0.000000 0.000000 1.000000 0.000000 0.000000 0.000000 -1.000000 32028.dat
1 72 280.000100 -18.996130 -237.756800 0.000000 0.000000 1.000000 0.000000 1.000000 0.000000 -1.000000 0.000000 0.000000 50305.dat
1 72 380.000100 -18.996140 -227.756900 0.000000 0.000000 1.000000 0.000000 1.000000 0.000000 -1.000000 0.000000 0.000000 3020.dat
1 14 390.000100 -18.996140 -167.756900 0.000000 0.000000 1.000000 0.000000 1.000000 0.000000 -1.000000 0.000000 0.000000 32028.dat
1 71 140.000000 -26.996140 32.242900 1.000000 0.000000 0.000000 0.000000 1.000000 0.000000 0.000000 0.000000 1.000000 3035.dat
1 15 230.000000 -19.377080 -177.590200 1.000000 0.000000 0.000000 0.000000 1.000000 0.000000 0.000000 0.000000 1.000000 11212.dat
1 71 270.000100 -26.996150 -87.756950 0.000000 0.000000 -1.000000 0.000000 1.000000 0.000000 1.000000 0.000000 0.000000 3460.dat
1 71 250.000000 -27.377080 -177.590200 1.000000 0.000000 0.000000 0.000000 1.000000 0.000000 0.000000 0.000000 1.000000 2420.dat
1 72 200.000000 -27.377080 -167.590200 1.000000 0.000000 0.000000 0.000000 1.000000 0.000000 0.000000 0.000000 1.000000 3020.dat
1 71 310.000100 -26.996120 -267.756800 0.000000 0.000000 1.000000 0.000000 1.000000 0.000000 -1.000000 0.000000 0.000000 43723b.dat
1 28 350.000100 -26.996120 -257.756800 1.000000 0.000000 0.000000 0.000000 1.000000 0.000000 0.000000 0.000000 1.000000 3024.dat
1 71 220.000100 -26.996120 -217.756900 0.000000 0.000000 1.000000 0.000000 1.000000 0.000000 -1.000000 0.000000 0.000000 54384.dat
1 71 140.000000 -19.377070 -197.590300 0.000000 0.000000 1.000000 0.000000 1.000000 0.000000 -1.000000 0.000000 0.000000 54384.dat
1 28 160.000000 -19.377100 -157.590200 1.000000 0.000000 0.000000 0.000000 1.000000 0.000000 0.000000 0.000000 1.000000 3710.dat
1 28 70.000000 -18.996140 32.242900 0.000000 0.000000 1.000000 0.000000 1.000000 0.000000 -1.000000 0.000000 0.000000 3023b.dat
1 71 70.000000 -18.996140 82.242820 -1.000000 0.000000 0.000000 0.000000 1.000000 0.000000 0.000000 0.000000 -1.000000 2420.dat
1 71 90.000000 -26.996100 -47.757500 0.000000 0.000000 -1.000012 0.000000 1.000000 0.000000 1.000025 0.000000 0.000000 88646.dat
1 15 89.999900 -18.996090 -97.758540 0.000000 0.000000 -1.000012 0.000000 1.000000 0.000000 1.000025 0.000000 0.000000 11212.dat
1 72 80.000000 -18.996130 -27.757060 0.000000 0.000000 -1.000012 0.000000 1.000000 0.000000 1.000025 0.000000 0.000000 3020.dat
1 28 110.001800 -18.996130 -27.757090 0.000000 0.000000 -1.000000 0.000000 1.000000 0.000000 1.000000 0.000000 0.000000 3710.dat
1 71 100.001300 -26.996060 -117.759700 0.000000 0.000000 -1.000012 0.000000 1.000000 0.000000 1.000025 0.000000 0.000000 3021.dat
1 1 100.001300 -18.996060 -147.760000 0.000000 0.000000 -1.000012 0.000000 1.000000 0.000000 1.000025 0.000000 0.000000 3022.dat
1 72 140.000000 -18.996130 2.242920 1.000000 0.000000 0.000000 0.000000 1.000000 0.000000 0.000000 0.000000 1.000000 99780.dat
1 72 180.000000 -18.996130 2.242920 1.000000 0.000000 0.000000 0.000000 1.000000 0.000000 0.000000 0.000000 1.000000 99780.dat
1 72 220.000000 -18.996130 2.242920 1.000000 0.000000 0.000000 0.000000 1.000000 0.000000 0.000000 0.000000 1.000000 99780.dat
1 71 20.000000 -19.377080 -157.590300 0.000000 0.000000 1.000000 0.000000 1.000000 0.000000 -1.000000 0.000000 0.000000 54384.dat
1 71 100.000000 -27.377080 -177.590200 0.000000 0.000000 1.000000 0.000000 1.000000 0.000000 -1.000000 0.000000 0.000000 54384.dat
1 2 -180.005700 -18.996070 -7.758000 1.000022 0.000000 0.000000 0.000000 1.000000 0.000000 0.000000 0.000000 1.000022 3832.dat
1 1 -200.005700 -18.996080 32.243100 1.000022 0.000000 0.000000 0.000000 1.000000 0.000000 0.000000 0.000000 1.000022 2445.dat
1 71 -140.005900 -26.996070 12.242500 1.000022 0.000000 0.000000 0.000000 1.000000 0.000000 0.000000 0.000000 1.000022 3958.dat
1 72 -120.005600 -18.996100 -47.758600 1.000022 0.000000 0.000000 0.000000 1.000000 0.000000 0.000000 0.000000 1.000022 3020.dat
1 71 -220.005800 -18.996100 -57.758960 0.000001 0.000000 1.000022 0.000000 1.000000 0.000000 -1.000022 0.000000 0.000001 54384.dat
1 71 -260.006200 -26.996060 -37.758470 0.000000 0.000000 1.000022 0.000000 1.000000 0.000000 -1.000022 0.000000 0.000000 54384.dat
1 71 -360.013700 -18.996060 52.243200 0.000001 0.000000 1.000022 0.000000 1.000000 0.000000 -1.000022 0.000000 0.000001 6179.dat
1 71 -340.013600 -18.996050 -17.758210 0.000000 0.000000 1.000022 0.000000 1.000000 0.000000 -1.000022 0.000000 0.000000 54384.dat
1 71 -120.005700 -26.996070 82.244210 -1.000022 0.000000 0.000000 0.000000 1.000000 0.000000 0.000000 0.000000 -1.000022 30586.dat
1 71 -120.005700 -18.996070 72.243900 1.000022 0.000000 0.000000 0.000000 1.000000 0.000000 0.000000 0.000000 1.000022 3795.dat
1 71 -280.006400 -26.996050 32.243100 1.000022 0.000000 0.000000 0.000000 1.000000 0.000000 0.000000 0.000000 1.000022 3035.dat
1 71 -140.005900 -26.996080 -77.759510 0.000001 0.000000 1.000022 0.000000 1.000000 0.000000 -1.000022 0.000000 0.000001 54384.dat
1 72 -80.005100 -18.996090 -97.759700 0.000000 0.000000 1.000022 0.000000 1.000000 0.000000 -1.000022 0.000000 0.000000 50305.dat
1 15 29.996000 -18.996090 -97.759200 1.000020 0.000000 0.000000 0.000000 1.000000 0.000000 0.000000 0.000000 1.000020 11212.dat
1 28 49.996310 -26.996080 -77.759010 1.000020 0.000000 0.000000 0.000000 1.000000 0.000000 0.000000 0.000000 1.000020 3024.dat
1 71 -20.005800 -26.996080 -77.764300 1.000020 0.000000 0.000000 0.000000 1.000000 0.000000 0.000000 0.000000 1.000020 3666.dat
1 72 -0.000310 -26.996080 -117.758600 0.000001 0.000000 1.000000 0.000000 1.000000 0.000000 -1.000000 0.000000 0.000001 50305.dat
1 28 350.000100 -34.996140 -7.757020 0.000000 0.000000 -1.000000 0.000000 1.000000 0.000000 1.000000 0.000000 0.000000 3023b.dat
1 28 350.000100 -34.996120 -127.756900 0.000000 0.000000 -1.000000 0.000000 1.000000 0.000000 1.000000 0.000000 0.000000 3023b.dat
1 71 360.000100 -34.996120 -237.756900 1.000000 0.000000 0.000000 0.000000 1.000000 0.000000 0.000000 0.000000 1.000000 43723.dat
1 71 -130.006300 -34.996070 82.244210 1.000000 0.000000 0.000000 0.000000 1.000000 0.000000 0.000000 0.000000 1.000000 63864.dat
1 71 -20.004090 -34.996070 82.244210 1.000000 0.000000 0.000000 0.000000 1.000000 0.000000 0.000000 0.000000 1.000000 4162.dat
1 71 140.000000 -34.996140 82.242820 1.000000 0.000000 0.000000 0.000000 1.000000 0.000000 0.000000 0.000000 1.000000 4162.dat
1 71 300.000000 -34.996140 82.242820 1.000000 0.000000 0.000000 0.000000 1.000000 0.000000 0.000000 0.000000 1.000000 4162.dat
1 71 -100.005200 -34.996090 -47.758560 1.000000 0.000000 0.000000 0.000000 1.000000 0.000000 0.000000 0.000000 1.000000 3068b.dat
1 71 -70.000400 -34.996090 -87.758620 0.000000 0.000000 1.000000 0.000000 1.000000 0.000000 -1.000000 0.000000 0.000000 43723.dat
1 28 200.000000 -35.377080 -157.590200 1.000000 0.000000 0.000000 0.000000 1.000000 0.000000 0.000000 0.000000 1.000000 3023b.dat
1 28 90.000000 -35.377080 -147.590300 0.000000 0.000000 1.000000 0.000000 1.000000 0.000000 -1.000000 0.000000 0.000000 3023b.dat
1 28 90.000000 -34.996100 -7.756770 0.000000 0.000000 -1.000000 0.000000 1.000000 0.000000 1.000000 0.000000 0.000000 3023b.dat
1 28 -20.006010 -34.996090 -77.764300 1.000000 0.000000 0.000000 0.000000 1.000000 0.000000 0.000000 0.000000 1.000000 3023b.dat
1 71 320.000100 -34.996110 -247.756800 1.000000 0.000000 0.000000 0.000000 1.000000 0.000000 0.000000 0.000000 1.000000 41769b.dat
1 71 320.000100 -34.996120 -177.756800 -1.000000 0.000000 0.000000 0.000000 1.000000 0.000000 0.000000 0.000000 -1.000000 43722b.dat
1 71 49.995410 -20.996090 4.244100 -1.000000 0.000000 0.000000 0.000000 0.000000 1.000000 0.000000 1.000000 0.000000 18653.dat
1 71 -70.004620 -20.996090 4.244100 1.000000 0.000000 0.000000 0.000000 0.000000 -1.000000 0.000000 1.000000 0.000000 18653.dat
1 71 49.995410 -0.996140 28.244030 0.000000 0.000000 1.000000 1.000000 0.000000 0.000000 0.000000 1.000000 0.000000 4286.dat
1 71 -70.004620 -0.996080 28.244030 0.000000 0.000000 -1.000000 -1.000000 0.000000 0.000000 0.000000 1.000000 0.000000 4286.dat
1 71 29.995400 -20.996110 52.244030 0.000000 0.000000 1.000000 1.000000 0.000000 0.000000 0.000000 1.000000 0.000000 2420.dat
1 72 -20.004600 -10.996080 52.244030 -1.000000 0.000000 0.000000 0.000000 0.000000 1.000000 0.000000 1.000000 0.000000 3020.dat
1 1 79.999660 -10.996100 -127.759000 1.000000 0.000000 0.000000 0.000000 1.000000 0.000000 0.000000 0.000000 1.000000 3022.dat
1 71 110.001400 -10.996070 -157.759800 1.000000 0.000000 0.000000 0.000000 1.000000 0.000000 0.000000 0.000000 1.000000 2420.dat
1 71 270.000000 -10.996140 12.242900 -1.000000 0.000000 0.000000 0.000000 1.000000 0.000000 0.000000 0.000000 -1.000000 3021.dat
1 71 80.000010 -10.996130 2.242890 0.000000 0.000000 -1.000000 0.000000 1.000000 0.000000 1.000000 0.000000 0.000000 3021.dat
1 320 -90.005060 -10.996080 12.243690 0.000000 0.000000 -1.000000 0.000000 1.000000 0.000000 1.000000 0.000000 0.000000 3666.dat
1 28 280.000000 -10.996130 -167.757000 0.000000 0.000000 -1.000000 0.000000 1.000000 0.000000 1.000000 0.000000 0.000000 2639.dat
1 28 79.999880 -10.996130 -87.757300 0.000000 0.000000 -1.000000 0.000000 1.000000 0.000000 1.000000 0.000000 0.000000 2639.dat
1 71 180.000000 -10.996140 12.242900 1.000000 0.000000 0.000000 0.000000 1.000000 0.000000 0.000000 0.000000 1.000000 3795.dat
1 71 110.000000 -10.996150 -47.757100 0.000000 0.000000 -1.000000 0.000000 1.000000 0.000000 1.000000 0.000000 0.000000 3460.dat
1 71 -60.004600 -10.996070 82.244120 1.000000 0.000000 0.000000 0.000000 1.000000 0.000000 0.000000 0.000000 1.000000 3460.dat
1 71 -60.004600 -2.996110 82.244140 1.000000 0.000000 0.000000 0.000000 1.000000 0.000000 0.000000 0.000000 1.000000 3460.dat
1 72 19.995400 -18.996060 82.244120 1.000000 0.000000 0.000000 0.000000 1.000000 0.000000 0.000000 0.000000 1.000000 99780.dat
1 72 -40.004600 -18.996060 82.244120 1.000000 0.000000 0.000000 0.000000 1.000000 0.000000 0.000000 0.000000 1.000000 99780.dat
1 71 -10.004620 -26.996080 92.244140 0.000000 0.000000 -1.000000 0.000000 1.000000 0.000000 1.000000 0.000000 0.000000 43723b.dat
1 28 -10.004620 -18.996060 82.244120 1.000000 0.000000 0.000000 0.000000 1.000000 0.000000 0.000000 0.000000 1.000000 3024.dat
1 16 190.000000 -9.226900 -11.757070 1.000000 0.000000 0.000000 0.000000 0.000000 -1.000000 0.000000 1.000000 0.000000 submodel group 1 copy 12
1 16 180.454500 -19.467990 -147.590200 1.000000 0.000000 0.000000 0.000000 0.000000 1.000000 0.000000 -1.000000 0.000000 submodel group 2 copy 9
1 16 -3.671180 -17.329440 -91.759270 1.000000 0.000000 0.000000 0.000000 0.000000 1.000000 0.000000 -1.000000 0.000000 submodel group 3 copy 9
0 STEP
1 71 -0.004590 -20.996060 60.244120 -1.000000 0.000000 0.000000 0.000000 0.000000 1.000000 0.000000 1.000000 0.000000 3666.dat
1 71 -10.004600 -20.996080 44.244020 -1.000000 0.000000 0.000000 0.000000 0.000000 1.000000 0.000000 1.000000 0.000000 3070b.dat
1 72 49.995410 -0.996150 4.244100 -1.000000 0.000000 0.000000 0.000000 0.000000 1.000000 0.000000 1.000000 0.000000 3005.dat
1 72 -70.004620 -0.996090 4.244100 -1.000000 0.000000 0.000000 0.000000 0.000000 1.000000 0.000000 1.000000 0.000000 3005.dat
1 71 49.995410 -10.996090 -3.755900 0.000000 0.000000 -1.000000 -1.000000 0.000000 0.000000 0.000000 1.000000 0.000000 3069b.dat
1 71 -70.004580 -10.996120 -3.755900 0.000000 0.000000 -1.000000 -1.000000 0.000000 0.000000 0.000000 1.000000 0.000000 3069b.dat
1 28 100.000000 -2.996140 -27.757110 1.000000 0.000000 0.000000 0.000000 1.000000 0.000000 0.000000 0.000000 1.000000 2476a.dat
1 28 99.999900 -2.996130 -67.757310 1.000000 0.000000 0.000000 0.000000 1.000000 0.000000 0.000000 0.000000 1.000000 2476a.dat
1 28 99.999880 -2.996140 -107.757300 1.000000 0.000000 0.000000 0.000000 1.000000 0.000000 0.000000 0.000000 1.000000 2476a.dat
1 28 350.000100 -18.996140 -157.757000 1.000000 0.000000 0.000000 0.000000 1.000000 0.000000 0.000000 0.000000 1.000000 2476a.dat
1 28 350.000100 -18.996140 -97.756960 1.000000 0.000000 0.000000 0.000000 1.000000 0.000000 0.000000 0.000000 1.000000 2476a.dat
1 28 350.000100 -18.996140 -17.756980 1.000000 0.000000 0.000000 0.000000 1.000000 0.000000 0.000000 0.000000 1.000000 2476a.dat
1 4 100.000000 15.003840 -47.757110 1.000000 0.000000 0.000000 0.000000 -1.000000 0.000000 0.000000 0.000000 -1.000000 32524.dat
1 28 -200.007200 -18.996070 72.244210 1.000000 0.000000 0.000000 0.000000 1.000000 0.000000 0.000000 0.000000 1.000000 2476a.dat
1 28 -280.006600 -18.996040 72.243760 1.000000 0.000000 0.000000 0.000000 1.000000 0.000000 0.000000 0.000000 1.000000 2476a.dat
1 28 -240.005700 -18.996040 72.243760 1.000000 0.000000 0.000000 0.000000 1.000000 0.000000 0.000000 0.000000 1.000000 2476a.dat
1 28 -310.007100 -18.996040 72.243760 0.000000 0.000000 1.000000 0.000000 1.000000 0.000000 -1.000000 0.000000 0.000000 3023b.dat
1 71 -230.005800 -26.996040 92.243760 0.000000 0.000000 1.000000 0.000000 1.000000 0.000000 -1.000000 0.000000 0.000000 43722b.dat
1 28 -300.013100 -26.996060 82.243880 1.000000 0.000000 0.000000 0.000000 1.000000 0.000000 0.000000 0.000000 1.000000 3710.dat
1 71 -280.013100 -50.996060 82.243880 -1.000000 0.000000 0.000000 0.000000 1.000000 0.000000 0.000000 0.000000 -1.000000 15207.dat
1 71 -200.005800 -50.996040 82.243760 -1.000000 0.000000 0.000000 0.000000 1.000000 0.000000 0.000000 0.000000 -1.000000 15207.dat
0 STEP
0 NOFILE
0 FILE 531_
0 531_
0 Name: 531_
0 Author: 
0 CustomBrick
0 FlexibleBrickControlPointUnitLength -1
0 FlexibleBrickLockedControlPoint 
0 NumOfBricks 38
1 71 0.000000 -24.000000 -10.000000 1.000000 0.000000 0.000000 0.000000 1.000000 0.000000 0.000000 0.000000 1.000000 3702.dat
1 1 -20.000000 -14.000000 0.000000 0.000000 0.000000 -1.000000 0.000000 1.000000 0.000000 1.000000 0.000000 0.000000 43093.dat
1 1 60.000020 -14.000000 0.000000 0.000000 0.000000 -1.000000 0.000000 1.000000 0.000000 1.000000 0.000000 0.000000 43093.dat
1 0 20.000000 -14.000000 0.000000 0.000000 0.000000 -1.000000 0.000000 1.000000 0.000000 1.000000 0.000000 0.000000 4459.dat
1 15 -40.000000 0.000000 -40.000000 1.000000 0.000000 0.000000 0.000000 1.000000 0.000000 0.000000 0.000000 1.000000 30503.dat
1 72 -70.000010 -8.000000 -60.000000 0.000000 0.000000 -1.000000 0.000000 1.000000 0.000000 1.000000 0.000000 0.000000 3710.dat
1 71 0.000000 -32.000000 -10.000000 1.000000 0.000000 0.000000 0.000000 1.000000 0.000000 0.000000 0.000000 1.000000 3460.dat
1 0 -70.000020 -32.000000 -80.000020 0.000000 0.000000 1.000000 0.000000 1.000000 0.000000 -1.000000 0.000000 0.000000 30414.dat
1 1 -70.000010 -32.000000 -30.000000 0.000000 0.000000 1.000000 0.000000 1.000000 0.000000 -1.000000 0.000000 0.000000 87087.dat
1 19 -70.000030 -40.000000 -40.000030 0.000000 0.000000 1.000000 0.000000 1.000000 0.000000 -1.000000 0.000000 0.000000 3460.dat
1 28 -88.000060 -22.000000 20.000000 0.000000 1.000000 0.000000 0.000000 0.000000 -1.000000 -1.000000 0.000000 0.000000 3023b.dat
1 28 -70.000060 -48.000000 20.000000 0.000000 0.000000 1.000000 0.000000 1.000000 0.000000 -1.000000 0.000000 0.000000 3023b.dat
1 71 -70.000060 -32.000000 20.000000 0.000000 0.000000 1.000000 0.000000 1.000000 0.000000 -1.000000 0.000000 0.000000 11211.dat
1 19 20.000000 -40.000000 -10.000000 1.000000 0.000000 0.000000 0.000000 1.000000 0.000000 0.000000 0.000000 1.000000 3460.dat
1 71 -88.000030 -12.000000 -30.000010 0.000000 1.000000 0.000000 0.000000 0.000000 -1.000000 -1.000000 0.000000 0.000000 3021.dat
1 71 39.999940 -48.000030 -60.000060 0.000000 0.000000 -1.000000 0.000000 1.000000 0.000000 1.000000 0.000000 0.000000 30356.dat
1 71 -50.000180 -56.000000 -120.000600 0.000000 0.000000 -1.000002 0.000000 1.000000 0.000000 1.000007 0.000000 0.000000 43722b.dat
1 71 -30.000120 -56.000020 -70.000360 0.000000 0.000000 1.000002 0.000000 1.000000 0.000000 -1.000007 0.000000 0.000000 63864.dat
1 71 150.000400 -56.000060 -30.000120 0.000000 0.000000 1.000002 0.000000 1.000000 0.000000 -1.000007 0.000000 0.000000 63864.dat
1 71 150.000400 -40.000060 -30.000120 0.000000 0.000000 1.000002 0.000000 1.000000 0.000000 -1.000007 0.000000 0.000000 3623.dat
1 71 -40.000050 -56.000000 -0.000030 -1.000000 0.000000 0.000000 0.000000 1.000000 0.000000 0.000000 0.000000 -1.000000 6179.dat
1 71 59.999960 -56.000020 -0.000070 -1.000000 0.000000 0.000000 0.000000 1.000000 0.000000 0.000000 0.000000 -1.000000 6179.dat
1 0 -78.000010 -11.999990 -140.000000 0.000000 1.000000 0.000000 -1.000000 0.000000 0.000000 0.000000 0.000000 1.000000 4459.dat
1 71 -88.000010 -12.000000 -100.000000 0.000000 1.000000 0.000000 1.000000 0.000000 0.000000 0.000000 0.000000 -1.000000 98286.dat
1 16 32.505500 -16.000020 -79.598460 0.947763 -0.318957 0.000000 0.000000 0.000000 -1.000000 0.318957 0.947763 0.000000 submodel group 1 copy 15
1 16 -80.000020 -32.000000 -20.000020 0.000000 1.000000 0.000000 0.000000 0.000000 -1.000000 -1.000000 0.000000 0.000000 submodel group 2 copy 10
1 71 -96.000040 -31.999990 -60.000020 0.000000 1.000000 0.000000 -1.000000 0.000000 0.000000 0.000000 0.000000 1.000000 3068b.dat
1 71 -96.000060 -21.999990 -120.000000 0.000000 1.000000 0.000000 0.000000 0.000000 -1.000000 -1.000000 0.000000 0.000000 88646.dat
0 NOFILE
0 FILE 550_
0 550_
0 Name: 550_
0 Author: 
0 CustomBrick
0 FlexibleBrickControlPointUnitLength -1
0 FlexibleBrickLockedControlPoint 
0 NumOfBricks 19
1 72 0.000000 -33.863240 7.179510 1.000000 0.000000 0.000000 0.000000 1.000000 0.000000 0.000000 0.000000 1.000000 3703.dat
1 72 140.000000 -33.863250 37.179500 0.000000 0.000000 1.000000 0.000000 1.000000 0.000000 -1.000000 0.000000 0.000000 6232.dat
1 72 80.000000 -33.863250 37.179490 0.000000 0.000000 1.000000 0.000000 1.000000 0.000000 -1.000000 0.000000 0.000000 6232.dat
1 72 20.000000 -33.863250 37.179500 0.000000 0.000000 1.000000 0.000000 1.000000 0.000000 -1.000000 0.000000 0.000000 6232.dat
1 28 140.000000 -41.863240 17.179500 0.000000 0.000000 1.000000 0.000000 1.000000 0.000000 -1.000000 0.000000 0.000000 3020.dat
1 28 80.000000 -41.863250 47.179480 1.000000 0.000000 0.000000 0.000000 1.000000 0.000000 0.000000 0.000000 1.000000 3023b.dat
1 28 19.999990 -41.863250 47.179490 1.000000 0.000000 0.000000 0.000000 1.000000 0.000000 0.000000 0.000000 1.000000 3023b.dat
1 19 -40.000000 -41.863240 17.179500 1.000000 0.000000 0.000000 0.000000 1.000000 0.000000 0.000000 0.000000 1.000000 4282.dat
1 71 120.000000 -49.863240 17.179490 -1.000000 0.000000 0.000000 0.000000 1.000000 0.000000 0.000000 0.000000 -1.000000 6179.dat
1 71 40.000000 -49.863240 17.179490 -1.000000 0.000000 0.000000 0.000000 1.000000 0.000000 0.000000 0.000000 -1.000000 6179.dat
1 71 -40.000000 -49.863240 17.179490 -1.000000 0.000000 0.000000 0.000000 1.000000 0.000000 0.000000 0.000000 -1.000000 6179.dat
1 71 -120.000000 -49.863240 17.179490 -1.000000 0.000000 0.000000 0.000000 1.000000 0.000000 0.000000 0.000000 -1.000000 6179.dat
1 71 -200.000000 -49.863240 27.179490 1.000000 0.000000 0.000000 0.000000 1.000000 0.000000 0.000000 0.000000 1.000000 88646.dat
1 71 -190.000000 -33.863250 17.179500 1.000002 0.000000 0.000000 0.000000 1.000000 0.000000 0.000000 0.000000 1.000002 3021.dat
1 1 140.000000 -9.863250 37.179500 0.000000 0.000000 1.000000 -1.000000 0.000000 0.000000 0.000000 -1.000000 0.000000 43093.dat
1 1 80.000000 -9.863250 37.179500 0.000000 0.000000 1.000000 -1.000000 0.000000 0.000000 0.000000 -1.000000 0.000000 43093.dat
1 1 20.000000 -9.863250 37.179500 0.000000 0.000000 1.000000 -1.000000 0.000000 0.000000 0.000000 -1.000000 0.000000 43093.dat
1 72 -209.999900 -41.863270 17.179440 0.000000 0.000000 1.000000 0.000000 1.000000 0.000000 -1.000000 0.000000 0.000000 32028.dat
1 72 60.000020 -73.863230 -12.820510 1.000000 0.000000 0.000000 0.000000 1.000000 0.000000 0.000000 0.000000 1.000000 15207.dat
0 NOFILE
0 FILE 556
0 556
0 Name: 556
0 Author: 
0 CustomBrick
0 FlexibleBrickControlPointUnitLength -1
0 FlexibleBrickLockedControlPoint 
0 NumOfBricks 38
1 16 32.804720 -33.999990 -22.020140 1.000000 0.000000 0.000000 0.000000 1.000000 0.000000 0.000000 0.000000 1.000000 submodel group 3_mirrored
0 NOFILE
0 FILE 575
0 575
0 Name: 575
0 Author: 
0 CustomBrick
0 FlexibleBrickControlPointUnitLength -1
0 FlexibleBrickLockedControlPoint 
0 NumOfBricks 19
1 16 -10.000000 -41.999990 -10.000000 1.000000 0.000000 0.000000 0.000000 1.000000 0.000000 0.000000 0.000000 1.000000 submodel group 1_mirrored copy
0 NOFILE
0 FILE 440
0 440
0 Name: 440
0 Author: 
0 CustomBrick
0 FlexibleBrickControlPointUnitLength -1
0 FlexibleBrickLockedControlPoint 
0 NumOfBricks 221
0 STEP
0 STEP
0 STEP
0 STEP
0 STEP
0 STEP
0 STEP
0 STEP
0 STEP
1 16 696.459000 215.999900 -575.502300 0.999699 0.000000 0.024432 0.000000 1.000000 0.000000 -0.024432 0.000000 0.999699 submodel group 19 copy 2
0 STEP
1 16 286.625700 205.933000 -721.736400 0.913546 0.000000 0.406737 0.000000 1.000000 0.000000 -0.406737 0.000000 0.913546 submodel group 20 copy 2
0 STEP
0 STEP
0 STEP
0 STEP
0 STEP
0 STEP
0 STEP
0 STEP
0 STEP
0 STEP
0 STEP
0 STEP
0 STEP
0 NOFILE
0 FILE 581_
0 581_
0 Name: 581_
0 Author: 
0 CustomBrick
0 FlexibleBrickControlPointUnitLength -1
0 FlexibleBrickLockedControlPoint 
0 NumOfBricks 33
1 16 5.960620 -19.315050 -59.999830 1.000000 0.000000 0.000000 0.000000 1.000000 0.000000 0.000000 0.000000 1.000000 submodel group 3 copy 10
0 STEP
0 STEP
1 16 9.558260 1.684890 -113.800000 1.000000 0.000000 0.000000 0.000000 1.000000 0.000000 0.000000 0.000000 1.000000 submodel group 4 copy 8
0 STEP
0 STEP
0 NOFILE
0 FILE 581__
0 581__
0 Name: 581__
0 Author: 
0 CustomBrick
0 FlexibleBrickControlPointUnitLength -1
0 FlexibleBrickLockedControlPoint 
0 NumOfBricks 33
1 16 5.960620 -19.315050 -59.999830 1.000000 0.000000 0.000000 0.000000 1.000000 0.000000 0.000000 0.000000 1.000000 submodel group 3 copy 13
0 STEP
0 STEP
1 16 9.558260 1.684890 -113.800000 1.000000 0.000000 0.000000 0.000000 1.000000 0.000000 0.000000 0.000000 1.000000 submodel group 4 copy 9
0 STEP
0 STEP
0 NOFILE
0 FILE 594_
0 594_
0 Name: 594_
0 Author: 
0 CustomBrick
0 FlexibleBrickControlPointUnitLength -1
0 FlexibleBrickLockedControlPoint 
0 NumOfBricks 33
0 STEP
0 STEP
0 STEP
1 16 30.499990 -60.499980 29.999870 -1.000000 0.000000 0.000000 0.000000 1.000000 0.000000 0.000000 0.000000 -1.000000 submodel group 3_mirrored copy
1 16 60.000000 -19.500020 70.000000 -1.000000 0.000000 0.000000 0.000000 1.000000 0.000000 0.000000 0.000000 -1.000000 submodel group 4_mirrored
0 STEP
0 NOFILE
0 FILE 594_ Copy
0 594_ Copy
0 Name: 594_ Copy
0 Author: 
0 CustomBrick
0 FlexibleBrickControlPointUnitLength -1
0 FlexibleBrickLockedControlPoint 
0 NumOfBricks 33
0 STEP
0 STEP
0 STEP
1 16 30.499990 -60.499980 29.999870 -1.000000 0.000000 0.000000 0.000000 1.000000 0.000000 0.000000 0.000000 -1.000000 submodel group 3_mirrored copy
1 16 60.000000 -19.500020 70.000000 -1.000000 0.000000 0.000000 0.000000 1.000000 0.000000 0.000000 0.000000 -1.000000 submodel group 4_mirrored
0 STEP
0 NOFILE
0 FILE 607_
0 607_
0 Name: 607_
0 Author: 
0 CustomBrick
0 FlexibleBrickControlPointUnitLength -1
0 FlexibleBrickLockedControlPoint 
0 NumOfBricks 24
0 STEP
1 16 -40.000000 0.000000 8.333310 1.000000 0.000000 0.000000 0.000000 1.000000 0.000000 0.000000 0.000000 1.000000 submodel group 1 copy 19
0 STEP
0 NOFILE
0 FILE 617
0 617
0 Name: 617
0 Author: 
0 CustomBrick
0 FlexibleBrickControlPointUnitLength -1
0 FlexibleBrickLockedControlPoint 
0 NumOfBricks 23
1 72 -20.000070 -48.000050 -50.000000 1.000000 0.000000 0.000000 0.000000 0.000000 -1.000000 0.000000 1.000000 0.000000 30553.dat
0 STEP
1 16 1.909100 0.000000 -29.818210 1.000000 0.000000 0.000000 0.000000 1.000000 0.000000 0.000000 0.000000 1.000000 submodel group 1 copy 20
0 STEP
0 NOFILE
0 FILE 626
0 626
0 Name: 626
0 Author: 
0 CustomBrick
0 FlexibleBrickControlPointUnitLength -1
0 FlexibleBrickLockedControlPoint 
0 NumOfBricks 28
0 STEP
0 STEP
1 16 -31.714270 0.000000 -29.785710 1.000000 0.000000 0.000000 0.000000 1.000000 0.000000 0.000000 0.000000 1.000000 submodel group 1 copy 21
0 STEP
0 NOFILE
0 FILE 637_
0 637_
0 Name: 637_
0 Author: 
0 CustomBrick
0 FlexibleBrickControlPointUnitLength -1
0 FlexibleBrickLockedControlPoint 
0 NumOfBricks 27
1 16 -34.148150 0.000000 -42.914400 1.000000 0.000000 0.000000 0.000000 1.000000 0.000000 0.000000 0.000000 1.000000 submodel group 1 copy 22
0 NOFILE
0 FILE 647_
0 647_
0 Name: 647_
0 Author: 
0 CustomBrick
0 FlexibleBrickControlPointUnitLength -1
0 FlexibleBrickLockedControlPoint 
0 NumOfBricks 19
1 72 0.000000 -8.000000 -20.000000 1.000000 0.000000 0.000000 0.000000 1.000000 0.000000 0.000000 0.000000 1.000000 3034.dat
1 72 60.000000 -40.000000 -10.000000 1.000000 0.000000 0.000000 0.000000 1.000000 0.000000 0.000000 0.000000 1.000000 2432.dat
1 72 0.000010 -32.000000 -10.000000 1.000000 0.000000 0.000000 0.000000 1.000000 0.000000 0.000000 0.000000 1.000000 15207.dat
1 0 -50.000000 -16.000000 -30.000000 0.707107 0.000000 -0.707107 0.000000 1.000000 0.000000 0.707107 0.000000 0.707107 15712.dat
1 72 0.000000 0.000000 -80.000000 1.000000 0.000000 0.000000 0.000000 1.000000 0.000000 0.000000 0.000000 1.000000 3027.dat
1 72 0.000000 -8.000000 -50.000000 1.000000 0.000000 0.000000 0.000000 1.000000 0.000000 0.000000 0.000000 1.000000 2412b.dat
1 0 -70.000000 -8.000000 -70.000000 0.406737 0.000000 -0.913546 0.000000 1.000000 0.000000 0.913546 0.000000 0.406737 15712.dat
1 0 -89.999980 -8.000000 -110.000000 0.000000 0.000000 -1.000000 0.000000 1.000000 0.000000 1.000000 0.000000 0.000000 15712.dat
1 0 -50.000000 -8.000000 -110.000000 0.866027 0.000000 0.500001 0.000000 1.000000 0.000000 -0.500001 0.000000 0.866027 15712.dat
1 0 -30.000000 -8.000000 -70.000000 0.406737 0.000000 -0.913546 0.000000 1.000000 0.000000 0.913546 0.000000 0.406737 15712.dat
1 0 9.497049 -8.000000 -111.056800 0.452434 0.000000 -0.891795 0.000000 1.000000 0.000000 0.891795 0.000000 0.452434 15712.dat
1 0 49.697580 -8.000000 -110.615900 0.453990 0.000000 -0.891004 0.000000 1.000000 0.000000 0.891005 0.000000 0.453990 15712.dat
1 72 2.928720 -14.000000 -86.785930 -0.064752 0.449349 -0.891006 -0.989776 -0.142629 0.000000 -0.127083 0.881897 0.453991 11090.dat
1 72 26.847640 -21.592380 -39.841970 -0.154253 -0.449354 -0.879943 0.959969 0.142631 -0.241115 0.233854 -0.881891 0.409345 48729b.dat
1 72 5.929860 -14.000000 -109.247000 0.452435 0.891797 0.000000 0.000000 0.000000 1.000000 0.891797 -0.452435 0.000000 63965.dat
1 72 46.133540 -14.000000 -108.799900 0.453991 0.891006 0.000000 0.000000 0.000000 1.000000 0.891006 -0.453990 0.000000 63965.dat
1 72 66.066690 -10.845800 -58.086500 0.422745 0.879944 -0.216766 -0.004256 0.241116 0.970487 0.906239 -0.409345 0.105676 63965.dat
1 72 -86.999980 -14.000000 -110.000000 0.000000 -1.000000 0.000000 -1.000000 0.000000 0.000000 0.000000 0.000000 -1.000000 95199.dat
1 72 -49.000000 -14.000000 -108.268000 -0.500000 -0.866026 0.000000 0.000000 0.000000 1.000000 -0.866025 0.500000 0.000000 30375.dat
0 NOFILE
0 FILE 654
0 654
0 Name: 654
0 Author: 
0 CustomBrick
0 FlexibleBrickControlPointUnitLength -1
0 FlexibleBrickLockedControlPoint 
0 NumOfBricks 196
0 STEP
0 STEP
0 STEP
1 16 -124.129300 -10.190340 201.504100 1.000000 0.000000 0.000000 0.000000 1.000000 0.000000 0.000000 0.000000 1.000000 submodel group 5 copy 5
0 STEP
0 STEP
0 STEP
0 NOFILE
0 FILE 690
0 690
0 Name: 690
0 Author: 
0 CustomBrick
0 FlexibleBrickControlPointUnitLength -1
0 FlexibleBrickLockedControlPoint 
0 NumOfBricks 196
0 STEP
0 STEP
0 STEP
0 STEP
0 STEP
0 STEP
0 STEP
1 16 -481.783800 -8.000000 -550.438500 1.000000 0.000000 0.000000 0.000000 1.000000 0.000000 0.000000 0.000000 1.000000 submodel group 1 copy 23
0 STEP
0 STEP
0 NOFILE
0 FILE SubModel Group 115
0 SubModel Group 115
0 Name: SubModel Group 115
0 Author: 
0 CustomBrick
0 FlexibleBrickControlPointUnitLength -1
0 FlexibleBrickLockedControlPoint 
0 NumOfBricks 4
1 71 3.671690 -18.547560 -40.514120 0.000000 -0.819117 -0.573628 0.000000 0.573628 -0.819117 1.000000 0.000001 0.000000 30377.dat
1 16 13.671650 -13.555490 7.405850 1.000000 0.000000 0.000000 0.000000 1.000000 0.000000 0.000000 0.000000 1.000000 submodel group 114
1 71 3.671640 -18.547620 53.405870 0.000000 -0.819117 -0.573628 0.000000 0.573628 -0.819117 1.000000 0.000001 0.000000 30377.dat
0 NOFILE
0 FILE SubModel Group 115_Mirrored
0 SubModel Group 115_Mirrored
0 Name: SubModel Group 115_Mirrored
0 Author: 
0 CustomBrick
0 FlexibleBrickControlPointUnitLength -1
0 FlexibleBrickLockedControlPoint 
0 NumOfBricks 4
1 71 -5.203140 -9.917689 -47.920100 0.000000 0.819116 0.573628 0.000000 0.573628 -0.819116 -1.000000 0.000001 0.000000 30377.dat
1 16 -15.199260 -17.921550 -0.000150 1.000000 0.000000 0.000000 0.000000 1.000000 0.000000 0.000000 0.000000 1.000000 submodel group 114_mirrored
1 71 -5.203110 -9.917720 45.999920 0.000000 0.819116 0.573628 0.000000 0.573628 -0.819116 -1.000000 0.000001 0.000000 30377.dat
0 NOFILE
0 FILE 728_
0 728_
0 Name: 728_
0 Author: 
0 CustomBrick
0 FlexibleBrickControlPointUnitLength -1
0 FlexibleBrickLockedControlPoint 
0 NumOfBricks 77
1 15 141.026600 -12.214300 320.000400 0.999999 0.000001 0.000000 0.000000 0.999998 0.000000 0.000000 0.000000 1.000003 3738.dat
1 71 161.026500 -36.214220 320.000400 0.999999 0.000001 0.000000 0.000000 0.999998 0.000000 0.000000 0.000000 1.000003 92947.dat
1 71 121.026500 -36.214210 320.000400 0.999999 0.000001 0.000000 0.000000 0.999998 0.000000 0.000000 0.000000 1.000003 92947.dat
1 1 141.026600 -44.214210 320.000400 0.999999 0.000001 0.000000 0.000000 0.999998 0.000000 0.000000 0.000000 1.000003 3709b.dat
1 4 201.026600 -44.214180 310.000400 0.999999 0.000001 0.000000 0.000000 0.999998 0.000000 0.000000 0.000000 1.000003 11458.dat
1 4 81.026460 -44.214200 310.000400 -0.999999 0.000001 0.000000 0.000000 0.999998 0.000000 0.000000 0.000000 -1.000003 11458.dat
1 72 191.026600 -36.214180 310.000400 0.000000 0.000001 -0.999999 0.000000 0.999998 0.000000 1.000003 0.000000 0.000000 3665.dat
1 72 91.026490 -36.214220 310.000400 0.000000 0.000001 0.999999 0.000000 0.999998 0.000000 -1.000003 0.000000 0.000000 3665.dat
1 72 141.026600 -52.214160 330.000400 0.999999 0.000001 0.000000 0.000000 0.999998 0.000000 0.000000 0.000000 1.000003 3710.dat
1 72 141.026600 -52.214160 310.000400 0.999999 0.000001 0.000000 0.000000 0.999998 0.000000 0.000000 0.000000 1.000003 3666.dat
1 71 141.026600 -84.214110 330.000400 0.999999 0.000001 0.000000 0.000000 0.999998 0.000000 0.000000 0.000000 1.000003 6636.dat
1 71 141.026600 -76.214120 320.000400 0.999999 0.000001 0.000000 0.000000 0.999998 0.000000 0.000000 0.000000 1.000003 2456.dat
1 71 141.026600 -84.214110 160.000100 0.000000 0.000001 0.999998 0.000000 0.999998 0.000000 -1.000000 0.000000 0.000000 3027.dat
1 15 141.026600 -12.214300 0.000090 0.999998 0.000001 0.000000 0.000000 0.999998 0.000000 0.000000 0.000000 1.000000 3738.dat
1 1 121.026600 -44.214210 -29.999920 -0.999998 0.000001 0.000000 0.000000 0.999998 0.000000 0.000000 0.000000 -1.000000 11215.dat
1 1 161.026500 -44.214160 -29.999910 -0.999998 0.000001 0.000000 0.000000 0.999998 0.000000 0.000000 0.000000 -1.000000 11215.dat
1 71 121.026600 -44.214210 0.000090 0.999998 0.000001 0.000000 0.000000 0.999998 0.000000 0.000000 0.000000 1.000000 92947.dat
1 71 161.026500 -44.214160 0.000110 0.999998 0.000001 0.000000 0.000000 0.999998 0.000000 0.000000 0.000000 1.000000 92947.dat
1 4 201.026100 -44.214180 9.999740 0.999998 0.000001 0.000000 0.000000 0.999998 0.000000 0.000000 0.000000 1.000000 11458.dat
1 72 191.026500 -36.214180 10.000120 0.000000 0.000001 -1.000000 0.000000 0.999998 0.000000 1.000003 0.000000 0.000000 3665.dat
1 4 81.026580 -44.214200 9.999909 -0.999998 0.000001 0.000000 0.000000 0.999998 0.000000 0.000000 0.000000 -1.000000 11458.dat
1 72 91.026660 -36.214220 10.000140 0.000000 0.000001 0.999999 0.000000 0.999998 0.000000 -1.000003 0.000000 0.000000 3665.dat
1 19 141.026600 -52.214160 -19.999910 0.999998 0.000001 0.000000 0.000000 0.999998 0.000000 0.000000 0.000000 1.000000 3032.dat
1 71 141.026600 -52.214160 -69.999900 0.999998 0.000001 0.000000 0.000000 0.999998 0.000000 0.000000 0.000000 1.000000 30586.dat
1 71 141.026600 -76.214120 0.000110 0.999998 0.000001 0.000000 0.000000 0.999998 0.000000 0.000000 0.000000 1.000000 2456.dat
1 84 191.026500 -76.214120 -29.999900 0.000000 0.000001 -0.999998 0.000000 0.999998 0.000000 1.000000 0.000000 0.000000 3040b.dat
1 84 91.026630 -76.214140 -29.999880 0.000000 0.000001 0.999998 0.000000 0.999998 0.000000 -1.000000 0.000000 0.000000 3040b.dat
1 72 141.026600 -76.214120 -49.999880 0.999998 0.000001 0.000000 0.000000 0.999998 0.000000 0.000000 0.000000 1.000000 3037.dat
1 71 191.026500 -76.214120 -49.999900 0.999998 0.000001 0.000000 0.000000 0.999998 0.000000 0.000000 0.000000 1.000000 3045.dat
1 71 91.026630 -76.214140 -49.999850 0.000000 0.000001 0.999998 0.000000 0.999998 0.000000 -1.000000 0.000000 0.000000 3045.dat
1 71 111.026600 -84.214110 -29.999910 0.999998 0.000001 0.000000 0.000000 0.999998 0.000000 0.000000 0.000000 1.000000 11212.dat
1 71 171.026500 -84.214110 -29.999920 0.999998 0.000001 0.000000 0.000000 0.999998 0.000000 0.000000 0.000000 1.000000 11212.dat
1 16 238.307600 -49.311280 160.000400 -0.564965 0.825109 0.000000 -0.825109 -0.564964 0.000000 0.000000 0.000000 1.000000 submodel group 1 copy 24
1 16 62.053170 -44.238700 160.000000 -0.564967 -0.825114 0.000000 0.825114 -0.564967 0.000000 0.000000 0.000000 1.000000 submodel group 1_mirrored copy 3
1 0 161.026600 -14.214290 320.000400 0.000000 1.000000 0.000000 -1.000000 0.000000 0.000000 0.000000 0.000000 1.000000 18651.dat
1 0 121.026600 -14.214300 320.000400 0.000000 1.000000 0.000000 -1.000000 0.000000 0.000000 0.000000 0.000000 1.000000 18651.dat
1 0 161.026500 -14.634190 0.000100 0.000000 1.000000 0.000000 -1.000000 0.000000 0.000000 0.000000 0.000000 1.000000 18651.dat
1 0 121.026700 -13.674240 0.000080 0.000000 1.000000 0.000000 -1.000000 0.000000 0.000000 0.000000 0.000000 1.000000 18651.dat
1 72 141.026500 -92.214110 -49.999920 1.000000 0.000000 0.000000 0.000000 1.000000 0.000000 0.000000 0.000000 1.000000 2431.dat
1 72 131.026600 -108.214100 -9.999909 1.000000 0.000000 0.000000 0.000000 1.000000 0.000000 0.000000 0.000000 1.000000 59900.dat
1 72 151.026500 -108.214100 -9.999920 1.000000 0.000000 0.000000 0.000000 1.000000 0.000000 0.000000 0.000000 1.000000 59900.dat
1 71 141.026500 -108.214100 20.000080 1.000000 0.000000 0.000000 0.000000 1.000000 0.000000 0.000000 0.000000 1.000000 30367c.dat
1 72 181.026400 -92.214110 0.000080 1.000000 0.000000 0.000000 0.000000 1.000000 0.000000 0.000000 0.000000 1.000000 3068b.dat
1 72 101.026600 -92.214110 0.000090 1.000000 0.000000 0.000000 0.000000 1.000000 0.000000 0.000000 0.000000 1.000000 3068b.dat
1 71 141.026500 -92.214110 -29.999920 1.000000 0.000000 0.000000 0.000000 1.000000 0.000000 0.000000 0.000000 1.000000 3743.dat
0 NOFILE
0 FILE 746
0 746
0 Name: 746
0 Author: 
0 CustomBrick
0 FlexibleBrickControlPointUnitLength -1
0 FlexibleBrickLockedControlPoint 
0 NumOfBricks 148
1 16 20.195070 -34.857520 69.999780 0.999944 0.010471 0.000000 0.010471 -0.999944 0.000000 0.000000 0.000000 -1.000000 submodel group 2 copy 16
1 0 50.016830 -164.994100 29.999530 0.000000 0.238443 0.971156 0.000000 0.971156 -0.238443 -1.000000 0.000000 0.000000 4459.dat
1 0 50.016910 -164.993500 110.000300 0.000000 0.107905 0.994161 0.000000 0.994161 -0.107905 -1.000000 0.000000 0.000000 4459.dat
1 16 149.061200 -18.759730 69.631400 1.000000 0.000000 0.000000 0.000000 1.000000 -0.000001 0.000000 0.000001 1.000000 submodel group 3 copy 15
1 16 -179.288800 19.240410 71.624740 0.000000 0.000000 -1.000000 0.000000 1.000000 0.000000 1.000000 0.000000 0.000000 submodel group 5 copy 6
1 16 -11.538790 -47.154930 -9.844299 -1.000000 0.000000 0.000000 0.000000 0.694659 -0.719340 0.000000 -0.719340 -0.694659 submodel group 6_mirrored
1 16 89.554780 -18.231360 68.142320 0.999944 -0.010564 0.000000 0.010564 0.999944 0.000000 0.000000 0.000000 1.000000 submodel group 7 copy 4
0 STEP
1 16 76.705400 -77.249600 79.499950 0.999939 -0.011074 -0.000001 0.011074 0.999939 0.000000 0.000001 0.000000 1.000000 submodel group 8 copy 4
1 16 -11.538920 -47.154960 149.843900 1.000000 0.000000 0.000000 0.000000 0.694659 -0.719340 0.000000 0.719340 0.694658 submodel group 6_mirrored_mirrored
0 STEP
0 NOFILE
0 FILE 773
0 773
0 Name: 773
0 Author: 
0 CustomBrick
0 FlexibleBrickControlPointUnitLength -1
0 FlexibleBrickLockedControlPoint 
0 NumOfBricks 253
1 16 -93.497730 -273.921600 -49.864500 0.000000 0.000000 -1.000000 0.000000 -0.999999 0.000000 -0.999999 0.000000 0.000000 submodel group 1 copy 26
1 16 44.632040 -282.921400 -162.320700 0.000000 0.000000 -1.000000 0.000000 -0.999999 0.000000 -0.999999 0.000000 0.000000 submodel group 2 copy 17
1 71 -7.831550 -241.920500 -54.197880 0.000000 0.000000 -1.000000 0.000000 -0.999999 0.000000 -0.999999 0.000000 0.000000 3003.dat
1 19 -67.831540 -243.921100 -22.197900 1.000000 0.000000 0.000000 0.000000 0.000000 0.999999 0.000000 -1.000000 0.000000 4477.dat
1 71 -67.831840 -253.921100 -14.197820 1.000000 0.000000 0.000000 0.000000 0.000000 0.999999 0.000000 -0.999999 0.000000 3832.dat
1 71 -67.831520 -253.920400 -294.197700 -1.000000 0.000000 0.000000 0.000000 0.000000 0.999999 0.000000 1.000000 0.000000 3832.dat
1 71 -67.831620 -253.920400 -286.197600 -1.000000 0.000000 0.000000 0.000000 0.000000 0.999999 0.000000 1.000000 0.000000 3832.dat
1 71 -27.831750 -263.921100 -22.197810 1.000000 0.000000 0.000000 0.000000 0.000000 0.999999 0.000000 -1.000000 0.000000 3666.dat
1 72 -127.831500 -263.921100 -22.197810 1.000000 0.000000 0.000000 0.000000 0.000000 0.999999 0.000000 -1.000000 0.000000 3710.dat
1 71 -67.831520 -253.920400 -318.197700 1.000000 0.000000 0.000000 0.000000 0.000000 -0.999999 0.000000 1.000000 0.000000 2456.dat
1 72 2.168480 -243.920400 -318.197800 0.000000 0.000000 -1.000000 -0.999999 0.000000 0.000000 0.000000 1.000000 0.000000 4286.dat
1 72 -137.831300 -243.920500 -318.197800 0.000000 0.000000 1.000000 0.999999 0.000000 0.000000 0.000000 1.000000 0.000000 4286.dat
1 71 -137.831500 -263.920400 -318.197700 0.000000 0.000000 1.000000 0.999999 0.000000 0.000000 0.000000 1.000000 0.000000 4286.dat
1 71 2.168440 -263.920400 -318.197800 0.000000 0.000000 -1.000000 -0.999999 0.000000 0.000000 0.000000 1.000000 0.000000 4286.dat
1 71 -67.831840 -253.921100 9.802179 -1.000000 0.000000 0.000000 0.000000 0.000000 -1.000000 0.000000 -1.000000 0.000000 2456.dat
1 72 -137.831400 -253.920400 9.802179 0.000000 0.000000 1.000000 -1.000000 0.000000 0.000000 0.000000 -1.000000 0.000000 3298.dat
1 72 2.168150 -243.921100 9.802219 0.000000 0.000000 -1.000000 1.000000 0.000000 0.000000 0.000000 -1.000000 0.000000 4286.dat
1 71 2.168150 -263.921100 9.802219 0.000000 0.000000 -1.000000 1.000000 0.000000 0.000000 0.000000 -1.000000 0.000000 4286.dat
1 71 -67.831720 -253.920800 -326.197800 1.000000 0.000000 0.000000 0.000000 0.000000 -1.000000 0.000000 1.000000 0.000000 3020.dat
1 71 -67.831320 -253.920400 -334.197800 0.000000 0.000000 1.000002 1.000000 0.000000 0.000000 0.000000 1.000000 0.000000 3022.dat
1 71 -107.831400 -243.920400 -342.197800 0.000000 0.000000 1.000002 0.999998 0.000000 0.000000 0.000000 0.999998 0.000000 61678.dat
1 71 -27.831320 -243.920600 -342.197600 0.000000 0.000000 -1.000002 -0.999997 0.000000 0.000000 0.000000 0.999998 0.000000 61678.dat
1 72 -107.831400 -263.920400 -342.197700 0.000000 0.000000 1.000002 1.000000 0.000000 0.000000 0.000000 1.000000 0.000000 61678.dat
1 72 -27.831320 -263.920400 -342.197700 0.000000 0.000000 -1.000002 -1.000000 0.000000 0.000000 0.000000 1.000000 0.000000 61678.dat
1 71 -67.831540 -253.920400 17.802180 -1.000000 0.000000 0.000000 0.000000 0.000000 -1.000000 0.000000 -1.000000 0.000000 3020.dat
1 71 -67.831340 -253.920400 25.802180 0.000000 0.000000 -1.000000 1.000002 0.000000 0.000000 0.000000 -1.000000 0.000000 3022.dat
1 71 -27.831340 -243.920400 33.802180 0.000000 0.000000 -1.000000 1.000002 0.000000 0.000000 0.000000 -1.000000 0.000000 61678.dat
1 71 -107.831400 -243.920400 33.802180 0.000000 0.000000 1.000000 -1.000002 0.000000 0.000000 0.000000 -1.000000 0.000000 61678.dat
1 72 -27.831340 -263.920400 33.802180 0.000000 0.000000 -1.000000 1.000002 0.000000 0.000000 0.000000 -1.000000 0.000000 61678.dat
1 72 -107.831400 -263.920400 33.802180 0.000000 0.000000 1.000000 -1.000002 0.000000 0.000000 0.000000 -1.000000 0.000000 61678.dat
1 16 -69.831430 -252.920800 -59.974820 0.000000 0.000000 -1.000000 0.000000 -1.000000 0.000000 -1.000000 0.000000 0.000000 submodel group 3 copy 16
1 16 -69.831620 -252.920600 -248.420900 0.000000 0.000000 1.000000 0.000000 -1.000000 0.000000 1.000000 0.000000 0.000000 submodel group 4 copy 13
1 16 -44.093820 -273.919500 -154.059100 0.000000 0.000000 -1.000000 0.000000 1.000000 0.000000 1.000000 0.000000 0.000000 submodel group 7 copy 5
0 NOFILE
0 FILE 825_
0 825_
0 Name: 825_
0 Author: 
0 CustomBrick
0 FlexibleBrickControlPointUnitLength -1
0 FlexibleBrickLockedControlPoint 
0 NumOfBricks 187
0 STEP
0 STEP
1 16 142.312400 65.575520 52.360760 1.000000 0.000000 0.000000 0.000000 1.000000 0.000000 0.000000 0.000000 1.000000 submodel group 3 copy 17
0 STEP
0 STEP
0 NOFILE
0 FILE SubModel Group 107
0 SubModel Group 107
0 Name: SubModel Group 107
0 Author: 
0 CustomBrick
0 FlexibleBrickControlPointUnitLength -1
0 FlexibleBrickLockedControlPoint 
0 NumOfBricks 2494
1 16 -193.727500 0.000270 -67.905640 -1.000000 0.000000 0.000000 0.000000 1.000000 0.000000 0.000000 0.000000 -1.000000 submodel group 105
0 STEP
0 STEP
0 NOFILE
0 FILE Support
0 Support
0 Name: Support
0 Author: 
0 CustomBrick
0 FlexibleBrickControlPointUnitLength -1
0 FlexibleBrickLockedControlPoint 
0 NumOfBricks 5
1 19 0.000000 -40.000000 -20.000000 1.000000 0.000000 0.000000 0.000000 0.000000 1.000000 0.000000 -1.000000 0.000000 3032.dat
0 STEP
1 71 0.000000 -40.000100 -12.000000 0.000000 0.000000 1.000000 -1.000001 0.000000 0.000000 0.000000 -1.000001 0.000000 3031.dat
0 STEP
1 71 -20.000000 -60.000100 -4.000000 1.000000 0.000000 0.000000 0.000000 0.000000 1.000000 0.000000 -1.000000 0.000000 2460.dat
1 71 20.000000 -60.000100 -4.000000 1.000000 0.000000 0.000000 0.000000 0.000000 1.000000 0.000000 -1.000000 0.000000 2460.dat
1 71 0.000000 -20.000100 -4.000000 1.000000 0.000000 0.000000 0.000000 0.000000 1.000000 0.000000 -1.000000 0.000000 2460.dat
0 STEP
0 NOFILE
0 FILE SubModel Group 106
0 SubModel Group 106
0 Name: SubModel Group 106
0 Author: 
0 CustomBrick
0 FlexibleBrickControlPointUnitLength -1
0 FlexibleBrickLockedControlPoint 
0 NumOfBricks 15
1 71 -1.666460 -24.007080 -7.667340 1.000000 0.000000 0.000000 0.000000 1.000000 -0.000002 0.000000 0.000002 1.000000 6541.dat
1 71 -1.667770 -8.001750 22.333080 -0.000001 -0.000005 -1.000001 0.000085 1.000000 -0.000005 1.000001 -0.000085 -0.000001 3023.dat
1 43 -1.667710 -32.002000 32.334350 -0.000001 -0.000005 -1.000001 0.000066 1.000000 -0.000005 1.000001 -0.000067 -0.000001 3024.dat
1 71 -1.666110 -32.007160 2.332920 0.000000 -0.000050 -1.000000 -0.000002 1.000000 -0.000049 1.000000 0.000002 0.000000 3023.dat
1 43 -1.667760 -24.002320 22.333860 -0.000001 -0.000005 -1.000001 0.000027 1.000000 -0.000005 1.000001 -0.000027 -0.000001 3023.dat
1 43 -1.667740 -16.001450 22.333590 0.000001 -0.000031 1.000001 -0.000115 1.000000 0.000031 -1.000001 -0.000115 0.000001 3023.dat
1 71 -1.666560 -40.007110 -7.667190 0.000000 0.000000 -1.000000 -0.000002 1.000000 0.000001 1.000000 0.000002 0.000000 3024.dat
1 71 8.333270 -40.001320 42.333970 0.000001 -0.000114 -1.000000 -0.000039 1.000000 -0.000114 1.000000 0.000039 0.000002 2429.dat
1 43 -1.665890 -48.001070 22.334180 0.000001 -0.000114 -1.000000 0.000024 1.000000 -0.000114 1.000000 -0.000024 0.000002 3023.dat
1 43 -1.664960 -56.001070 22.334350 0.000001 -0.000114 -1.000000 0.000024 1.000000 -0.000114 1.000000 -0.000024 0.000002 3023.dat
1 43 -1.666610 -64.007080 22.332700 0.000000 -0.000045 1.000000 -0.000072 1.000000 0.000045 -1.000000 -0.000072 0.000000 3023.dat
1 71 -1.666530 -64.007090 -7.667300 1.000000 0.000000 0.000000 0.000000 1.000000 -0.000002 0.000000 0.000002 1.000000 6541.dat
1 71 -1.666230 -72.006670 12.332900 0.000000 -0.000048 1.000000 -0.000020 1.000000 0.000048 -1.000000 -0.000020 0.000000 3623.dat
1 0 -1.666470 -14.007140 -17.666990 0.000000 -1.000000 0.000100 -0.000002 -0.000100 -1.000000 1.000000 0.000000 -0.000002 2780.dat
1 0 -1.666560 -54.007160 -17.667140 0.000000 -1.000000 0.000100 -0.000002 -0.000100 -1.000000 1.000000 0.000000 -0.000002 2780.dat
0 NOFILE
0 FILE SubModel Group 106_Mirrored
0 SubModel Group 106_Mirrored
0 Name: SubModel Group 106_Mirrored
0 Author: 
0 CustomBrick
0 FlexibleBrickControlPointUnitLength -1
0 FlexibleBrickLockedControlPoint 
0 NumOfBricks 15
1 71 3.999380 13.996790 -14.000840 1.000000 0.000000 0.000000 0.000000 1.000000 -0.000002 0.000000 0.000002 1.000000 6541.dat
1 71 4.000680 30.002130 15.999580 -0.000001 0.000005 1.000000 -0.000085 1.000000 -0.000005 -1.000000 -0.000085 -0.000001 3023.dat
1 43 4.000630 6.001880 26.000850 -0.000001 0.000005 1.000000 -0.000067 1.000000 -0.000005 -1.000000 -0.000067 -0.000001 3024.dat
1 71 3.999060 5.996710 -4.000560 0.000000 0.000049 1.000000 0.000002 1.000000 -0.000049 -1.000000 0.000002 0.000000 3023.dat
1 43 4.000700 14.001560 16.000380 -0.000001 0.000005 1.000000 -0.000027 1.000000 -0.000005 -1.000000 -0.000027 -0.000001 3023.dat
1 43 4.000660 22.002430 16.000090 0.000001 0.000031 -1.000000 0.000115 1.000000 0.000031 1.000000 -0.000115 0.000001 3023.dat
1 71 3.999520 -2.003240 -14.000660 0.000000 -0.000001 1.000000 0.000002 1.000000 0.000001 -1.000000 0.000002 0.000000 3024.dat
1 71 -6.000340 -1.997440 36.000480 0.000002 0.000114 1.000000 0.000039 1.000000 -0.000114 -1.000000 0.000039 0.000002 2430.dat
1 43 3.998830 -9.997190 16.000700 0.000002 0.000114 1.000000 -0.000024 1.000000 -0.000114 -1.000000 -0.000024 0.000002 3023.dat
1 43 3.997880 -17.997190 16.000850 0.000002 0.000114 1.000000 -0.000024 1.000000 -0.000114 -1.000000 -0.000024 0.000002 3023.dat
1 43 3.999550 -26.003200 15.999230 0.000000 0.000045 -1.000000 0.000072 1.000000 0.000045 1.000000 -0.000072 0.000000 3023.dat
1 71 3.999450 -26.003220 -14.000800 1.000000 0.000000 0.000000 0.000000 1.000000 -0.000002 0.000000 0.000002 1.000000 6541.dat
1 71 3.999170 -34.002790 5.999420 0.000000 0.000048 -1.000000 0.000020 1.000000 0.000048 1.000000 -0.000020 0.000000 3623.dat
1 0 3.999400 23.996730 -24.000490 0.000000 1.000000 -0.000101 0.000002 -0.000101 -1.000000 -1.000000 0.000000 -0.000002 2780.dat
1 0 3.999490 -16.003280 -24.000640 0.000000 1.000000 -0.000101 0.000002 -0.000101 -1.000000 -1.000000 0.000000 -0.000002 2780.dat
0 NOFILE
0 FILE SubModel Group 109
0 SubModel Group 109
0 Name: SubModel Group 109
0 Author: 
0 CustomBrick
0 FlexibleBrickControlPointUnitLength -1
0 FlexibleBrickLockedControlPoint 
0 NumOfBricks 33
1 71 59.310070 -16.000640 2.970980 1.000001 0.000000 0.000000 0.000000 1.000000 -0.000085 0.000000 0.000085 1.000006 2429.dat
1 71 -20.601420 -16.002320 0.318170 0.997802 0.000003 -0.066284 -0.000002 1.000000 0.000009 0.066284 -0.000008 0.997807 2430.dat
1 16 -37.441460 -0.001300 3.889450 0.996193 0.000000 -0.087163 0.000000 1.000000 0.000000 0.087163 0.000000 0.996193 submodel group 111
0 STEP
1 43 39.309760 -24.001110 12.971170 1.000001 0.000035 0.000000 -0.000035 1.000000 0.000001 0.000000 -0.000001 1.000006 3023.dat
1 43 39.309490 -32.001110 12.971190 1.000001 0.000035 0.000000 -0.000035 1.000000 0.000001 0.000000 -0.000001 1.000006 3023.dat
1 43 39.308980 -40.001110 12.972020 1.000001 0.000035 0.000000 -0.000035 1.000000 0.000001 0.000000 -0.000001 1.000006 3023.dat
1 43 -1.308780 -32.001960 11.621840 0.997803 0.000035 -0.066284 -0.000034 1.000000 0.000009 0.066284 -0.000006 0.997807 3023.dat
1 43 -1.309490 -40.001960 11.622690 0.997803 0.000035 -0.066284 -0.000034 1.000000 0.000009 0.066284 -0.000006 0.997807 3023.dat
1 43 -1.308510 -24.001960 11.621820 0.997801 0.000036 -0.066283 -0.000035 1.000000 0.000009 0.066283 -0.000007 0.997801 3023.dat
0 STEP
1 71 19.309390 -48.001580 2.970470 0.997802 -0.000002 -0.066284 0.000003 1.000000 0.000009 0.066284 -0.000008 0.997807 2429.dat
1 71 19.309080 -48.001480 2.972000 1.000000 -0.000001 0.000001 0.000001 1.000000 0.000001 -0.000001 -0.000001 1.000000 2430.dat
0 STEP
1 43 39.308730 -56.001110 12.972040 1.000001 0.000035 0.000000 -0.000035 1.000000 0.000001 0.000000 -0.000001 1.000006 3023.dat
1 43 39.308460 -64.001110 12.971960 1.000001 0.000035 0.000000 -0.000035 1.000000 0.000001 0.000000 -0.000001 1.000006 3023.dat
1 43 39.307840 -72.001000 12.972800 1.000001 0.000035 0.000000 -0.000035 1.000000 0.000001 0.000000 -0.000001 1.000006 3023.dat
1 43 -1.309820 -56.001160 11.622820 0.997802 0.000035 -0.066284 -0.000034 1.000000 0.000009 0.066284 -0.000006 0.997807 3023.dat
1 43 -1.310100 -64.001160 11.622840 0.997802 0.000035 -0.066284 -0.000034 1.000000 0.000009 0.066285 -0.000006 0.997807 3023.dat
1 43 -1.310610 -72.001750 11.623680 0.997801 0.000036 -0.066283 -0.000035 1.000000 0.000009 0.066283 -0.000007 0.997801 3023.dat
0 STEP
1 71 59.307720 -80.001240 2.966730 1.000001 0.000000 0.000001 -0.000001 1.000000 -0.000085 0.000000 0.000086 1.000007 2429.dat
1 71 -20.603860 -80.001430 0.320040 0.997803 0.000003 -0.066284 -0.000002 1.000000 0.000009 0.066284 -0.000008 0.997807 2430.dat
0 STEP
1 71 39.307660 -88.001990 12.966100 1.000000 -0.000001 0.000001 0.000001 1.000000 -0.000085 -0.000001 0.000085 1.000000 3069b.dat
1 71 -1.310540 -88.001460 11.623870 0.997801 -0.000003 -0.066283 0.000005 1.000000 0.000009 0.066283 -0.000009 0.997801 3069b.dat
1 71 39.310130 -8.001210 12.971640 1.000000 -0.000028 0.000001 0.000029 1.000000 -0.000085 -0.000001 0.000085 1.000000 3023.dat
1 71 -1.308160 -8.002560 11.621900 0.997801 -0.000025 -0.066283 0.000026 1.000000 0.000009 0.066283 -0.000010 0.997801 3023.dat
0 STEP
0 NOFILE
0 FILE Center part
0 Center part
0 Name: Center part
0 Author: 
0 CustomBrick
0 FlexibleBrickControlPointUnitLength -1
0 FlexibleBrickLockedControlPoint 
0 NumOfBricks 33
1 16 5.813500 0.000700 -324.636500 1.000000 0.000000 0.000000 0.000000 1.000000 0.000000 0.000000 0.000000 1.000000 submodel group 110
0 STEP
0 STEP
0 NOFILE
0 FILE Right part
0 Right part
0 Name: Right part
0 Author: 
0 CustomBrick
0 FlexibleBrickControlPointUnitLength -1
0 FlexibleBrickLockedControlPoint 
0 NumOfBricks 72
1 71 72.633500 -16.000000 43.661500 0.945503 0.000010 -0.325613 0.000000 1.000000 0.000032 0.325613 -0.000030 0.945504 2429.dat
1 71 72.632860 -15.999800 43.662490 0.992109 0.000010 -0.125370 -0.000006 1.000000 0.000024 0.125370 -0.000023 0.992110 2430.dat
1 71 -2.058200 -16.000300 15.132000 0.894125 0.000015 -0.447818 0.000005 1.000000 0.000047 0.447819 -0.000044 0.894125 2429.dat
1 71 -2.059000 -16.000200 15.133100 0.921841 0.000015 -0.387568 0.000001 1.000000 0.000040 0.387567 -0.000037 0.921840 2430.dat
1 71 -72.319800 -16.001500 -23.027300 0.827031 0.000023 -0.562156 0.000012 1.000000 0.000061 0.562153 -0.000058 0.827034 2429.dat
1 71 -72.320500 -16.001400 -23.026300 0.862475 0.000021 -0.506100 0.000007 1.000000 0.000054 0.506100 -0.000050 0.862475 2430.dat
1 71 -136.916700 -16.002800 -70.144000 0.745404 0.000032 -0.666614 0.000021 1.000000 0.000074 0.666610 -0.000070 0.745406 2429.dat
1 71 -136.917200 -16.002700 -70.143000 0.787950 0.000030 -0.615738 0.000015 1.000000 0.000068 0.615738 -0.000063 0.787953 2430.dat
0 STEP
1 43 91.220870 -24.000080 56.091080 0.992110 0.000042 -0.125370 -0.000039 1.000000 0.000024 0.125370 -0.000018 0.992110 3023.dat
1 43 91.220630 -32.000080 56.091200 0.992112 0.000042 -0.125371 -0.000039 1.000000 0.000024 0.125370 -0.000018 0.992111 3023.dat
1 43 91.220240 -40.000080 56.091340 0.992111 0.000042 -0.125371 -0.000039 1.000000 0.000024 0.125370 -0.000018 0.992111 3023.dat
1 43 50.466900 -32.000000 46.604700 0.945503 0.000043 -0.325613 -0.000034 1.000000 0.000032 0.325613 -0.000019 0.945503 3023.dat
1 43 50.466600 -40.000000 46.604800 0.945503 0.000043 -0.325613 -0.000034 1.000000 0.000032 0.325613 -0.000019 0.945503 3023.dat
1 43 12.501600 -32.000100 32.103300 0.921841 0.000045 -0.387568 -0.000032 1.000000 0.000040 0.387568 -0.000024 0.921841 3023.dat
1 43 12.501200 -40.000100 32.103400 0.921841 0.000045 -0.387568 -0.000032 1.000000 0.000040 0.387567 -0.000024 0.921841 3023.dat
1 43 -24.418200 -24.000100 15.116800 0.894124 0.000047 -0.447818 -0.000029 1.000000 0.000047 0.447818 -0.000029 0.894125 3023.dat
1 43 -24.418700 -32.000100 15.117100 0.894125 0.000047 -0.447819 -0.000029 1.000000 0.000047 0.447818 -0.000029 0.894124 3023.dat
1 43 -24.419000 -40.000100 15.117300 0.894125 0.000047 -0.447819 -0.000029 1.000000 0.000047 0.447818 -0.000029 0.894124 3023.dat
1 43 -60.132500 -32.001100 -4.278900 0.862476 0.000050 -0.506101 -0.000026 1.000000 0.000054 0.506102 -0.000034 0.862478 3023.dat
1 43 -60.133000 -40.001000 -4.278600 0.862475 0.000050 -0.506100 -0.000026 1.000000 0.000054 0.506100 -0.000034 0.862475 3023.dat
1 43 -94.482600 -32.001500 -25.999200 0.827032 0.000052 -0.562155 -0.000022 1.000000 0.000061 0.562155 -0.000038 0.827032 3023.dat
1 43 -94.483100 -40.001500 -25.998800 0.827031 0.000052 -0.562154 -0.000022 1.000000 0.000061 0.562153 -0.000038 0.827029 3023.dat
1 43 -127.316100 -24.002000 -49.948500 0.787951 0.000056 -0.615738 -0.000018 1.000000 0.000068 0.615738 -0.000043 0.787951 3023.dat
1 43 -127.316500 -32.002000 -49.948000 0.787951 0.000056 -0.615738 -0.000018 1.000000 0.000068 0.615738 -0.000043 0.787951 3023.dat
1 43 -127.316900 -40.002000 -49.947700 0.787951 0.000056 -0.615738 -0.000018 1.000000 0.000068 0.615738 -0.000043 0.787951 3023.dat
1 43 -158.491300 -32.002800 -76.020800 0.745405 0.000059 -0.666612 -0.000013 1.000000 0.000074 0.666612 -0.000047 0.745405 3023.dat
1 43 -158.491700 -40.002800 -76.020400 0.745405 0.000059 -0.666612 -0.000013 1.000000 0.000074 0.666613 -0.000047 0.745406 3023.dat
1 43 50.467200 -24.000000 46.604500 0.945503 0.000043 -0.325613 -0.000034 1.000000 0.000032 0.325613 -0.000019 0.945503 3023.dat
1 43 12.502000 -24.000100 32.103100 0.921841 0.000045 -0.387568 -0.000032 1.000000 0.000040 0.387568 -0.000025 0.921841 3023.dat
1 43 -60.132100 -24.001100 -4.279200 0.862475 0.000049 -0.506100 -0.000025 1.000000 0.000054 0.506100 -0.000034 0.862475 3023.dat
1 43 -94.482200 -24.001500 -25.999500 0.827032 0.000051 -0.562155 -0.000021 1.000000 0.000061 0.562155 -0.000039 0.827032 3023.dat
1 43 -158.490800 -24.001900 -76.021190 -0.745405 -0.000017 0.666612 -0.000074 1.000000 -0.000057 -0.666612 -0.000091 -0.745405 3023.dat
0 STEP
1 71 112.316100 -48.000120 48.677910 0.992110 0.000007 -0.125370 -0.000005 1.000000 0.000024 0.125371 -0.000023 0.992110 2429.dat
1 71 34.813600 -48.000100 30.636700 0.921840 0.000012 -0.387568 0.000002 1.000000 0.000040 0.387568 -0.000037 0.921842 2429.dat
1 71 34.812700 -47.999900 30.637900 0.945503 0.000012 -0.325613 -0.000001 1.000000 0.000032 0.325613 -0.000030 0.945503 2430.dat
1 71 -37.822600 -48.001100 -2.781000 0.862475 0.000019 -0.506100 0.000009 1.000000 0.000054 0.506098 -0.000051 0.862476 2429.dat
1 71 -37.823500 -48.001000 -2.779900 0.894125 0.000018 -0.447818 0.000004 1.000000 0.000047 0.447818 -0.000044 0.894125 2430.dat
1 71 -105.400900 -48.002000 -45.511700 0.787950 0.000028 -0.615738 0.000017 1.000000 0.000068 0.615737 -0.000064 0.787952 2429.dat
1 71 -105.402100 -48.002000 -45.510900 0.827032 0.000025 -0.562156 0.000011 1.000000 0.000061 0.562156 -0.000057 0.827031 2430.dat
1 71 -166.733900 -48.000300 -96.806000 0.745406 0.000028 -0.666610 -0.000074 1.000000 -0.000041 0.666610 0.000080 0.745406 2430.dat
0 STEP
1 43 91.219840 -56.000060 56.091690 0.992110 0.000042 -0.125370 -0.000039 1.000000 0.000024 0.125370 -0.000018 0.992110 3023.dat
1 43 91.219520 -64.000060 56.091920 0.992110 0.000042 -0.125370 -0.000039 1.000000 0.000024 0.125370 -0.000018 0.992110 3023.dat
1 43 91.219230 -72.000060 56.092040 0.992110 0.000042 -0.125370 -0.000039 1.000000 0.000024 0.125370 -0.000018 0.992110 3023.dat
1 43 50.466300 -56.000000 46.605400 0.945503 0.000043 -0.325613 -0.000034 1.000000 0.000032 0.325613 -0.000019 0.945503 3023.dat
1 43 50.466000 -63.999900 46.605500 0.945503 0.000043 -0.325612 -0.000034 1.000000 0.000032 0.325612 -0.000019 0.945503 3023.dat
1 43 12.500700 -56.000100 32.104000 0.921841 0.000045 -0.387568 -0.000032 1.000000 0.000040 0.387568 -0.000024 0.921841 3023.dat
1 43 12.500400 -64.000000 32.104200 0.921841 0.000045 -0.387567 -0.000032 1.000000 0.000040 0.387567 -0.000024 0.921840 3023.dat
1 43 -24.419600 -56.000100 15.117800 0.894125 0.000047 -0.447818 -0.000029 1.000000 0.000047 0.447818 -0.000029 0.894125 3023.dat
1 43 -24.420000 -64.000100 15.118100 0.894125 0.000047 -0.447818 -0.000029 1.000000 0.000047 0.447818 -0.000029 0.894125 3023.dat
1 43 -24.420400 -72.000100 15.118300 0.894125 0.000047 -0.447818 -0.000029 1.000000 0.000047 0.447818 -0.000029 0.894125 3023.dat
1 43 -60.133500 -56.001000 -4.277900 0.862475 0.000050 -0.506099 -0.000026 1.000000 0.000054 0.506099 -0.000034 0.862475 3023.dat
1 43 -60.133900 -64.001000 -4.277600 0.862475 0.000050 -0.506099 -0.000026 1.000000 0.000054 0.506097 -0.000034 0.862473 3023.dat
1 43 -94.483400 -56.000800 -25.997100 0.827032 0.000052 -0.562155 -0.000022 1.000000 0.000061 0.562155 -0.000038 0.827032 3023.dat
1 43 -94.483810 -64.000800 -25.996800 0.827032 0.000052 -0.562154 -0.000022 1.000000 0.000061 0.562153 -0.000038 0.827030 3023.dat
1 43 -127.317800 -56.002000 -49.946600 0.787951 0.000056 -0.615738 -0.000018 1.000000 0.000068 0.615738 -0.000043 0.787951 3023.dat
1 43 -127.318400 -64.002000 -49.946400 0.787952 0.000056 -0.615739 -0.000018 1.000000 0.000068 0.615739 -0.000043 0.787950 3023.dat
1 43 -127.318800 -72.002000 -49.946000 0.787952 0.000056 -0.615739 -0.000018 1.000000 0.000068 0.615739 -0.000043 0.787950 3023.dat
1 43 -158.492300 -56.002800 -76.019400 0.745406 0.000059 -0.666610 -0.000013 1.000000 0.000074 0.666611 -0.000047 0.745406 3023.dat
1 43 -158.493000 -64.002800 -76.019100 0.745407 0.000059 -0.666611 -0.000013 1.000000 0.000074 0.666611 -0.000047 0.745406 3023.dat
1 43 50.465400 -72.000000 46.605000 0.945503 0.000043 -0.325613 -0.000034 1.000000 0.000032 0.325613 -0.000019 0.945503 3023.dat
1 43 12.500500 -72.000700 32.104600 0.921841 0.000045 -0.387567 -0.000032 1.000000 0.000040 0.387567 -0.000025 0.921841 3023.dat
1 43 -60.134000 -72.000400 -4.277000 0.862475 0.000049 -0.506100 -0.000025 1.000000 0.000054 0.506100 -0.000034 0.862475 3023.dat
1 43 -94.483810 -72.000800 -25.997400 0.827032 0.000051 -0.562155 -0.000021 1.000000 0.000061 0.562155 -0.000039 0.827032 3023.dat
1 43 -158.493200 -72.001900 -76.018500 -0.745405 -0.000084 0.666612 -0.000074 1.000000 0.000043 -0.666612 -0.000017 -0.745405 3023.dat
0 STEP
1 71 72.631500 -80.000690 43.662500 0.945502 0.000010 -0.325613 0.000000 1.000000 0.000032 0.325613 -0.000030 0.945504 2429.dat
1 71 72.630700 -80.000500 43.663700 0.992110 0.000010 -0.125370 -0.000006 1.000000 0.000024 0.125370 -0.000023 0.992110 2430.dat
1 71 -2.060000 -80.000800 15.134000 0.894125 0.000015 -0.447818 0.000005 1.000000 0.000047 0.447819 -0.000044 0.894125 2429.dat
1 71 -2.060800 -80.000800 15.135100 0.921842 0.000015 -0.387567 0.000001 1.000000 0.000040 0.387569 -0.000037 0.921841 2430.dat
1 71 -72.321800 -80.001500 -23.024200 0.827031 0.000023 -0.562155 0.000012 1.000000 0.000061 0.562154 -0.000058 0.827032 2429.dat
1 71 -72.322600 -80.001400 -23.023400 0.862475 0.000021 -0.506099 0.000007 1.000000 0.000054 0.506101 -0.000050 0.862474 2430.dat
1 71 -136.919300 -80.002700 -70.139800 0.745405 0.000033 -0.666612 0.000022 1.000000 0.000074 0.666612 -0.000070 0.745405 2429.dat
1 71 -136.920300 -80.002700 -70.139100 0.787951 0.000030 -0.615736 0.000016 1.000000 0.000068 0.615740 -0.000063 0.787949 2430.dat
0 STEP
0 STEP
0 NOFILE
0 FILE SubModel Group 108
0 SubModel Group 108
0 Name: SubModel Group 108
0 Author: 
0 CustomBrick
0 FlexibleBrickControlPointUnitLength -1
0 FlexibleBrickLockedControlPoint 
0 NumOfBricks 105
1 16 47.558840 -44.003540 117.533900 -0.000001 -0.000001 1.000000 0.000029 1.000000 0.000001 -1.000000 0.000029 -0.000001 submodel group 109_mirrored
1 16 -39.558900 -46.003860 -79.533890 -0.069630 -0.000015 0.997573 0.000029 1.000000 0.000017 -0.997573 0.000030 -0.069630 right part_mirrored
0 NOFILE
0 FILE SubModel Group 1 Copy 9
0 SubModel Group 1
0 Name: SubModel Group 1
0 Author: 
0 CustomBrick
0 FlexibleBrickControlPointUnitLength -1
0 FlexibleBrickLockedControlPoint 
0 NumOfBricks 15
1 71 21.666660 -9.000020 20.000000 0.000000 0.000000 1.000000 1.000000 0.000000 0.000000 0.000000 1.000000 0.000000 41239.dat
1 1 141.666700 -9.000050 -0.000020 0.000000 0.000000 1.000000 0.000000 1.000000 0.000000 -1.000000 0.000000 0.000000 6558.dat
1 1 101.666700 -9.000040 -0.000010 0.000000 0.000000 1.000000 0.000000 1.000000 0.000000 -1.000000 0.000000 0.000000 6558.dat
1 1 -98.333350 -9.000000 0.000010 0.000000 0.000000 1.000000 0.000000 1.000000 0.000000 -1.000000 0.000000 0.000000 6558.dat
1 1 -58.333330 -9.000010 0.000010 0.000000 0.000000 1.000000 0.000000 1.000000 0.000000 -1.000000 0.000000 0.000000 6558.dat
1 15 141.666700 -9.000050 -0.000020 0.000000 1.000000 0.000000 0.000000 0.000000 1.000000 1.000000 0.000000 0.000000 32013.dat
1 15 101.666700 -9.000040 -0.000010 0.000000 1.000000 0.000000 0.000000 0.000000 1.000000 1.000000 0.000000 0.000000 32013.dat
1 15 -58.333330 -9.000010 0.000010 0.000000 1.000000 0.000000 0.000000 0.000000 1.000000 1.000000 0.000000 0.000000 32013.dat
1 1 141.666700 -39.000050 -0.000020 0.000000 0.000000 1.000000 1.000000 0.000000 0.000000 0.000000 1.000000 0.000000 43093.dat
1 1 101.666700 -39.000040 -0.000010 0.000000 0.000000 1.000000 1.000000 0.000000 0.000000 0.000000 1.000000 0.000000 43093.dat
1 1 -58.333320 -39.000020 0.000010 0.000000 0.000000 1.000000 1.000000 0.000000 0.000000 0.000000 1.000000 0.000000 43093.dat
1 1 -98.333350 -39.000000 0.000000 0.000000 0.000000 1.000000 1.000000 0.000000 0.000000 0.000000 1.000000 0.000000 43093.dat
1 71 -98.333350 -9.000000 0.000010 0.000000 0.000000 1.000000 0.000000 1.000000 0.000000 -1.000000 0.000000 0.000000 32014.dat
1 72 -138.333300 -9.000000 0.000010 1.000000 0.000000 0.000000 0.000000 0.000000 -1.000000 0.000000 1.000000 0.000000 22961.dat
1 71 21.666680 -9.000030 -19.999990 0.000000 0.000000 1.000000 1.000000 0.000000 0.000000 0.000000 1.000000 0.000000 41239.dat
0 NOFILE
0 FILE SubModel Group 8 Copy 3
0 SubModel Group 8
0 Name: SubModel Group 8
0 Author: 
0 CustomBrick
0 FlexibleBrickControlPointUnitLength -1
0 FlexibleBrickLockedControlPoint 
0 NumOfBricks 258
1 16 -204.600500 -0.999320 -104.699500 0.866026 0.000000 -0.500000 0.000000 1.000000 0.000000 0.500000 0.000000 0.866026 submodel group 16 copy 2
0 STEP
1 1 -232.131400 -31.000480 -203.991600 0.000000 0.000000 -1.000000 -1.000000 0.000000 0.000000 0.000000 1.000000 0.000000 6558.dat
1 14 790.792700 -31.000020 -6.972530 0.000000 -0.132256 -0.991212 -1.000000 0.000000 0.000000 0.000000 0.991212 -0.132256 4519.dat
1 14 816.562600 -32.000410 26.731330 0.000000 -0.132256 -0.991212 -1.000000 0.000000 0.000000 0.000000 0.991212 -0.132256 4519.dat
1 1 691.671700 -41.000490 -20.198070 0.000000 -0.132256 0.991212 1.000000 0.000000 0.000000 0.000000 0.991212 0.132256 43093.dat
1 4 803.547400 -10.000000 9.710100 -0.794412 0.000000 0.607374 0.000000 -1.000000 0.000000 0.607374 0.000000 0.794412 32523.dat
1 4 803.806500 -51.512900 10.048730 -0.794411 0.000000 0.607374 0.000000 -1.000000 0.000000 0.607374 0.000000 0.794411 32523.dat
1 1 803.547400 -30.000000 9.710100 0.000000 0.132256 -0.991212 1.000000 0.000000 0.000000 0.000000 -0.991212 -0.132256 6558.dat
1 16 276.249600 -0.999970 -145.988800 0.991212 0.000000 -0.132256 0.000000 1.000000 0.000000 0.132256 0.000000 0.991212 submodel group 12 copy 3
0 STEP
0 NOFILE
0 FILE SubModel Group 1 Copy 11
0 SubModel Group 1
0 Name: SubModel Group 1
0 Author: 
0 CustomBrick
0 FlexibleBrickControlPointUnitLength -1
0 FlexibleBrickLockedControlPoint 
0 NumOfBricks 6
1 71 -46.333330 -24.000070 -6.333360 1.000000 0.000000 0.000000 0.000000 -1.000000 0.000000 0.000000 0.000000 -1.000000 3460.dat
1 71 -46.333330 -32.000050 -6.333330 1.000000 0.000000 0.000000 0.000000 -1.000000 0.000000 0.000000 0.000000 -1.000000 3460.dat
1 72 33.666670 -15.999920 -6.333300 -1.000000 0.000000 0.000000 0.000000 -1.000000 0.000000 0.000000 0.000000 1.000000 99780.dat
1 72 -26.333330 -15.999920 -6.333330 -1.000000 0.000000 0.000000 0.000000 -1.000000 0.000000 0.000000 0.000000 1.000000 99780.dat
1 71 3.666670 -7.999920 3.666700 0.000000 0.000000 -1.000000 0.000000 -1.000000 0.000000 -1.000000 0.000000 0.000000 43722.dat
1 28 3.666640 -15.999920 -6.333330 1.000000 0.000000 0.000000 0.000000 -1.000000 0.000000 0.000000 0.000000 -1.000000 3024.dat
0 NOFILE
0 FILE SubModel Group 2 Copy 8
0 SubModel Group 2
0 Name: SubModel Group 2
0 Author: 
0 CustomBrick
0 FlexibleBrickControlPointUnitLength -1
0 FlexibleBrickLockedControlPoint 
0 NumOfBricks 13
1 72 60.000000 -64.000000 8.230740 1.000000 0.000000 0.000000 0.000000 1.000000 0.000000 0.000000 0.000000 1.000000 3005.dat
1 72 -60.000000 -64.000000 8.230770 1.000000 0.000000 0.000000 0.000000 1.000000 0.000000 0.000000 0.000000 1.000000 3005.dat
1 72 60.000000 -40.000000 8.230740 0.000000 0.000000 1.000000 0.000000 1.000000 0.000000 -1.000000 0.000000 0.000000 3040b.dat
1 72 -60.000000 -40.000000 8.230770 0.000000 0.000000 -1.000000 0.000000 1.000000 0.000000 1.000000 0.000000 0.000000 3040b.dat
1 71 -10.000000 -16.000000 -1.769230 1.000000 0.000000 0.000000 0.000000 1.000000 0.000000 0.000000 0.000000 1.000000 3795.dat
1 71 10.000000 -8.000000 -1.769230 1.000000 0.000000 0.000000 0.000000 1.000000 0.000000 0.000000 0.000000 1.000000 3795.dat
1 28 -60.000020 -8.000000 -1.769260 0.000000 0.000000 -1.000000 0.000000 1.000000 0.000000 1.000000 0.000000 0.000000 3023b.dat
1 28 60.000000 -16.000000 -1.769260 0.000000 0.000000 -1.000000 0.000000 1.000000 0.000000 1.000000 0.000000 0.000000 3023b.dat
1 71 -60.000000 -64.000000 -11.769230 1.000000 0.000000 0.000000 0.000000 1.000000 0.000000 0.000000 0.000000 1.000000 18653.dat
1 71 60.000000 -64.000000 -11.769290 -1.000000 0.000000 0.000000 0.000000 1.000000 0.000000 0.000000 0.000000 -1.000000 18653.dat
1 71 0.000000 -24.000000 -11.769230 1.000000 0.000000 0.000000 0.000000 1.000000 0.000000 0.000000 0.000000 1.000000 3070b.dat
1 71 60.000000 -72.000000 -1.769230 0.000000 0.000000 1.000000 0.000000 1.000000 0.000000 -1.000000 0.000000 0.000000 3069b.dat
1 71 -60.000020 -72.000000 -1.769230 0.000000 0.000000 1.000000 0.000000 1.000000 0.000000 -1.000000 0.000000 0.000000 3069b.dat
0 NOFILE
0 FILE SubModel Group 3 Copy 8
0 SubModel Group 3
0 Name: SubModel Group 3
0 Author: 
0 CustomBrick
0 FlexibleBrickControlPointUnitLength -1
0 FlexibleBrickLockedControlPoint 
0 NumOfBricks 12
1 72 -66.334080 -80.000000 -16.333620 -1.000013 0.000000 0.000000 0.000000 1.000000 0.000000 0.000000 0.000000 -1.000013 3005.dat
1 72 53.666950 -80.000000 -16.333650 -1.000013 0.000000 0.000000 0.000000 1.000000 0.000000 0.000000 0.000000 -1.000013 3005.dat
1 72 -66.334080 -56.000000 -16.333590 0.000000 0.000000 -1.000013 0.000000 1.000000 0.000000 1.000013 0.000000 0.000000 3040b.dat
1 72 53.666940 -56.000000 -16.333650 0.000000 0.000000 1.000013 0.000000 1.000000 0.000000 -1.000013 0.000000 0.000000 3040b.dat
1 71 -16.332200 -32.000000 -6.331820 -1.000000 0.000000 0.000000 0.000000 1.000000 0.000000 0.000000 0.000000 -1.000000 3795.dat
1 28 53.666960 -32.000000 -6.333590 0.000000 0.000000 1.000013 0.000000 1.000000 0.000000 -1.000013 0.000000 0.000000 3023b.dat
1 71 53.666940 -80.000010 3.666350 -1.000013 0.000000 0.000000 0.000000 1.000000 0.000000 0.000000 0.000000 -1.000013 18653.dat
1 71 -66.334080 -80.000010 3.666410 1.000013 0.000000 0.000000 0.000000 1.000000 0.000000 0.000000 0.000000 1.000013 18653.dat
1 71 -6.333910 -40.000010 3.666410 -1.000013 0.000000 0.000000 0.000000 1.000000 0.000000 0.000000 0.000000 -1.000013 3070b.dat
1 71 -66.334110 -87.999980 -6.333620 0.000000 0.000000 -1.000014 0.000000 1.000000 0.000000 1.000014 0.000000 0.000000 3069b.dat
1 71 53.666940 -87.999980 -6.333650 0.000000 0.000000 -1.000014 0.000000 1.000000 0.000000 1.000014 0.000000 0.000000 3069b.dat
1 19 -16.332200 -24.000000 -16.331850 -1.000000 0.000000 0.000000 0.000000 1.000000 0.000000 0.000000 0.000000 -1.000000 30414.dat
0 NOFILE
0 FILE SubModel Group 4 Copy 7
0 SubModel Group 4
0 Name: SubModel Group 4
0 Author: 
0 CustomBrick
0 FlexibleBrickControlPointUnitLength -1
0 FlexibleBrickLockedControlPoint 
0 NumOfBricks 12
1 72 3.666660 -16.000000 -8.166659 1.000000 0.000000 0.000000 0.000000 1.000000 0.000000 0.000000 0.000000 1.000000 3020.dat
1 72 73.666640 -64.000000 1.833340 1.000000 0.000000 0.000000 0.000000 1.000000 0.000000 0.000000 0.000000 1.000000 3005.dat
1 72 -46.333380 -64.000000 1.833340 1.000000 0.000000 0.000000 0.000000 1.000000 0.000000 0.000000 0.000000 1.000000 3005.dat
1 71 -46.333380 -72.000000 -8.166690 0.000000 0.000000 1.000000 0.000000 1.000000 0.000000 -1.000000 0.000000 0.000000 3069b.dat
1 71 73.666640 -72.000000 -8.166659 0.000000 0.000000 1.000000 0.000000 1.000000 0.000000 -1.000000 0.000000 0.000000 3069b.dat
1 71 13.666660 -24.000000 -18.166660 1.000000 0.000000 0.000000 0.000000 1.000000 0.000000 0.000000 0.000000 1.000000 3070b.dat
1 71 53.666660 -16.000000 -18.166660 1.000000 0.000000 0.000000 0.000000 1.000000 0.000000 0.000000 0.000000 1.000000 2420.dat
1 71 73.666660 -64.000000 -18.166660 -1.000000 0.000000 0.000000 0.000000 1.000000 0.000000 0.000000 0.000000 -1.000000 18653.dat
1 71 -46.333340 -64.000000 -18.166660 1.000000 0.000000 0.000000 0.000000 1.000000 0.000000 0.000000 0.000000 1.000000 18653.dat
1 71 23.666660 -8.000000 -18.166660 1.000000 0.000000 0.000000 0.000000 1.000000 0.000000 0.000000 0.000000 1.000000 3666.dat
1 71 73.666650 -40.000000 1.833350 0.000000 0.000000 1.000000 0.000000 1.000000 0.000000 -1.000000 0.000000 0.000000 4286.dat
1 71 -46.333400 -40.000000 1.833360 0.000000 0.000000 -1.000000 0.000000 1.000000 0.000000 1.000000 0.000000 0.000000 4286.dat
0 NOFILE
0 FILE SubModel Group 1 Copy 12
0 SubModel Group 1
0 Name: SubModel Group 1
0 Author: 
0 CustomBrick
0 FlexibleBrickControlPointUnitLength -1
0 FlexibleBrickLockedControlPoint 
0 NumOfBricks 13
1 72 59.999980 -64.000000 -8.230770 1.000000 0.000000 0.000000 0.000000 1.000000 0.000000 0.000000 0.000000 1.000000 3005.dat
1 72 -60.000060 -64.000000 -8.230840 1.000000 0.000000 0.000000 0.000000 1.000000 0.000000 0.000000 0.000000 1.000000 3005.dat
1 72 -60.000060 -40.000000 -8.230840 0.000000 0.000000 -1.000000 0.000000 1.000000 0.000000 1.000000 0.000000 0.000000 3040b.dat
1 72 59.999980 -40.000000 -8.230770 0.000000 0.000000 1.000000 0.000000 1.000000 0.000000 -1.000000 0.000000 0.000000 3040b.dat
1 71 -60.000030 -72.000000 1.769200 0.000000 0.000000 1.000000 0.000000 1.000000 0.000000 -1.000000 0.000000 0.000000 3069b.dat
1 71 59.999970 -72.000000 1.769230 0.000000 0.000000 1.000000 0.000000 1.000000 0.000000 -1.000000 0.000000 0.000000 3069b.dat
1 71 0.000000 -24.000000 11.769230 1.000000 0.000000 0.000000 0.000000 1.000000 0.000000 0.000000 0.000000 1.000000 3070b.dat
1 71 60.000000 -64.000000 11.769230 -1.000000 0.000000 0.000000 0.000000 1.000000 0.000000 0.000000 0.000000 -1.000000 18653.dat
1 71 -60.000030 -64.000000 11.769200 1.000000 0.000000 0.000000 0.000000 1.000000 0.000000 0.000000 0.000000 1.000000 18653.dat
1 71 -10.000000 -8.000000 1.769230 1.000000 0.000000 0.000000 0.000000 1.000000 0.000000 0.000000 0.000000 1.000000 3795.dat
1 71 10.000000 -16.000000 1.769230 1.000000 0.000000 0.000000 0.000000 1.000000 0.000000 0.000000 0.000000 1.000000 3795.dat
1 28 59.999980 -8.000000 1.769230 0.000000 0.000000 1.000000 0.000000 1.000000 0.000000 -1.000000 0.000000 0.000000 3023b.dat
1 28 -60.000030 -16.000000 1.769200 0.000000 0.000000 -1.000000 0.000000 1.000000 0.000000 1.000000 0.000000 0.000000 3023b.dat
0 NOFILE
0 FILE SubModel Group 2 Copy 9
0 SubModel Group 2
0 Name: SubModel Group 2
0 Author: 
0 CustomBrick
0 FlexibleBrickControlPointUnitLength -1
0 FlexibleBrickLockedControlPoint 
0 NumOfBricks 12
1 72 69.545460 -56.000000 18.090910 1.000000 0.000000 0.000000 0.000000 1.000000 0.000000 0.000000 0.000000 1.000000 3005.dat
1 72 -50.454540 -56.000000 18.090910 1.000000 0.000000 0.000000 0.000000 1.000000 0.000000 0.000000 0.000000 1.000000 3005.dat
1 72 -50.454540 -32.000000 18.090910 0.000000 0.000000 -1.000000 0.000000 1.000000 0.000000 1.000000 0.000000 0.000000 3040b.dat
1 72 69.545460 -32.000000 18.090910 0.000000 0.000000 1.000000 0.000000 1.000000 0.000000 -1.000000 0.000000 0.000000 3040b.dat
1 71 69.545460 -64.000000 8.090910 0.000000 0.000000 1.000000 0.000000 1.000000 0.000000 -1.000000 0.000000 0.000000 3069b.dat
1 71 -50.454540 -64.000000 8.090910 0.000000 0.000000 1.000000 0.000000 1.000000 0.000000 -1.000000 0.000000 0.000000 3069b.dat
1 71 9.545460 -16.000000 -1.909090 1.000000 0.000000 0.000000 0.000000 1.000000 0.000000 0.000000 0.000000 1.000000 3070b.dat
1 71 69.545460 -56.000000 -1.909090 -1.000000 0.000000 0.000000 0.000000 1.000000 0.000000 0.000000 0.000000 -1.000000 18653.dat
1 71 -50.454540 -56.000000 -1.909090 1.000000 0.000000 0.000000 0.000000 1.000000 0.000000 0.000000 0.000000 1.000000 18653.dat
1 71 19.545460 -8.000000 8.090910 1.000000 0.000000 0.000000 0.000000 1.000000 0.000000 0.000000 0.000000 1.000000 3795.dat
1 28 -50.454540 -8.000000 8.090910 0.000000 0.000000 1.000000 0.000000 1.000000 0.000000 -1.000000 0.000000 0.000000 3023b.dat
1 19 -0.454540 0.000000 18.090910 1.000000 0.000000 0.000000 0.000000 1.000000 0.000000 0.000000 0.000000 1.000000 30414.dat
0 NOFILE
0 FILE SubModel Group 3 Copy 9
0 SubModel Group 3
0 Name: SubModel Group 3
0 Author: 
0 CustomBrick
0 FlexibleBrickControlPointUnitLength -1
0 FlexibleBrickLockedControlPoint 
0 NumOfBricks 12
1 71 -66.333260 -80.000000 -3.666660 1.000000 0.000000 0.000000 0.000000 1.000000 0.000000 0.000000 0.000000 1.000000 18653.dat
1 71 53.666780 -80.000000 -3.666660 -1.000000 0.000000 0.000000 0.000000 1.000000 0.000000 0.000000 0.000000 -1.000000 18653.dat
1 71 -16.333250 -32.000000 6.333340 -1.000000 0.000000 0.000000 0.000000 1.000000 0.000000 0.000000 0.000000 -1.000000 3795.dat
1 28 53.665780 -32.000000 6.333310 0.000000 0.000000 1.000000 0.000000 1.000000 0.000000 -1.000000 0.000000 0.000000 3023b.dat
0 STEP
1 19 -16.333250 -24.000000 16.333340 1.000000 0.000000 0.000000 0.000000 1.000000 0.000000 0.000000 0.000000 1.000000 30414.dat
1 71 -6.333250 -40.000000 -3.666660 1.000000 0.000000 0.000000 0.000000 1.000000 0.000000 0.000000 0.000000 1.000000 3070b.dat
1 72 -66.333260 -56.000000 16.333310 0.000000 0.000000 -1.000000 0.000000 1.000000 0.000000 1.000000 0.000000 0.000000 3040b.dat
1 72 53.666760 -56.000000 16.333310 0.000000 0.000000 1.000000 0.000000 1.000000 0.000000 -1.000000 0.000000 0.000000 3040b.dat
1 72 -66.333260 -80.000000 16.333310 1.000000 0.000000 0.000000 0.000000 1.000000 0.000000 0.000000 0.000000 1.000000 3005.dat
1 72 53.666760 -80.000000 16.333310 1.000000 0.000000 0.000000 0.000000 1.000000 0.000000 0.000000 0.000000 1.000000 3005.dat
1 71 -66.333320 -88.000000 6.333280 0.000000 0.000000 1.000000 0.000000 1.000000 0.000000 -1.000000 0.000000 0.000000 3069b.dat
1 71 53.666760 -88.000000 6.333280 0.000000 0.000000 1.000000 0.000000 1.000000 0.000000 -1.000000 0.000000 0.000000 3069b.dat
0 STEP
0 NOFILE
0 FILE SubModel Group 1 Copy 15
0 SubModel Group 1
0 Name: SubModel Group 1
0 Author: 
0 CustomBrick
0 FlexibleBrickControlPointUnitLength -1
0 FlexibleBrickLockedControlPoint 
0 NumOfBricks 10
1 72 136.000000 -32.000000 15.999970 1.000000 0.000000 0.000000 0.000000 1.000000 0.000000 0.000000 0.000000 1.000000 3022.dat
1 72 56.000000 -32.000000 -14.000030 1.000000 0.000000 0.000000 0.000000 1.000000 0.000000 0.000000 0.000000 1.000000 4477.dat
1 71 116.000000 -40.000000 5.999970 1.000000 0.000000 0.000000 0.000000 1.000000 0.000000 0.000000 0.000000 1.000000 88646.dat
1 71 36.000000 -40.000000 5.999970 1.000000 0.000000 0.000000 0.000000 1.000000 0.000000 0.000000 0.000000 1.000000 88646.dat
1 71 -44.000000 -40.000000 5.999970 1.000000 0.000000 0.000000 0.000000 1.000000 0.000000 0.000000 0.000000 1.000000 88646.dat
1 72 -4.000000 -32.000000 25.999970 1.000000 0.000000 0.000000 0.000000 1.000000 0.000000 0.000000 0.000000 1.000000 4477.dat
1 71 -84.000000 -32.000000 -4.000030 0.000000 0.000000 -1.000000 0.000000 1.000000 0.000000 1.000000 0.000000 0.000000 98286.dat
1 72 -44.000000 -24.000000 -14.000030 1.000000 0.000000 0.000000 0.000000 1.000000 0.000000 0.000000 0.000000 1.000000 3666.dat
1 72 106.000000 -24.000000 -4.000060 0.000000 0.000000 -1.000000 0.000000 1.000000 0.000000 1.000000 0.000000 0.000000 3747b.dat
1 71 -94.000030 -40.000000 6.000000 0.000000 0.000000 1.000000 0.000000 1.000000 0.000000 -1.000000 0.000000 0.000000 63864.dat
0 NOFILE
0 FILE SubModel Group 2 Copy 10
0 SubModel Group 2
0 Name: SubModel Group 2
0 Author: 
0 CustomBrick
0 FlexibleBrickControlPointUnitLength -1
0 FlexibleBrickLockedControlPoint 
0 NumOfBricks 2
1 72 40.000000 -8.000000 10.000000 1.000000 0.000000 0.000000 0.000000 1.000000 0.000000 0.000000 0.000000 1.000000 4477.dat
1 71 -20.000000 -16.000000 0.000000 1.000000 0.000000 0.000000 0.000000 1.000000 0.000000 0.000000 0.000000 1.000000 87079.dat
0 NOFILE
0 FILE SubModel Group 3_Mirrored
0 SubModel Group 3_Mirrored
0 Name: SubModel Group 3_Mirrored
0 Author: 
0 CustomBrick
0 FlexibleBrickControlPointUnitLength -1
0 FlexibleBrickLockedControlPoint 
0 NumOfBricks 38
1 71 47.195280 1.999990 52.020140 1.000000 0.000000 0.000000 0.000000 1.000000 0.000000 0.000000 0.000000 1.000000 3702.dat
1 1 67.195280 11.999990 62.020140 0.000000 0.000000 -1.000000 0.000000 1.000000 0.000000 1.000000 0.000000 0.000000 43093.dat
1 1 -12.804750 11.999990 62.020140 0.000000 0.000000 -1.000000 0.000000 1.000000 0.000000 1.000000 0.000000 0.000000 43093.dat
1 71 -102.805100 -30.000080 32.020010 0.000000 0.000000 -1.000000 0.000000 1.000000 0.000000 1.000000 0.000000 0.000000 63864.dat
1 0 27.195280 11.999990 62.020140 0.000000 0.000000 1.000000 0.000000 1.000000 0.000000 -1.000000 0.000000 0.000000 4459.dat
1 71 -102.805100 -14.000070 32.020010 0.000000 0.000000 -1.000000 0.000000 1.000000 0.000000 1.000000 0.000000 0.000000 3623.dat
1 15 87.195270 25.999990 22.020140 0.000000 0.000000 1.000000 0.000000 1.000000 0.000000 -1.000000 0.000000 0.000000 30503.dat
1 72 117.195300 17.999990 2.020130 0.000000 0.000000 1.000000 0.000000 1.000000 0.000000 -1.000000 0.000000 0.000000 3710.dat
1 71 47.195280 -6.000010 52.020140 1.000000 0.000000 0.000000 0.000000 1.000000 0.000000 0.000000 0.000000 1.000000 3460.dat
1 0 117.195300 -6.000010 -17.979890 0.000000 0.000000 -1.000000 0.000000 1.000000 0.000000 1.000000 0.000000 0.000000 30414.dat
1 1 117.195300 -6.000010 32.020140 0.000000 0.000000 -1.000000 0.000000 1.000000 0.000000 1.000000 0.000000 0.000000 87087.dat
1 19 117.195300 -14.000010 22.020100 0.000000 0.000000 -1.000000 0.000000 1.000000 0.000000 1.000000 0.000000 0.000000 3460.dat
1 28 135.195300 3.999990 82.020140 0.000000 -1.000000 0.000000 0.000000 0.000000 -1.000000 1.000000 0.000000 0.000000 3023b.dat
1 28 117.195400 -22.000010 82.020140 0.000000 0.000000 -1.000000 0.000000 1.000000 0.000000 1.000000 0.000000 0.000000 3023b.dat
1 71 117.195400 -6.000010 82.020140 0.000000 0.000000 -1.000000 0.000000 1.000000 0.000000 1.000000 0.000000 0.000000 11211.dat
1 19 27.195280 -14.000010 52.020140 1.000000 0.000000 0.000000 0.000000 1.000000 0.000000 0.000000 0.000000 1.000000 3460.dat
1 71 77.195400 -30.000030 -7.980220 0.000000 0.000000 -1.000000 0.000000 1.000000 0.000000 1.000000 0.000000 0.000000 63864.dat
1 71 -12.804690 -30.000030 62.020060 -1.000000 0.000000 0.000000 0.000000 1.000000 0.000000 0.000000 0.000000 -1.000000 6179.dat
1 0 125.195300 14.000000 -77.979880 0.000000 -1.000000 0.000000 1.000000 0.000000 0.000000 0.000000 0.000000 1.000000 4459.dat
1 71 135.195300 13.999990 32.020130 0.000000 -1.000000 0.000000 0.000000 0.000000 -1.000000 1.000000 0.000000 0.000000 3021.dat
1 71 7.195340 -22.000040 2.020070 0.000000 0.000000 1.000000 0.000000 1.000000 0.000000 -1.000000 0.000000 0.000000 30355.dat
1 71 97.195430 -30.000020 -57.980470 0.000000 0.000000 1.000000 0.000000 1.000000 0.000000 -1.000000 0.000000 0.000000 43723b.dat
1 71 87.195300 -30.000020 62.020100 -1.000000 0.000000 0.000000 0.000000 1.000000 0.000000 0.000000 0.000000 -1.000000 6179.dat
1 16 -2.752690 4.000000 -34.920580 0.947769 0.318959 0.000000 0.000000 0.000000 -1.000000 -0.318959 0.947769 0.000000 submodel group 1_mirrored
1 71 135.195300 13.999990 -37.979870 0.000000 -1.000000 0.000000 -1.000000 0.000000 0.000000 0.000000 0.000000 -1.000000 98286.dat
1 71 143.195300 -6.000000 2.020110 0.000000 -1.000000 0.000000 1.000000 0.000000 0.000000 0.000000 0.000000 1.000000 3068b.dat
1 71 143.195300 4.000000 -57.979860 0.000000 -1.000000 0.000000 0.000000 0.000000 -1.000000 1.000000 0.000000 0.000000 88646.dat
1 16 135.195300 -6.000010 2.020110 0.000000 -1.000000 0.000000 0.000000 0.000000 -1.000000 1.000000 0.000000 0.000000 submodel group 2_mirrored
0 NOFILE
0 FILE SubModel Group 1_Mirrored Copy
0 SubModel Group 1_Mirrored
0 Name: SubModel Group 1_Mirrored
0 Author: 
0 CustomBrick
0 FlexibleBrickControlPointUnitLength -1
0 FlexibleBrickLockedControlPoint 
0 NumOfBricks 19
1 72 -40.000000 -2.000000 -9.999980 1.000000 0.000000 0.000000 0.000000 1.000000 0.000000 0.000000 0.000000 1.000000 3703.dat
1 72 -180.000000 -2.000010 20.000010 0.000000 0.000000 1.000000 0.000000 1.000000 0.000000 -1.000000 0.000000 0.000000 6232.dat
1 72 -120.000000 -2.000010 19.999990 0.000000 0.000000 1.000000 0.000000 1.000000 0.000000 -1.000000 0.000000 0.000000 6232.dat
1 72 -60.000000 -2.000010 20.000010 0.000000 0.000000 1.000000 0.000000 1.000000 0.000000 -1.000000 0.000000 0.000000 6232.dat
1 28 -180.000000 -10.000000 0.000000 0.000000 0.000000 -1.000000 0.000000 1.000000 0.000000 1.000000 0.000000 0.000000 3020.dat
1 28 -120.000000 -10.000010 29.999980 1.000000 0.000000 0.000000 0.000000 1.000000 0.000000 0.000000 0.000000 1.000000 3023b.dat
1 28 -60.000000 -10.000010 29.999990 1.000000 0.000000 0.000000 0.000000 1.000000 0.000000 0.000000 0.000000 1.000000 3023b.dat
1 19 0.000000 -10.000000 0.000000 1.000000 0.000000 0.000000 0.000000 1.000000 0.000000 0.000000 0.000000 1.000000 4282.dat
1 71 -160.000000 -18.000000 -0.000010 -1.000000 0.000000 0.000000 0.000000 1.000000 0.000000 0.000000 0.000000 -1.000000 6179.dat
1 71 -80.000000 -18.000000 -0.000010 -1.000000 0.000000 0.000000 0.000000 1.000000 0.000000 0.000000 0.000000 -1.000000 6179.dat
1 71 0.000000 -18.000000 -0.000010 -1.000000 0.000000 0.000000 0.000000 1.000000 0.000000 0.000000 0.000000 -1.000000 6179.dat
1 71 80.000000 -18.000000 -0.000010 -1.000000 0.000000 0.000000 0.000000 1.000000 0.000000 0.000000 0.000000 -1.000000 6179.dat
1 71 160.000000 -18.000000 9.999990 1.000000 0.000000 0.000000 0.000000 1.000000 0.000000 0.000000 0.000000 1.000000 88646.dat
1 71 150.000000 -2.000010 0.000000 1.000000 0.000000 0.000000 0.000000 1.000000 0.000000 0.000000 0.000000 1.000000 3021.dat
1 1 -180.000000 21.999990 20.000000 0.000000 0.000000 1.000000 -1.000000 0.000000 0.000000 0.000000 -1.000000 0.000000 43093.dat
1 1 -120.000000 21.999990 20.000000 0.000000 0.000000 1.000000 -1.000000 0.000000 0.000000 0.000000 -1.000000 0.000000 43093.dat
1 1 -60.000000 21.999990 20.000000 0.000000 0.000000 1.000000 -1.000000 0.000000 0.000000 0.000000 -1.000000 0.000000 43093.dat
1 72 169.999900 -10.000030 -0.000060 0.000000 0.000000 -1.000000 0.000000 1.000000 0.000000 1.000000 0.000000 0.000000 32028.dat
1 72 -100.000000 -41.999990 -30.000010 1.000000 0.000000 0.000000 0.000000 1.000000 0.000000 0.000000 0.000000 1.000000 15207.dat
0 NOFILE
0 FILE SubModel Group 19 Copy 2
0 SubModel Group 19
0 Name: SubModel Group 19
0 Author: 
0 CustomBrick
0 FlexibleBrickControlPointUnitLength -1
0 FlexibleBrickLockedControlPoint 
0 NumOfBricks 139
1 16 464.703400 -45.852570 -77.737120 0.000000 -1.000000 0.000000 0.000000 0.000000 -1.000000 1.000000 0.000000 0.000000 submodel group 8 copy 5
0 STEP
1 320 143.703800 -40.074860 11.929200 -1.000000 0.000000 0.000000 0.000000 0.000000 -1.000000 0.000000 -1.000000 0.000000 3666.dat
1 71 143.703700 -40.074830 43.929200 -1.000000 0.000000 0.000000 0.000000 0.000000 -1.000000 0.000000 -1.000000 0.000000 3710.dat
1 71 193.704500 -30.074780 25.929200 1.000000 0.000000 0.000000 0.000000 -1.000000 0.000000 0.000000 0.000000 -1.000000 54200.dat
1 71 93.703670 -30.074770 25.929200 1.000000 0.000000 0.000000 0.000000 -1.000000 0.000000 0.000000 0.000000 -1.000000 54200.dat
1 71 193.704500 -50.074880 25.929200 -1.000000 0.000000 0.000000 0.000000 1.000000 0.000000 0.000000 0.000000 -1.000000 54200.dat
1 71 93.703670 -50.074890 25.929200 -1.000000 0.000000 0.000000 0.000000 1.000000 0.000000 0.000000 0.000000 -1.000000 54200.dat
1 71 193.705700 -40.075410 35.929200 0.000000 0.000000 -1.000000 1.000000 0.000000 0.000000 0.000000 -1.000000 0.000000 54200.dat
1 71 93.703670 -40.074830 35.929200 0.000000 0.000000 1.000000 -1.000000 0.000000 0.000000 0.000000 -1.000000 0.000000 54200.dat
1 71 103.703700 -40.074830 35.929200 -1.000000 0.000000 0.000000 0.000000 0.000000 -1.000000 0.000000 -1.000000 0.000000 52107.dat
1 71 143.703700 -40.074840 35.929200 -1.000000 0.000000 0.000000 0.000000 0.000000 -1.000000 0.000000 -1.000000 0.000000 52107.dat
1 71 183.703900 -40.074840 35.929200 -1.000000 0.000000 0.000000 0.000000 0.000000 -1.000000 0.000000 -1.000000 0.000000 52107.dat
1 71 143.703600 -40.074830 51.929200 -1.000000 0.000000 0.000000 0.000000 0.000000 -1.000000 0.000000 -1.000000 0.000000 3743.dat
1 71 173.703900 -30.074800 35.929200 1.000000 0.000000 0.000000 0.000000 -1.000000 0.000000 0.000000 0.000000 -1.000000 61409b.dat
1 71 153.703800 -30.074800 35.929200 1.000000 0.000000 0.000000 0.000000 -1.000000 0.000000 0.000000 0.000000 -1.000000 61409b.dat
1 71 133.703700 -30.074800 35.929200 1.000000 0.000000 0.000000 0.000000 -1.000000 0.000000 0.000000 0.000000 -1.000000 61409b.dat
1 71 113.703800 -30.074800 35.929200 1.000000 0.000000 0.000000 0.000000 -1.000000 0.000000 0.000000 0.000000 -1.000000 61409b.dat
1 71 113.703800 -50.074920 35.929200 -1.000000 0.000000 0.000000 0.000000 1.000000 0.000000 0.000000 0.000000 -1.000000 61409b.dat
1 71 133.703700 -50.074920 35.929200 -1.000000 0.000000 0.000000 0.000000 1.000000 0.000000 0.000000 0.000000 -1.000000 61409b.dat
1 71 153.703800 -50.074900 35.929200 -1.000000 0.000000 0.000000 0.000000 1.000000 0.000000 0.000000 0.000000 -1.000000 61409b.dat
1 71 173.703900 -50.074920 35.929200 -1.000000 0.000000 0.000000 0.000000 1.000000 0.000000 0.000000 0.000000 -1.000000 61409b.dat
1 72 -456.296900 -60.074980 -4.070800 1.000000 0.000000 0.000000 0.000000 0.000000 1.000000 0.000000 -1.000000 0.000000 3703.dat
1 1 -596.296400 -40.074860 -14.070800 0.000000 0.000000 1.000000 1.000000 0.000000 0.000000 0.000000 1.000000 0.000000 6558.dat
1 28 -546.297100 -40.074920 11.929200 1.000000 0.000000 0.000000 0.000000 0.000000 1.000000 0.000000 -1.000000 0.000000 3070b.dat
1 71 -606.297100 -60.074980 3.929200 1.000000 0.000000 0.000000 0.000000 0.000000 1.000000 0.000000 -1.000000 0.000000 63864.dat
1 72 -456.296900 -20.074910 -4.070800 1.000000 0.000000 0.000000 0.000000 0.000000 1.000000 0.000000 -1.000000 0.000000 3703.dat
1 71 -606.297100 -20.074910 3.929200 1.000000 0.000000 0.000000 0.000000 0.000000 1.000000 0.000000 -1.000000 0.000000 63864.dat
1 71 -536.297100 -40.074920 3.929200 1.000000 0.000000 0.000000 0.000000 0.000000 1.000000 0.000000 -1.000000 0.000000 88646.dat
1 71 -464.278700 -54.074860 9.929080 0.000000 0.000000 -1.000003 1.000003 0.000000 0.000000 0.000000 -1.000000 0.000000 30162.dat
1 71 -506.297000 -40.074920 11.929200 1.000000 0.000000 0.000000 0.000000 0.000000 1.000000 0.000000 -1.000000 0.000000 60897.dat
1 72 -426.296900 -60.074920 3.929200 0.000000 0.000000 1.000000 -1.000000 0.000000 0.000000 0.000000 -1.000000 0.000000 15712.dat
1 71 -476.297000 -30.074900 3.929200 1.000000 0.000000 0.000000 0.000000 0.000000 1.000000 0.000000 -1.000000 0.000000 87580.dat
1 72 -335.657100 -20.074780 9.929200 0.000000 1.000000 0.000000 0.000000 0.000000 -1.000000 -1.000000 0.000000 0.000000 63965.dat
1 71 -372.278400 -48.074800 9.929080 0.000000 -1.000003 0.000000 -1.000003 0.000000 0.000000 0.000000 0.000000 -1.000000 30374.dat
1 72 -436.296900 -20.074910 3.929200 1.000000 0.000000 0.000000 0.000000 0.000000 1.000000 0.000000 -1.000000 0.000000 2412b.dat
1 72 -476.297000 -60.074980 3.929200 1.000000 0.000000 0.000000 0.000000 0.000000 1.000000 0.000000 -1.000000 0.000000 2412b.dat
1 71 -372.276900 -60.074980 9.929140 0.000000 -1.000000 0.000000 -1.000000 0.000000 0.000000 0.000000 0.000000 -1.000000 30374.dat
1 71 -396.296900 -30.074900 3.929200 1.000000 0.000000 0.000000 0.000000 0.000000 1.000000 0.000000 -1.000000 0.000000 87580.dat
1 19 -296.297000 -60.074920 -28.070860 1.000000 0.000000 0.000000 0.000000 0.000000 1.000000 0.000000 -1.000000 0.000000 3460.dat
1 1 -356.296900 -40.074920 -14.070800 0.000000 0.000000 1.000000 1.000000 0.000000 0.000000 0.000000 1.000000 0.000000 6558.dat
1 72 -366.296900 -20.074840 3.929200 0.000000 0.000000 1.000000 -1.000000 0.000000 0.000000 0.000000 -1.000000 0.000000 15712.dat
1 72 -336.297000 -40.074920 -14.070800 0.000000 0.000000 -1.000000 0.000000 1.000000 0.000000 1.000000 0.000000 0.000000 32523.dat
1 72 -386.296900 -60.074980 3.929200 0.000000 0.000000 1.000000 -1.000000 0.000000 0.000000 0.000000 -1.000000 0.000000 15712.dat
1 71 -360.278600 -54.074860 9.929080 0.000000 0.000000 1.000003 -1.000003 0.000000 0.000000 0.000000 -1.000000 0.000000 30162.dat
1 72 -336.297000 -60.074980 3.929140 1.000000 0.000000 0.000000 0.000000 0.000000 1.000000 0.000000 -1.000000 0.000000 15573.dat
1 1 -316.297000 -40.074860 -14.070860 0.000000 0.000000 1.000000 1.000000 0.000000 0.000000 0.000000 1.000000 0.000000 6558.dat
1 28 -306.297000 -20.074840 11.929200 1.000000 0.000000 0.000000 0.000000 0.000000 1.000000 0.000000 -1.000000 0.000000 3070b.dat
1 72 -326.297000 -20.074910 3.929200 0.000000 0.000000 1.000000 -1.000000 0.000000 0.000000 0.000000 -1.000000 0.000000 15712.dat
1 71 -296.297000 -40.074860 3.929140 0.000000 0.000000 -1.000000 1.000000 0.000000 0.000000 0.000000 -1.000000 0.000000 3021.dat
1 72 -296.297000 -40.074860 3.929140 0.000000 0.000000 -1.000000 1.000000 0.000000 0.000000 0.000000 -1.000000 0.000000 61409b.dat
1 71 -136.296900 -20.074910 -4.070860 1.000000 0.000000 0.000000 0.000000 0.000000 1.000000 0.000000 -1.000000 0.000000 2465.dat
1 72 -256.296900 -60.074860 3.929140 -1.000000 0.000000 0.000000 0.000000 0.000000 -1.000000 0.000000 -1.000000 0.000000 2540.dat
1 71 -136.296900 -60.074920 -4.070860 1.000000 0.000000 0.000000 0.000000 0.000000 1.000000 0.000000 -1.000000 0.000000 2465.dat
1 72 -256.296900 -20.074910 3.929140 1.000000 0.000000 0.000000 0.000000 0.000000 1.000000 0.000000 -1.000000 0.000000 2412b.dat
1 72 -176.296900 -60.074920 3.929140 1.000000 0.000000 0.000000 0.000000 0.000000 1.000000 0.000000 -1.000000 0.000000 15573.dat
1 72 -166.296900 -20.074910 3.929140 -1.000000 0.000000 0.000000 0.000000 0.000000 -1.000000 0.000000 -1.000000 0.000000 44300.dat
1 72 -216.296900 -60.074920 3.929140 1.000000 0.000000 0.000000 0.000000 0.000000 1.000000 0.000000 -1.000000 0.000000 2412b.dat
1 72 -216.296900 -20.074910 3.929140 1.000000 0.000000 0.000000 0.000000 0.000000 1.000000 0.000000 -1.000000 0.000000 2540.dat
1 71 -106.296200 -60.074920 27.929200 1.000000 0.000000 0.000000 0.000000 0.000000 1.000000 0.000000 -1.000000 0.000000 4599b.dat
1 71 -146.296300 -60.074920 19.929200 0.000000 0.000000 -1.000000 1.000000 0.000000 0.000000 0.000000 -1.000000 0.000000 4735.dat
1 72 -126.296800 -20.074970 17.929140 -0.868618 0.495451 0.000000 0.495451 0.868618 0.000000 0.000000 0.000000 -1.000000 30031.dat
1 72 -126.296800 -20.074910 11.929140 -0.495451 0.000000 0.868618 -0.868618 0.000000 -0.495451 0.000000 -1.000000 0.000000 15712.dat
1 71 -116.296900 -40.074920 3.929140 0.000000 0.000000 1.000000 -1.000000 0.000000 0.000000 0.000000 -1.000000 0.000000 3021.dat
1 72 -146.296300 -60.074860 3.929200 -1.000000 0.000000 0.000000 0.000000 0.000000 -1.000000 0.000000 -1.000000 0.000000 4081b.dat
1 72 -174.296200 -40.074800 1.929260 0.000000 1.000000 0.000000 0.000000 0.000000 -1.000000 -1.000000 0.000000 0.000000 59900.dat
1 71 -76.296880 -50.074920 3.929140 0.000000 0.000000 1.000000 -1.000000 0.000000 0.000000 0.000000 -1.000000 0.000000 92582.dat
1 19 -296.297000 -20.074910 -28.070860 1.000000 0.000000 0.000000 0.000000 0.000000 1.000000 0.000000 -1.000000 0.000000 3460.dat
1 28 -76.296880 -20.074910 3.929140 -1.000000 0.000000 0.000000 0.000000 0.000000 -1.000000 0.000000 -1.000000 0.000000 3023b.dat
1 71 -76.296880 -30.074900 27.929140 1.000000 0.000000 0.000000 0.000000 0.000000 1.000000 0.000000 -1.000000 0.000000 30367c.dat
1 71 -76.296880 -58.074920 21.929140 -1.000000 0.000000 0.000000 0.000000 0.000000 -1.000000 0.000000 -1.000000 0.000000 30553.dat
1 71 -6.296940 -60.074920 19.929140 0.000000 0.000000 1.000000 -1.000000 0.000000 0.000000 0.000000 -1.000000 0.000000 4735.dat
1 71 -46.296940 -60.074920 24.719120 1.000000 0.000000 0.000000 0.000000 0.000000 1.000000 0.000000 -1.000000 0.000000 4599b.dat
1 72 -46.296940 -40.074860 -28.070860 0.000000 0.000000 -1.000000 1.000000 0.000000 0.000000 0.000000 -1.000000 0.000000 3623.dat
1 71 -36.296880 -40.074860 3.929140 0.000000 0.000000 1.000000 -1.000000 0.000000 0.000000 0.000000 -1.000000 0.000000 3021.dat
1 72 13.703120 -40.074920 9.929140 1.000000 0.000000 0.000000 0.000000 0.000000 1.000000 0.000000 -1.000000 0.000000 6190.dat
1 28 -6.296880 -20.074910 11.929140 1.000000 0.000000 0.000000 0.000000 0.000000 1.000000 0.000000 -1.000000 0.000000 3070b.dat
1 71 13.703120 -40.074920 3.929140 1.000000 0.000000 0.000000 0.000000 0.000000 1.000000 0.000000 -1.000000 0.000000 11212.dat
1 19 43.703120 -20.074910 -28.070860 1.000000 0.000000 0.000000 0.000000 0.000000 1.000000 0.000000 -1.000000 0.000000 3460.dat
1 19 43.703120 -60.074920 -28.070860 1.000000 0.000000 0.000000 0.000000 0.000000 1.000000 0.000000 -1.000000 0.000000 3460.dat
1 72 -26.296880 -30.074780 3.929140 -1.000000 0.000000 0.000000 0.000000 0.000000 -1.000000 0.000000 -1.000000 0.000000 61409b.dat
1 72 123.703200 -60.074920 -4.070860 1.000000 0.000000 0.000000 0.000000 0.000000 1.000000 0.000000 -1.000000 0.000000 6111.dat
1 71 73.703120 -40.074920 3.929140 1.000000 0.000000 0.000000 0.000000 0.000000 1.000000 0.000000 -1.000000 0.000000 11212.dat
1 72 13.703120 -20.074910 11.929140 -1.000000 0.000000 0.000000 0.000000 0.000000 -1.000000 0.000000 -1.000000 0.000000 15712.dat
1 72 53.703120 -60.074860 11.929140 1.000000 0.000000 0.000000 0.000000 0.000000 1.000000 0.000000 -1.000000 0.000000 15712.dat
1 71 53.703060 -60.074860 17.929140 0.000000 -1.000000 0.000000 0.000000 0.000000 -1.000000 1.000000 0.000000 0.000000 23443.dat
1 71 13.703120 -20.074910 17.929140 0.000000 -1.000000 0.000000 0.000000 0.000000 -1.000000 1.000000 0.000000 0.000000 23443.dat
1 71 183.703200 -20.074910 -4.070860 1.000000 0.000000 0.000000 0.000000 0.000000 1.000000 0.000000 -1.000000 0.000000 2465.dat
1 72 63.703120 -30.074900 27.929140 1.000000 0.000000 0.000000 0.000000 0.000000 1.000000 0.000000 -1.000000 0.000000 30165.dat
1 19 183.703200 -20.074910 3.929080 1.000000 0.000000 0.000000 0.000000 0.000000 1.000000 0.000000 -1.000000 0.000000 3460.dat
1 71 103.703200 -20.074910 11.929140 1.000000 0.000000 0.000000 0.000000 0.000000 1.000000 0.000000 -1.000000 0.000000 15573.dat
1 71 133.703800 -50.074860 3.929200 1.000000 0.000000 0.000000 0.000000 0.000000 1.000000 0.000000 -1.000000 0.000000 3021.dat
1 71 103.703800 -60.074860 11.929200 1.000000 0.000000 0.000000 0.000000 0.000000 1.000000 0.000000 -1.000000 0.000000 15573.dat
1 71 143.703200 -20.074910 11.929140 1.000000 0.000000 0.000000 0.000000 0.000000 1.000000 0.000000 -1.000000 0.000000 15573.dat
1 71 143.703800 -60.074860 11.929200 1.000000 0.000000 0.000000 0.000000 0.000000 1.000000 0.000000 -1.000000 0.000000 15573.dat
1 72 133.703200 -40.074860 -28.070860 0.000000 0.000000 -1.000000 1.000000 0.000000 0.000000 0.000000 -1.000000 0.000000 3623.dat
1 71 193.703200 -50.074920 3.929080 1.000000 0.000000 0.000000 0.000000 0.000000 1.000000 0.000000 -1.000000 0.000000 3021.dat
1 71 183.703200 -20.074910 11.929140 1.000000 0.000000 0.000000 0.000000 0.000000 1.000000 0.000000 -1.000000 0.000000 15573.dat
1 71 203.703200 -40.074920 -28.070920 0.000000 0.000000 -1.000000 1.000000 0.000000 0.000000 0.000000 -1.000000 0.000000 3021.dat
1 71 223.703200 -40.074920 11.929080 0.000000 0.000000 -1.000000 1.000000 0.000000 0.000000 0.000000 -1.000000 0.000000 3021.dat
1 71 183.703200 -60.074920 11.929080 1.000000 0.000000 0.000000 0.000000 0.000000 1.000000 0.000000 -1.000000 0.000000 15573.dat
1 71 363.703200 -20.074910 -28.070920 1.000000 0.000000 0.000000 0.000000 0.000000 1.000000 0.000000 -1.000000 0.000000 4477.dat
1 71 363.703200 -20.074910 3.929080 1.000000 0.000000 0.000000 0.000000 0.000000 1.000000 0.000000 -1.000000 0.000000 4477.dat
1 72 423.703200 -60.074920 -4.070920 -1.000000 0.000000 0.000000 0.000000 0.000000 -1.000000 0.000000 -1.000000 0.000000 3894.dat
1 72 423.703200 -20.074910 -4.070920 -1.000000 0.000000 0.000000 0.000000 0.000000 -1.000000 0.000000 -1.000000 0.000000 3894.dat
1 320 403.703200 -60.074920 -28.070920 1.000000 0.000000 0.000000 0.000000 0.000000 1.000000 0.000000 -1.000000 0.000000 3666.dat
1 71 353.703200 -40.074860 -4.070920 0.000000 0.000000 -1.000000 1.000000 0.000000 0.000000 0.000000 -1.000000 0.000000 3622.dat
1 320 403.703200 -60.074860 3.929080 1.000000 0.000000 0.000000 0.000000 0.000000 1.000000 0.000000 -1.000000 0.000000 3666.dat
1 0 383.703200 -40.074800 -74.070920 1.000000 0.000000 0.000000 0.000000 1.000000 0.000000 0.000000 0.000000 1.000000 32140.dat
1 1 383.703200 -40.074920 -14.070920 0.000000 0.000000 -1.000000 1.000000 0.000000 0.000000 0.000000 -1.000000 0.000000 6558.dat
1 1 403.703200 -40.074860 -14.070920 0.000000 0.000000 1.000000 1.000000 0.000000 0.000000 0.000000 1.000000 0.000000 6558.dat
1 0 443.703200 -40.074860 -74.070920 1.000000 0.000000 0.000000 0.000000 1.000000 0.000000 0.000000 0.000000 1.000000 32140.dat
1 1 443.703200 -40.074860 -14.070920 0.000000 0.000000 -1.000000 1.000000 0.000000 0.000000 0.000000 -1.000000 0.000000 6558.dat
1 71 483.703300 -40.074860 3.929080 0.000000 0.000000 -1.000000 1.000000 0.000000 0.000000 0.000000 -1.000000 0.000000 3021.dat
1 71 483.703200 -40.074920 -28.070920 0.000000 0.000000 -1.000000 1.000000 0.000000 0.000000 0.000000 -1.000000 0.000000 3021.dat
1 1 463.703200 -40.074980 -14.070920 0.000000 0.000000 -1.000000 1.000000 0.000000 0.000000 0.000000 -1.000000 0.000000 6558.dat
1 72 503.703300 -20.074910 -4.070920 1.000000 0.000000 0.000000 0.000000 0.000000 1.000000 0.000000 -1.000000 0.000000 30365.dat
1 71 523.703200 -40.074860 3.929080 0.000000 0.000000 -1.000000 1.000000 0.000000 0.000000 0.000000 -1.000000 0.000000 3021.dat
1 72 503.703300 -60.074860 -4.070620 1.000000 0.000000 0.000000 0.000000 0.000000 1.000000 0.000000 -1.000000 0.000000 30365.dat
0 STEP
1 14 473.703200 -39.456120 -104.071800 0.000000 0.000000 -1.000000 1.000000 0.000000 0.000000 0.000000 -1.000000 0.000000 4519.dat
1 14 444.259300 -39.506100 -76.996640 0.000000 -0.017452 -0.999847 -1.000000 0.000000 0.000000 0.000000 0.999847 -0.017452 4519.dat
1 4 459.316200 -60.696100 -90.178600 0.694658 0.000000 0.719339 0.000000 -1.000000 0.000000 0.719339 0.000000 -0.694658 32523.dat
1 4 459.657200 -19.456100 -89.797840 -0.676876 0.000000 0.736096 0.000000 1.000000 0.000000 -0.736096 0.000000 -0.676876 32523.dat
0 STEP
0 NOFILE
0 FILE SubModel Group 20 Copy 2
0 SubModel Group 20
0 Name: SubModel Group 20
0 Author: 
0 CustomBrick
0 FlexibleBrickControlPointUnitLength -1
0 FlexibleBrickLockedControlPoint 
0 NumOfBricks 82
1 16 200.175200 -24.149900 10.143410 1.000000 0.000000 0.000000 0.000000 0.000000 -1.000000 0.000000 1.000000 0.000000 submodel group 18 copy 2
0 STEP
1 16 -200.175200 -30.007950 -0.143410 0.000000 1.000001 0.000000 0.000000 0.000000 -1.000000 -1.000001 0.000000 0.000000 submodel group 17 copy 2
1 16 -274.242000 -0.007910 -1.857780 1.000000 0.000000 0.000000 0.000000 1.000000 0.000000 0.000000 0.000000 1.000000 submodel group 22 copy 2
1 16 -148.039200 -40.007960 -29.691010 1.000000 0.000000 0.000000 0.000000 1.000000 0.000003 0.000000 -0.000003 1.000000 submodel group 21 copy 2
1 71 -50.175120 -30.007940 -45.857760 0.000000 0.000000 1.000000 1.000000 0.000000 0.000000 -0.000001 1.000000 0.000000 15535.dat
1 71 -50.175160 -30.007950 -29.857720 0.000000 0.000000 -1.000000 -1.000000 0.000001 0.000000 0.000001 1.000000 0.000000 3021.dat
1 72 -50.175140 -30.007950 -37.857670 -1.000000 0.000000 0.000000 0.000000 0.000001 1.000000 0.000000 1.000000 -0.000001 15573.dat
0 STEP
0 NOFILE
0 FILE SubModel Group 3 Copy 10
0 SubModel Group 3
0 Name: SubModel Group 3
0 Author: 
0 CustomBrick
0 FlexibleBrickControlPointUnitLength -1
0 FlexibleBrickLockedControlPoint 
0 NumOfBricks 7
1 16 -0.000020 0.000000 30.000000 1.000000 0.000000 0.000000 0.000000 1.000000 0.000000 0.000000 0.000000 1.000000 submodel group 1 copy 16
0 STEP
1 16 0.000020 -0.000050 0.000000 1.000000 0.000000 0.000000 0.000000 1.000000 0.000000 0.000000 0.000000 1.000000 submodel group 2 copy 13
0 STEP
0 NOFILE
0 FILE SubModel Group 4 Copy 8
0 SubModel Group 4
0 Name: SubModel Group 4
0 Author: 
0 CustomBrick
0 FlexibleBrickControlPointUnitLength -1
0 FlexibleBrickLockedControlPoint 
0 NumOfBricks 26
1 19 16.402360 -12.000030 113.800000 -1.000000 0.000000 0.000000 0.000000 -1.000000 0.000000 0.000000 0.000000 1.000000 3032.dat
1 72 76.402360 -4.000050 113.800000 -1.000000 0.000000 0.000000 0.000000 -1.000000 0.000000 0.000000 0.000000 1.000000 3795.dat
1 72 96.402330 -12.000060 93.799990 0.000000 0.000000 1.000000 0.000000 -1.000000 0.000000 1.000000 0.000000 0.000000 3795.dat
1 72 36.402340 -12.000030 -26.200030 0.000000 0.000000 -1.000000 0.000000 -1.000000 0.000000 -1.000000 0.000000 0.000000 3030.dat
1 71 76.402330 -4.000050 -26.200030 -1.000000 0.000000 0.000000 0.000000 -1.000000 0.000000 0.000000 0.000000 1.000000 30356.dat
1 71 56.402320 -12.000040 -156.200000 -1.000000 0.000000 0.000000 0.000000 -1.000000 0.000000 0.000000 0.000000 1.000000 43722b.dat
1 71 -23.597640 -4.000010 93.799960 0.000000 0.000000 1.000000 0.000000 -1.000000 0.000000 1.000000 0.000000 0.000000 6180.dat
1 71 16.402320 -12.000030 -156.200000 0.000000 0.000000 -1.000000 0.000000 -1.000000 0.000000 -1.000000 0.000000 0.000000 3021.dat
1 71 -63.597600 -12.000000 -66.200040 -1.000000 0.000000 0.000000 0.000000 -1.000000 0.000000 0.000000 0.000000 1.000000 30355.dat
1 71 -83.597600 -11.999990 93.799950 0.000000 0.000000 1.000000 0.000000 -1.000000 0.000000 1.000000 0.000000 0.000000 6179.dat
1 71 -83.597620 -11.999990 173.800000 0.000000 0.000000 1.000000 0.000000 -1.000000 0.000000 1.000000 0.000000 0.000000 6179.dat
1 71 -3.597630 -4.000020 -126.200100 -1.000000 0.000000 0.000000 0.000000 -1.000000 0.000000 0.000000 0.000000 1.000000 3068b.dat
1 28 -3.597630 -4.000020 -36.200040 -1.000000 0.000000 0.000000 0.000000 -1.000000 0.000000 0.000000 0.000000 1.000000 3023b.dat
1 71 16.343530 -20.470600 -176.200000 1.000000 0.000000 0.000000 0.000000 1.000000 0.000000 0.000000 0.000000 1.000000 6636.dat
1 70 -43.597630 -20.000000 73.799960 0.000000 0.000000 1.000000 0.000000 -1.000000 0.000000 1.000000 0.000000 0.000000 3832.dat
1 71 -53.597620 -20.000000 -106.200000 0.000000 0.000000 1.000000 0.000000 -1.000000 0.000000 1.000000 0.000000 0.000000 3460.dat
1 71 16.402340 -12.000010 183.800000 0.000000 0.000000 -1.000000 0.000000 -1.000000 0.000000 -1.000000 0.000000 0.000000 54383.dat
1 71 76.402480 -4.000020 163.800000 0.000000 0.000000 -1.000000 0.000000 -1.000000 0.000000 -1.000000 0.000000 0.000000 54383.dat
1 15 -3.597650 -20.000020 -6.200030 0.000000 0.000000 1.000000 0.000000 -1.000000 0.000000 1.000000 0.000000 0.000000 10247.dat
1 15 -3.597710 -19.999940 113.800200 0.000000 0.000000 -1.000000 0.000000 -1.000000 0.000000 -1.000000 0.000000 0.000000 10247.dat
1 25 36.402340 -20.000030 -6.200030 -1.000000 0.000000 0.000000 0.000000 -1.000000 0.000000 0.000000 0.000000 1.000000 3022.dat
1 25 36.402350 -20.000040 113.800000 -1.000000 0.000000 0.000000 0.000000 -1.000000 0.000000 0.000000 0.000000 1.000000 3022.dat
1 25 16.402320 -20.000040 -126.200000 -1.000000 0.000000 0.000000 0.000000 -1.000000 0.000000 0.000000 0.000000 1.000000 3020.dat
1 72 -3.597660 -28.000020 -16.200030 -1.000000 0.000000 0.000000 0.000000 -1.000000 0.000000 0.000000 0.000000 1.000000 3710.dat
1 72 -3.597650 -28.000030 123.800000 -1.000000 0.000000 0.000000 0.000000 -1.000000 0.000000 0.000000 0.000000 1.000000 3710.dat
1 71 146.402300 -12.000070 73.799980 -1.000000 0.000000 0.000000 0.000000 -1.000000 0.000000 0.000000 0.000000 1.000000 54383.dat
0 NOFILE
0 FILE SubModel Group 3 Copy 13
0 SubModel Group 3
0 Name: SubModel Group 3
0 Author: 
0 CustomBrick
0 FlexibleBrickControlPointUnitLength -1
0 FlexibleBrickLockedControlPoint 
0 NumOfBricks 7
1 16 -0.000020 0.000000 30.000000 1.000000 0.000000 0.000000 0.000000 1.000000 0.000000 0.000000 0.000000 1.000000 submodel group 1 copy 17
0 STEP
1 16 0.000020 -0.000050 0.000000 1.000000 0.000000 0.000000 0.000000 1.000000 0.000000 0.000000 0.000000 1.000000 submodel group 2 copy 14
0 STEP
0 NOFILE
0 FILE SubModel Group 4 Copy 9
0 SubModel Group 4
0 Name: SubModel Group 4
0 Author: 
0 CustomBrick
0 FlexibleBrickControlPointUnitLength -1
0 FlexibleBrickLockedControlPoint 
0 NumOfBricks 26
1 19 16.402360 -12.000030 113.800000 -1.000000 0.000000 0.000000 0.000000 -1.000000 0.000000 0.000000 0.000000 1.000000 3032.dat
1 72 76.402360 -4.000050 113.800000 -1.000000 0.000000 0.000000 0.000000 -1.000000 0.000000 0.000000 0.000000 1.000000 3795.dat
1 72 96.402330 -12.000060 93.799990 0.000000 0.000000 1.000000 0.000000 -1.000000 0.000000 1.000000 0.000000 0.000000 3795.dat
1 72 36.402340 -12.000030 -26.200030 0.000000 0.000000 -1.000000 0.000000 -1.000000 0.000000 -1.000000 0.000000 0.000000 3030.dat
1 71 76.402330 -4.000050 -26.200030 -1.000000 0.000000 0.000000 0.000000 -1.000000 0.000000 0.000000 0.000000 1.000000 30356.dat
1 71 56.402320 -12.000040 -156.200000 -1.000000 0.000000 0.000000 0.000000 -1.000000 0.000000 0.000000 0.000000 1.000000 43722b.dat
1 71 -23.597640 -4.000010 93.799960 0.000000 0.000000 1.000000 0.000000 -1.000000 0.000000 1.000000 0.000000 0.000000 6180.dat
1 71 16.402320 -12.000030 -156.200000 0.000000 0.000000 -1.000000 0.000000 -1.000000 0.000000 -1.000000 0.000000 0.000000 3021.dat
1 71 -63.597600 -12.000000 -66.200040 -1.000000 0.000000 0.000000 0.000000 -1.000000 0.000000 0.000000 0.000000 1.000000 30355.dat
1 71 -83.597600 -11.999990 93.799950 0.000000 0.000000 1.000000 0.000000 -1.000000 0.000000 1.000000 0.000000 0.000000 6179.dat
1 71 -83.597620 -11.999990 173.800000 0.000000 0.000000 1.000000 0.000000 -1.000000 0.000000 1.000000 0.000000 0.000000 6179.dat
1 71 -3.597630 -4.000020 -126.200100 -1.000000 0.000000 0.000000 0.000000 -1.000000 0.000000 0.000000 0.000000 1.000000 3068b.dat
1 28 -3.597630 -4.000020 -36.200040 -1.000000 0.000000 0.000000 0.000000 -1.000000 0.000000 0.000000 0.000000 1.000000 3023b.dat
1 71 16.343530 -20.470600 -176.200000 1.000000 0.000000 0.000000 0.000000 1.000000 0.000000 0.000000 0.000000 1.000000 6636.dat
1 70 -43.597630 -20.000000 73.799960 0.000000 0.000000 1.000000 0.000000 -1.000000 0.000000 1.000000 0.000000 0.000000 3832.dat
1 71 -53.597620 -20.000000 -106.200000 0.000000 0.000000 1.000000 0.000000 -1.000000 0.000000 1.000000 0.000000 0.000000 3460.dat
1 71 16.402340 -12.000010 183.800000 0.000000 0.000000 -1.000000 0.000000 -1.000000 0.000000 -1.000000 0.000000 0.000000 54383.dat
1 71 76.402480 -4.000020 163.800000 0.000000 0.000000 -1.000000 0.000000 -1.000000 0.000000 -1.000000 0.000000 0.000000 54383.dat
1 15 -3.597650 -20.000020 -6.200030 0.000000 0.000000 1.000000 0.000000 -1.000000 0.000000 1.000000 0.000000 0.000000 10247.dat
1 15 -3.597710 -19.999940 113.800200 0.000000 0.000000 -1.000000 0.000000 -1.000000 0.000000 -1.000000 0.000000 0.000000 10247.dat
1 25 36.402340 -20.000030 -6.200030 -1.000000 0.000000 0.000000 0.000000 -1.000000 0.000000 0.000000 0.000000 1.000000 3022.dat
1 25 36.402350 -20.000040 113.800000 -1.000000 0.000000 0.000000 0.000000 -1.000000 0.000000 0.000000 0.000000 1.000000 3022.dat
1 25 16.402320 -20.000040 -126.200000 -1.000000 0.000000 0.000000 0.000000 -1.000000 0.000000 0.000000 0.000000 1.000000 3020.dat
1 72 -3.597660 -28.000020 -16.200030 -1.000000 0.000000 0.000000 0.000000 -1.000000 0.000000 0.000000 0.000000 1.000000 3710.dat
1 72 -3.597650 -28.000030 123.800000 -1.000000 0.000000 0.000000 0.000000 -1.000000 0.000000 0.000000 0.000000 1.000000 3710.dat
1 71 146.402300 -12.000070 73.799980 -1.000000 0.000000 0.000000 0.000000 -1.000000 0.000000 0.000000 0.000000 1.000000 54383.dat
0 NOFILE
0 FILE SubModel Group 3_Mirrored Copy
0 SubModel Group 3_Mirrored
0 Name: SubModel Group 3_Mirrored
0 Author: 
0 CustomBrick
0 FlexibleBrickControlPointUnitLength -1
0 FlexibleBrickLockedControlPoint 
0 NumOfBricks 7
1 16 0.000030 0.000040 30.000010 1.000000 0.000000 0.000000 0.000000 1.000000 0.000000 0.000000 0.000000 1.000000 submodel group 1_mirrored copy 2
0 STEP
1 16 -0.000040 -0.000020 0.000000 1.000000 0.000000 0.000000 0.000000 1.000000 0.000000 0.000000 0.000000 1.000000 submodel group 2_mirrored copy
0 STEP
0 NOFILE
0 FILE SubModel Group 4_Mirrored
0 SubModel Group 4_Mirrored
0 Name: SubModel Group 4_Mirrored
0 Author: 
0 CustomBrick
0 FlexibleBrickControlPointUnitLength -1
0 FlexibleBrickLockedControlPoint 
0 NumOfBricks 26
1 19 9.499969 7.499990 100.000000 -1.000000 0.000000 0.000000 0.000000 -1.000000 0.000000 0.000000 0.000000 1.000000 3032.dat
1 72 -50.500000 15.499970 100.000000 -1.000000 0.000000 0.000000 0.000000 -1.000000 0.000000 0.000000 0.000000 1.000000 3795.dat
1 72 -70.500000 7.499960 80.000040 0.000000 0.000000 -1.000000 0.000000 -1.000000 0.000000 -1.000000 0.000000 0.000000 3795.dat
1 72 -10.500000 7.499980 -39.999980 0.000000 0.000000 1.000000 0.000000 -1.000000 0.000000 1.000000 0.000000 0.000000 3030.dat
1 71 -50.500000 15.499970 -40.000000 -1.000000 0.000000 0.000000 0.000000 -1.000000 0.000000 0.000000 0.000000 1.000000 30355.dat
1 71 -30.499970 7.499970 -170.000000 -1.000000 0.000000 0.000000 0.000000 -1.000000 0.000000 0.000000 0.000000 1.000000 43723b.dat
1 71 49.499970 15.500000 80.000010 0.000000 0.000000 -1.000000 0.000000 -1.000000 0.000000 -1.000000 0.000000 0.000000 6180.dat
1 71 9.500000 7.499990 -170.000000 0.000000 0.000000 1.000000 0.000000 -1.000000 0.000000 1.000000 0.000000 0.000000 3021.dat
1 71 89.499940 7.500020 -80.000000 -1.000000 0.000000 0.000000 0.000000 -1.000000 0.000000 0.000000 0.000000 1.000000 30356.dat
1 71 109.499900 7.500030 80.000000 0.000000 0.000000 -1.000000 0.000000 -1.000000 0.000000 -1.000000 0.000000 0.000000 6179.dat
1 71 109.499900 7.500030 160.000000 0.000000 0.000000 -1.000000 0.000000 -1.000000 0.000000 -1.000000 0.000000 0.000000 6179.dat
1 71 29.499970 15.499990 -140.000000 -1.000000 0.000000 0.000000 0.000000 -1.000000 0.000000 0.000000 0.000000 1.000000 3068b.dat
1 28 29.499970 15.499990 -50.000000 -1.000000 0.000000 0.000000 0.000000 -1.000000 0.000000 0.000000 0.000000 1.000000 3023b.dat
1 71 9.558810 -0.970590 -190.000000 1.000000 0.000000 0.000000 0.000000 1.000000 0.000000 0.000000 0.000000 1.000000 6636.dat
1 70 69.499970 -0.499990 60.000000 0.000000 0.000000 -1.000000 0.000000 -1.000000 0.000000 -1.000000 0.000000 0.000000 3832.dat
1 71 79.499970 -0.499980 -120.000000 0.000000 0.000000 -1.000000 0.000000 -1.000000 0.000000 -1.000000 0.000000 0.000000 3460.dat
1 71 9.500000 7.500000 170.000000 0.000000 0.000000 1.000000 0.000000 -1.000000 0.000000 1.000000 0.000000 0.000000 54384.dat
1 71 -50.500120 15.500000 150.000000 0.000000 0.000000 1.000000 0.000000 -1.000000 0.000000 1.000000 0.000000 0.000000 54384.dat
1 15 29.500000 -0.500010 -19.999980 0.000000 0.000000 1.000000 0.000000 -1.000000 0.000000 1.000000 0.000000 0.000000 10247.dat
1 15 29.500060 -0.499930 100.000300 0.000000 0.000000 -1.000000 0.000000 -1.000000 0.000000 -1.000000 0.000000 0.000000 10247.dat
1 25 -10.500000 -0.500020 -19.999980 -1.000000 0.000000 0.000000 0.000000 -1.000000 0.000000 0.000000 0.000000 1.000000 3022.dat
1 25 -10.500000 -0.500020 100.000000 -1.000000 0.000000 0.000000 0.000000 -1.000000 0.000000 0.000000 0.000000 1.000000 3022.dat
1 25 9.500030 -0.500020 -140.000000 -1.000000 0.000000 0.000000 0.000000 -1.000000 0.000000 0.000000 0.000000 1.000000 3020.dat
1 72 29.500000 -8.500010 -29.999980 -1.000000 0.000000 0.000000 0.000000 -1.000000 0.000000 0.000000 0.000000 1.000000 3710.dat
1 72 29.500000 -8.500010 110.000000 -1.000000 0.000000 0.000000 0.000000 -1.000000 0.000000 0.000000 0.000000 1.000000 3710.dat
1 71 -120.500000 7.499950 60.000020 -1.000000 0.000000 0.000000 0.000000 -1.000000 0.000000 0.000000 0.000000 1.000000 54384.dat
0 NOFILE
0 FILE SubModel Group 1 Copy 19
0 SubModel Group 1
0 Name: SubModel Group 1
0 Author: 
0 CustomBrick
0 FlexibleBrickControlPointUnitLength -1
0 FlexibleBrickLockedControlPoint 
0 NumOfBricks 24
1 72 20.000000 -24.000000 1.666660 1.000000 0.000000 0.000000 0.000000 1.000000 0.000000 0.000000 0.000000 1.000000 3009.dat
1 72 -20.000020 -32.000000 1.666650 -1.000000 0.000000 -0.000001 0.000000 1.000000 0.000000 0.000001 0.000000 -1.000000 44567.dat
1 72 -19.999980 -40.000000 1.666640 1.000000 0.000000 0.000000 0.000000 1.000000 0.000000 0.000000 0.000000 1.000000 44567.dat
1 0 -20.000020 -48.000000 1.666640 -1.000000 0.000000 0.000000 0.000000 1.000000 0.000000 0.000000 0.000000 -1.000000 99780.dat
1 0 20.000000 -48.000000 1.666650 -1.000000 0.000000 0.000000 0.000000 1.000000 0.000000 0.000000 0.000000 -1.000000 52107.dat
1 72 60.000020 -48.000000 1.666640 -1.000000 0.000000 0.000000 0.000000 1.000000 0.000000 0.000000 0.000000 -1.000000 30136.dat
1 72 -20.000010 -50.000000 23.666680 1.000000 0.000000 0.000000 0.000000 0.000000 1.000000 0.000000 -1.000000 0.000000 3069b.dat
1 72 20.000000 -56.000000 1.666640 1.000000 0.000000 0.000000 0.000000 1.000000 0.000000 0.000000 0.000000 1.000000 3666.dat
1 72 20.000000 -64.000000 1.666640 1.000000 0.000000 0.000000 0.000000 1.000000 0.000000 0.000000 0.000000 1.000000 3666.dat
1 72 60.000030 -88.000000 1.666620 1.000000 0.000000 0.000000 0.000000 1.000000 0.000000 0.000000 0.000000 1.000000 2877.dat
1 0 20.000000 -88.000000 1.666640 -1.000000 0.000000 0.000000 0.000000 1.000000 0.000000 0.000000 0.000000 -1.000000 52107.dat
1 72 -10.000010 -88.000000 1.666620 1.000000 0.000000 0.000000 0.000000 1.000000 0.000000 0.000000 0.000000 1.000000 59900.dat
1 72 -30.000020 -88.000000 1.666640 1.000000 0.000000 0.000000 0.000000 1.000000 0.000000 0.000000 0.000000 1.000000 59900.dat
1 72 20.000000 -96.000000 1.666640 1.000000 0.000000 0.000000 0.000000 1.000000 0.000000 0.000000 0.000000 1.000000 3666.dat
1 72 20.000000 -120.000000 1.666620 1.000000 0.000000 0.000000 0.000000 1.000000 0.000000 0.000000 0.000000 1.000000 3009.dat
1 72 -20.000000 -48.000000 -18.333350 -1.000000 0.000000 0.000000 0.000000 0.000000 -1.000000 0.000000 -1.000000 0.000000 30553.dat
1 72 20.000000 -38.000000 -16.333350 -1.000000 0.000000 0.000000 0.000000 0.000000 1.000003 0.000000 1.000003 0.000000 32028.dat
1 72 20.000000 -37.999950 -24.332960 -1.000000 0.000000 0.000000 0.000000 0.000000 1.000000 0.000000 1.000000 0.000000 2412b.dat
1 71 10.000000 -78.000000 -16.333380 -1.000000 0.000000 0.000000 0.000000 0.000000 1.000001 0.000000 1.000001 0.000000 3623.dat
1 72 10.000000 -77.999970 -24.333340 -1.000000 0.000000 0.000000 0.000000 0.000000 1.000000 0.000000 1.000000 0.000000 63864.dat
1 72 20.000010 -78.000020 35.666670 1.000000 0.000000 0.000000 0.000000 0.000000 1.000000 0.000000 -1.000000 0.000000 4865b.dat
1 72 20.000000 -38.000000 19.666710 0.000000 0.000000 -1.000000 1.000000 0.000000 0.000000 0.000000 -1.000000 0.000000 61409b.dat
1 72 20.000000 -38.000000 19.666700 1.000000 0.000000 0.000000 0.000000 0.000000 1.000000 0.000000 -1.000000 0.000000 2540.dat
1 0 0.000010 -192.000000 1.666680 -1.000000 0.000000 0.000000 0.000000 1.000000 0.000000 0.000000 0.000000 -1.000000 60581.dat
0 NOFILE
0 FILE SubModel Group 1 Copy 20
0 SubModel Group 1
0 Name: SubModel Group 1
0 Author: 
0 CustomBrick
0 FlexibleBrickControlPointUnitLength -1
0 FlexibleBrickLockedControlPoint 
0 NumOfBricks 22
1 72 -1.909130 -120.000000 -0.181790 1.000000 0.000000 0.000000 0.000000 1.000000 0.000000 0.000000 0.000000 1.000000 3009.dat
1 72 -21.909120 -40.000000 -0.181790 1.000000 0.000000 0.000000 0.000000 1.000000 0.000000 0.000000 0.000000 1.000000 44567.dat
1 72 -21.909120 -32.000000 -0.181790 -1.000000 0.000000 0.000000 0.000000 1.000000 0.000000 0.000000 0.000000 -1.000000 44567.dat
1 0 -21.909120 -48.000000 -0.181790 -1.000000 0.000000 0.000000 0.000000 1.000000 0.000000 0.000000 0.000000 -1.000000 99780.dat
1 72 58.090900 -48.000000 -0.181790 1.000000 0.000000 0.000000 0.000000 1.000000 0.000000 0.000000 0.000000 1.000000 30136.dat
1 0 18.090900 -88.000000 -0.181790 1.000000 0.000000 0.000000 0.000000 1.000000 0.000000 0.000000 0.000000 1.000000 52107.dat
1 72 -21.909120 -50.000020 21.818250 -1.000000 0.000000 0.000000 0.000000 0.000000 -1.000000 0.000000 -1.000000 0.000000 3069b.dat
1 72 18.090900 -64.000000 -0.181790 1.000000 0.000000 0.000000 0.000000 1.000000 0.000000 0.000000 0.000000 1.000000 3666.dat
1 72 18.090900 -38.000000 17.818240 1.000000 0.000000 0.000000 0.000000 0.000000 1.000000 0.000000 -1.000000 0.000000 2540.dat
1 72 18.091290 -38.000000 17.818340 0.000000 0.000000 -1.000000 1.000001 0.000000 0.000000 0.000000 -1.000001 0.000000 61409b.dat
1 72 58.090900 -88.000000 -0.181790 1.000000 0.000000 0.000000 0.000000 1.000000 0.000000 0.000000 0.000000 1.000000 2877.dat
1 0 18.090900 -48.000000 -0.181790 1.000000 0.000000 0.000000 0.000000 1.000000 0.000000 0.000000 0.000000 1.000000 52107.dat
1 72 -31.909120 -88.000000 -0.181790 1.000000 0.000000 0.000000 0.000000 1.000000 0.000000 0.000000 0.000000 1.000000 59900.dat
1 72 -11.909120 -88.000000 -0.181790 1.000000 0.000000 0.000000 0.000000 1.000000 0.000000 0.000000 0.000000 1.000000 59900.dat
1 72 18.090900 -56.000000 -0.181790 1.000000 0.000000 0.000000 0.000000 1.000000 0.000000 0.000000 0.000000 1.000000 3666.dat
1 72 18.090900 -24.000000 -0.181800 1.000000 0.000000 0.000000 0.000000 1.000000 0.000000 0.000000 0.000000 1.000000 3009.dat
1 72 18.090900 -78.000000 33.818280 1.000000 0.000000 0.000000 0.000000 0.000000 1.000000 0.000000 -1.000000 0.000000 4865b.dat
1 71 8.090899 -78.000010 -18.181790 1.000000 0.000000 0.000000 0.000000 0.000000 -1.000002 0.000000 1.000002 0.000000 3623.dat
1 72 8.090899 -78.000520 -26.182340 1.000000 0.000000 0.000000 0.000000 0.000000 -1.000025 0.000000 1.000025 0.000000 63864.dat
1 72 18.090900 -38.000000 -18.181760 -1.000000 0.000000 0.000000 0.000000 0.000000 1.000003 0.000000 1.000003 0.000000 32028.dat
1 72 18.090900 -38.000000 -26.182090 1.000000 0.000000 0.000000 0.000000 0.000000 -1.000000 0.000000 1.000000 0.000000 2412b.dat
1 72 18.090900 -96.000000 -0.181790 1.000000 0.000000 0.000000 0.000000 1.000000 0.000000 0.000000 0.000000 1.000000 3666.dat
0 NOFILE
0 FILE SubModel Group 1 Copy 21
0 SubModel Group 1
0 Name: SubModel Group 1
0 Author: 
0 CustomBrick
0 FlexibleBrickControlPointUnitLength -1
0 FlexibleBrickLockedControlPoint 
0 NumOfBricks 28
1 72 11.714270 -24.000000 -0.214290 -1.000000 0.000000 0.000000 0.000000 1.000000 0.000000 0.000000 0.000000 -1.000000 3009.dat
1 72 -48.285720 -48.000000 -0.214260 -1.000000 0.000000 0.000000 0.000000 1.000000 0.000000 0.000000 0.000000 -1.000000 30136.dat
1 0 -28.285720 -80.000000 -0.214260 -1.000000 0.000000 0.000000 0.000000 1.000000 0.000000 0.000000 0.000000 -1.000000 52107.dat
1 72 11.714280 -88.000000 -0.214290 1.000000 0.000000 0.000000 0.000000 1.000000 0.000000 0.000000 0.000000 1.000000 2540.dat
1 72 51.714290 -48.000000 -0.214290 -1.000000 0.000000 0.000000 0.000000 1.000000 0.000000 0.000000 0.000000 -1.000000 2877.dat
1 0 11.714280 -80.000000 -0.214290 -1.000000 0.000000 0.000000 0.000000 1.000000 0.000000 0.000000 0.000000 -1.000000 52107.dat
1 72 1.714310 -48.000000 -0.214260 -1.000000 0.000000 0.000000 0.000000 1.000000 0.000000 0.000000 0.000000 -1.000000 59900.dat
1 72 61.714290 -80.000000 -0.214290 -1.000000 0.000000 0.000000 0.000000 1.000000 0.000000 0.000000 0.000000 -1.000000 59900.dat
1 72 11.714280 -128.000000 -0.214290 -1.000000 0.000000 0.000000 0.000000 1.000000 0.000000 0.000000 0.000000 -1.000000 3009.dat
1 72 11.714310 -70.000140 25.786020 -1.000000 0.000000 0.000000 0.000000 0.000000 -1.000003 0.000000 -1.000003 0.000000 2412b.dat
1 72 11.714280 -56.000000 -0.214290 -1.000000 0.000000 0.000000 0.000000 1.000000 0.000000 0.000000 0.000000 -1.000000 3666.dat
1 72 21.714290 -48.000000 -0.214290 -1.000000 0.000000 0.000000 0.000000 1.000000 0.000000 0.000000 0.000000 -1.000000 47905.dat
1 72 -18.285720 -48.000000 -0.214260 -1.000000 0.000000 0.000000 0.000000 1.000000 0.000000 0.000000 0.000000 -1.000000 47905.dat
1 72 41.714290 -80.000000 -0.214290 1.000000 0.000000 0.000000 0.000000 1.000000 0.000000 0.000000 0.000000 1.000000 60475b.dat
1 72 11.714280 -96.000000 -0.214290 -1.000000 0.000000 0.000000 0.000000 1.000000 0.000000 0.000000 0.000000 -1.000000 2540.dat
1 72 11.714310 -104.000000 -0.214320 1.000000 0.000000 0.000000 0.000000 1.000000 0.000000 0.000000 0.000000 1.000000 2540.dat
1 72 -28.285720 -104.000000 -0.214260 -1.000000 0.000000 0.000000 0.000000 1.000000 0.000000 0.000000 0.000000 -1.000000 30136.dat
1 72 51.714290 -104.000000 -0.214290 -1.000000 0.000000 0.000000 0.000000 1.000000 0.000000 0.000000 0.000000 -1.000000 2877.dat
1 72 11.714310 -70.000010 17.785760 -1.000000 0.000000 0.000000 0.000000 0.000000 -1.000000 0.000000 -1.000000 0.000000 88072.dat
1 72 -28.285720 -70.000100 25.785530 -1.000000 0.000000 0.000000 0.000000 0.000000 -1.000003 0.000000 -1.000003 0.000000 2412b.dat
1 72 -28.285720 -70.000010 17.785760 -1.000000 0.000000 0.000000 0.000000 0.000000 -1.000003 0.000000 -1.000002 0.000000 88072.dat
1 72 1.714310 -38.000000 15.785760 -1.000000 0.000000 0.000000 0.000000 0.000000 -1.000000 0.000000 -1.000000 0.000000 6190.dat
1 72 1.714310 -38.000000 -16.214260 1.000000 0.000000 0.000000 0.000000 0.000000 -1.000000 0.000000 1.000000 0.000000 6190.dat
1 72 41.714290 -68.000000 -20.214300 0.000000 0.000000 -1.000000 -1.000000 0.000000 0.000000 0.000000 1.000000 0.000000 30031.dat
1 72 -28.285740 -70.000020 -18.214390 1.000000 0.000000 0.000000 0.000000 0.000000 -1.000002 0.000000 1.000002 0.000000 88072.dat
1 72 11.714280 -70.000010 -18.214300 1.000000 0.000000 0.000000 0.000000 0.000000 -1.000000 0.000000 1.000000 0.000000 88072.dat
1 0 -8.285740 -70.000020 -26.214390 1.000000 0.000000 0.000000 0.000000 0.000000 -1.000002 0.000000 1.000002 0.000000 3743.dat
1 0 -8.285740 -200.000000 -0.214290 1.000000 0.000000 0.000000 0.000000 1.000000 0.000000 0.000000 0.000000 1.000000 60581.dat
0 NOFILE
0 FILE SubModel Group 1 Copy 22
0 SubModel Group 1
0 Name: SubModel Group 1
0 Author: 
0 CustomBrick
0 FlexibleBrickControlPointUnitLength -1
0 FlexibleBrickLockedControlPoint 
0 NumOfBricks 27
1 72 -23.851850 -24.000000 3.703700 -1.000000 0.000000 0.000000 0.000000 1.000000 0.000000 0.000000 0.000000 -1.000000 3009.dat
1 72 -3.851850 -120.000000 3.703700 -1.000000 0.000000 0.000000 0.000000 1.000000 0.000000 0.000000 0.000000 -1.000000 3009.dat
1 72 -3.851850 -32.000000 3.703700 1.000000 0.000000 0.000000 0.000000 1.000000 0.000000 0.000000 0.000000 1.000000 32028.dat
1 72 -43.851840 -32.000000 3.703710 1.000000 0.000000 0.000000 0.000000 1.000000 0.000000 0.000000 0.000000 1.000000 88072.dat
1 72 26.148150 -32.000000 3.703700 -1.000000 0.000000 0.000000 0.000000 1.000000 0.000000 0.000000 0.000000 -1.000000 3024.dat
1 72 -43.851840 -56.000000 3.703710 -1.000000 0.000000 0.000000 0.000000 1.000000 0.000000 0.000000 0.000000 -1.000000 2877.dat
1 0 -3.851850 -56.000000 3.703700 -1.000000 0.000000 0.000000 0.000000 1.000000 0.000000 0.000000 0.000000 -1.000000 52107.dat
1 72 26.148150 -56.000000 3.703700 -1.000000 0.000000 0.000000 0.000000 1.000000 0.000000 0.000000 0.000000 -1.000000 47905.dat
1 72 -43.851840 -80.000000 3.703700 1.000000 0.000000 0.000000 0.000000 1.000000 0.000000 0.000000 0.000000 1.000000 30236.dat
1 72 -13.851850 -80.000000 3.703700 -1.000000 0.000000 0.000000 0.000000 1.000000 0.000000 0.000000 0.000000 -1.000000 47905.dat
1 0 16.148150 -80.000000 3.703700 -1.000000 0.000000 0.000000 0.000000 1.000000 0.000000 0.000000 0.000000 -1.000000 52107.dat
1 72 26.148150 -88.000000 3.703700 -1.000000 0.000000 0.000000 0.000000 1.000000 0.000000 0.000000 0.000000 -1.000000 3024.dat
1 72 -3.851850 -88.000000 3.703700 1.000000 0.000000 0.000000 0.000000 1.000000 0.000000 0.000000 0.000000 1.000000 88072.dat
1 72 -43.851840 -88.000000 3.703700 -1.000000 0.000000 0.000000 0.000000 1.000000 0.000000 0.000000 0.000000 -1.000000 32028.dat
1 72 -3.851850 -96.000000 3.703700 -1.000000 0.000000 0.000000 0.000000 1.000000 0.000000 0.000000 0.000000 -1.000000 3666.dat
1 72 26.148150 -46.000020 37.703700 -1.000000 0.000000 0.000000 0.000000 0.000000 -1.000000 0.000000 -1.000000 0.000000 59900.dat
1 72 -3.851850 -46.000000 13.703700 0.000000 0.000000 1.000000 -1.000000 0.000000 0.000000 0.000000 -1.000000 0.000000 61409b.dat
1 0 -13.851850 -70.000010 37.703700 1.000000 0.000000 0.000000 0.000000 0.000000 1.000000 0.000000 -1.000000 0.000000 4599b.dat
1 72 6.148150 -70.000010 37.703700 -1.000000 0.000000 0.000000 0.000000 0.000000 -1.000000 0.000000 -1.000000 0.000000 59900.dat
1 72 26.148150 -70.000010 37.703700 -1.000000 0.000000 0.000000 0.000000 0.000000 -1.000000 0.000000 -1.000000 0.000000 59900.dat
1 72 -3.851850 -95.370010 -16.296300 0.000000 -0.972367 0.233445 -1.000000 0.000000 0.000000 0.000000 -0.233445 -0.972367 30377.dat
1 72 26.148150 -46.000020 -30.296300 1.000000 0.000000 0.000000 0.000000 0.000000 -1.000000 0.000000 1.000000 0.000000 59900.dat
1 72 -3.851860 -46.000000 -6.296300 0.000000 0.000000 -1.000000 -1.000000 0.000000 0.000000 0.000000 1.000000 0.000000 61409b.dat
1 72 6.148150 -70.000000 -14.296300 1.000000 0.000000 0.000000 0.000000 0.000000 -1.000000 0.000000 1.000000 0.000000 3024.dat
1 0 -13.851850 -70.000010 -30.296300 1.000000 0.000000 0.000000 0.000000 0.000000 -1.000000 0.000000 1.000000 0.000000 4599b.dat
1 72 26.148150 -70.000020 -30.296310 1.000000 0.000000 0.000000 0.000000 0.000000 -1.000000 0.000000 1.000000 0.000000 59900.dat
1 72 6.148150 -70.000020 -38.296300 1.000000 0.000000 0.000000 0.000000 0.000000 -1.000000 0.000000 1.000000 0.000000 59900.dat
0 NOFILE
0 FILE SubModel Group 5 Copy 5
0 SubModel Group 5
0 Name: SubModel Group 5
0 Author: 
0 CustomBrick
0 FlexibleBrickControlPointUnitLength -1
0 FlexibleBrickLockedControlPoint 
0 NumOfBricks 196
1 16 -119.384800 -36.000000 -94.383280 1.000000 0.000000 0.000000 0.000000 1.000000 0.000000 0.000000 0.000000 1.000000 submodel group 1 copy 18
0 STEP
1 16 54.129350 -64.000030 -70.010880 1.000000 0.000000 0.000000 0.000000 -1.000000 0.000000 0.000000 0.000000 -1.000000 submodel group 2 copy 15
1 16 60.461880 -50.333230 49.528030 1.000000 0.000000 0.000000 0.000000 0.000000 -1.000000 0.000000 1.000000 0.000000 submodel group 3 copy 14
1 16 -145.859900 -35.769360 -190.472700 -1.000000 0.000000 0.000000 0.000000 0.000000 -1.000000 0.000000 -1.000000 0.000000 submodel group 4 copy 12
1 16 -139.537600 -50.333300 -30.472140 1.000000 0.000000 0.000000 0.000000 0.000000 -1.000000 0.000000 1.000000 0.000000 submodel group 3 copy 14
0 STEP
1 14 -35.871160 -36.000010 -54.471960 0.000000 0.000000 -1.000000 0.000000 1.000000 0.000000 1.000000 0.000000 0.000000 3034.dat
1 28 -35.871380 -28.000020 -114.474400 0.000000 0.000000 -1.000001 0.000000 1.000000 0.000000 1.000021 0.000000 0.000000 2476a.dat
1 28 -35.871380 -28.000000 -34.472060 0.000000 0.000000 -1.000001 0.000000 1.000000 0.000000 1.000021 0.000000 0.000000 2476a.dat
1 71 -195.859900 -36.000160 -204.472600 1.000000 0.000000 0.000000 0.000000 1.000000 0.000000 0.000000 0.000000 1.000000 3460.dat
1 71 224.129500 -83.999930 155.527400 0.000000 0.000000 1.000000 0.000000 1.000000 0.000000 -1.000000 0.000000 0.000000 4595.dat
1 28 224.129400 -67.999920 155.527400 1.000000 0.000000 0.000000 0.000000 1.000000 0.000000 0.000000 0.000000 1.000000 3023b.dat
1 71 224.127000 -73.999920 173.518100 -1.000006 0.000000 0.000000 0.000000 0.000000 -1.000000 0.000000 -1.000006 0.000000 2412b.dat
1 0 192.499500 -60.693080 198.514900 -1.000000 0.000000 0.000000 0.000000 0.295708 0.955278 0.000000 0.955278 -0.295708 12885.dat
1 71 192.499500 -60.988780 197.559600 0.000000 0.000000 -1.000000 0.295708 0.955278 0.000000 0.955278 -0.295708 0.000000 4274.dat
1 71 -335.860000 -84.000140 -204.472700 1.000000 0.000000 0.000000 0.000000 1.000000 0.000000 0.000000 0.000000 1.000000 15207.dat
1 71 -415.859900 -84.000140 -204.472700 1.000000 0.000000 0.000000 0.000000 1.000000 0.000000 0.000000 0.000000 1.000000 15207.dat
0 STEP
0 NOFILE
0 FILE SubModel Group 1 Copy 23
0 SubModel Group 1
0 Name: SubModel Group 1
0 Author: 
0 CustomBrick
0 FlexibleBrickControlPointUnitLength -1
0 FlexibleBrickLockedControlPoint 
0 NumOfBricks 196
1 71 -218.230900 -52.000080 90.415790 -1.000031 0.000000 0.000000 0.000000 1.000000 0.000000 0.000000 0.000000 -1.000038 3029.dat
1 2 -198.230900 -52.000140 30.417600 -1.000031 0.000000 0.000000 0.000000 1.000000 0.000000 0.000000 0.000000 -1.000038 3832.dat
1 72 -108.231400 -59.999960 70.417640 0.000000 0.000000 1.000031 0.000000 1.000000 0.000000 -1.000038 0.000000 0.000000 3710.dat
1 72 -298.230900 -59.999960 70.417880 0.000000 0.000000 -1.000031 0.000000 1.000000 0.000000 1.000038 0.000000 0.000000 3020.dat
1 72 -238.230900 -59.999960 90.415790 -1.000031 0.000000 0.000000 0.000000 1.000000 0.000000 0.000000 0.000000 -1.000038 87079.dat
1 71 1.784610 -52.000060 -119.562700 0.000000 0.000000 1.000000 0.000000 1.000000 0.000000 -1.000000 0.000000 0.000000 54384.dat
1 71 -158.231400 -60.000020 10.417600 -1.000031 0.000000 0.000000 0.000000 1.000000 0.000000 0.000000 0.000000 -1.000038 3795.dat
1 71 121.784800 -52.000060 -159.562400 0.000000 0.000000 1.000000 0.000000 1.000000 0.000000 -1.000000 0.000000 0.000000 54384.dat
1 71 -358.235300 -52.000140 20.417660 0.000000 0.000000 1.000031 0.000000 1.000000 0.000000 -1.000038 0.000000 0.000000 54384.dat
1 72 61.783880 -52.000020 10.438600 0.000000 0.000000 1.000000 0.000000 1.000000 0.000000 -1.000000 0.000000 0.000000 3020.dat
1 71 -138.232000 -60.000030 120.418400 -1.000031 0.000000 0.000000 0.000000 1.000000 0.000000 0.000000 0.000000 -1.000038 30586.dat
1 72 -158.231400 -59.999960 70.417640 -1.000031 0.000000 0.000000 0.000000 1.000000 0.000000 0.000000 0.000000 -1.000038 6179.dat
1 71 -378.235300 -52.000080 90.415870 0.000000 0.000000 1.000031 0.000000 1.000000 0.000000 -1.000038 0.000000 0.000000 6179.dat
1 72 261.784800 -52.000060 -199.562400 0.000000 0.000000 1.000000 -0.000001 0.999999 0.000000 -0.999999 -0.000001 0.000000 50305.dat
1 15 211.784300 -52.000060 -139.562600 -1.000002 0.000000 0.000000 0.000000 1.000000 0.000000 0.000000 0.000000 -1.000001 11212.dat
1 28 -18.215390 -60.000020 -79.562740 0.000000 0.000000 1.000000 0.000000 1.000000 0.000000 -1.000000 0.000000 0.000000 50305.dat
1 71 -18.230290 -60.000020 -39.582400 -1.000032 0.000000 0.000000 0.000000 1.000000 0.000000 0.000000 0.000000 -1.000038 3666.dat
1 28 -88.231630 -60.000020 -39.582400 -1.000032 0.000000 0.000000 0.000000 1.000000 0.000000 0.000000 0.000000 -1.000038 3024.dat
1 71 81.784610 -60.000020 -139.562600 0.000000 0.000000 1.000000 0.000000 1.000000 0.000000 -1.000000 0.000000 0.000000 54384.dat
1 71 -148.232000 -68.000270 110.410000 0.000000 0.000000 1.000031 0.000000 1.000000 0.000000 -1.000038 0.000000 0.000000 43723b.dat
1 71 81.784610 -60.000020 -89.562610 -1.000000 0.000000 0.000000 0.000000 1.000000 0.000000 0.000000 0.000000 -1.000000 3068b.dat
1 71 -28.231510 -68.000320 -59.582460 -1.000032 0.000000 0.000000 0.000000 1.000000 0.000000 0.000000 0.000000 -1.000038 98138.dat
1 71 -188.231400 -68.000270 0.417600 -1.000031 0.000000 0.000000 0.000000 1.000000 0.000000 0.000000 0.000000 -1.000038 14719.dat
1 72 -18.230290 -68.000320 -79.582400 -1.000032 0.000000 0.000000 0.000000 1.000000 0.000000 0.000000 0.000000 -1.000038 2412b.dat
1 71 21.775330 -68.000320 -39.582400 -1.000032 0.000000 0.000000 0.000000 1.000000 0.000000 0.000000 0.000000 -1.000038 99563.dat
1 71 11.775450 -68.000320 -69.582400 0.000000 0.000000 -1.000032 0.000000 1.000000 0.000000 1.000038 0.000000 0.000000 3069b.dat
1 71 -308.230900 -68.000270 40.417720 1.000031 0.000000 0.000000 0.000000 1.000000 0.000000 0.000000 0.000000 1.000038 14719.dat
1 71 -128.231400 -68.000270 30.417540 0.000000 0.000000 -1.000031 0.000000 1.000000 0.000000 1.000038 0.000000 0.000000 43723b.dat
1 71 -108.231600 -68.000320 -49.582400 0.000000 0.000000 1.000032 0.000000 1.000000 0.000000 -1.000038 0.000000 0.000000 43723b.dat
1 71 -248.230900 -68.000220 70.417640 0.000000 0.000000 -1.000031 0.000000 1.000000 0.000000 1.000038 0.000000 0.000000 43723b.dat
1 71 71.784610 -68.000020 -99.562690 -1.000000 0.000000 0.000000 0.000000 1.000000 0.000000 0.000000 0.000000 -1.000000 14719.dat
1 71 351.784800 -68.000070 -179.562500 0.000000 0.000000 -1.000000 0.000000 1.000000 0.000000 1.000000 0.000000 0.000000 63864.dat
1 71 181.784300 -60.000020 -129.562600 -1.000000 0.000000 0.000000 0.000000 1.000000 0.000000 0.000000 0.000000 -1.000000 87079.dat
1 71 -338.234900 -68.000270 40.417600 -1.000031 0.000000 0.000000 0.000000 1.000000 0.000000 0.000000 0.000000 -1.000038 44301.dat
1 71 -338.234900 -68.000220 80.415860 -1.000031 0.000000 0.000000 0.000000 1.000000 0.000000 0.000000 0.000000 -1.000038 44301.dat
1 71 -338.234900 -68.000270 60.417780 -1.000031 0.000000 0.000000 0.000000 1.000000 0.000000 0.000000 0.000000 -1.000038 44301.dat
1 71 -338.234900 -68.000220 100.410500 -1.000031 0.000000 0.000000 0.000000 1.000000 0.000000 0.000000 0.000000 -1.000038 44301.dat
1 71 -188.231400 -68.000270 50.417600 0.000000 0.000000 -1.000031 0.000000 1.000000 0.000000 1.000038 0.000000 0.000000 43723b.dat
1 71 -248.230900 -68.000270 30.417540 0.000000 0.000000 1.000032 0.000000 1.000000 0.000000 -1.000038 0.000000 0.000000 43723b.dat
1 71 31.779720 -68.000320 -79.582400 1.000032 0.000000 0.000000 0.000000 1.000000 0.000000 0.000000 0.000000 1.000038 14719.dat
1 71 91.783570 -67.999970 120.438600 -1.000000 0.000000 0.000000 0.000000 1.000000 0.000000 0.000000 0.000000 -1.000000 63864.dat
1 71 -118.230900 -44.000320 50.417660 0.000000 0.000000 -1.000031 0.000000 1.000000 0.000000 1.000038 0.000000 0.000000 3795.dat
1 71 -298.230900 -44.000260 40.417660 0.000000 0.000000 1.000031 0.000000 1.000000 0.000000 -1.000038 0.000000 0.000000 54384.dat
1 71 -28.216370 -59.999970 130.438800 0.000000 0.000000 -1.000000 0.000000 1.000000 0.000000 1.000000 0.000000 0.000000 43723b.dat
1 71 -8.230289 -68.000320 -39.582400 -1.000032 0.000000 0.000000 0.000000 1.000000 0.000000 0.000000 0.000000 -1.000038 14719.dat
1 71 51.783880 -67.999960 80.438510 0.000000 0.000000 1.000000 0.000000 1.000000 0.000000 -1.000000 0.000000 0.000000 15712.dat
1 71 191.783900 -67.999970 110.438500 0.000000 0.000000 1.000000 0.000000 1.000000 0.000000 -1.000000 0.000000 0.000000 92280.dat
1 71 98.843780 -73.999970 100.438300 0.000000 -1.000000 0.000000 0.000000 0.000000 1.000000 -1.000000 0.000000 0.000000 63965.dat
1 71 183.913800 -73.999970 80.438460 0.000000 1.000000 0.000000 0.000000 0.000000 1.000000 1.000000 0.000000 0.000000 63965.dat
1 71 -319.221300 -73.999970 100.418900 0.000000 1.000000 0.000000 0.000000 0.000000 1.000000 1.000000 0.000000 0.000000 76276.dat
1 71 -318.876200 -73.999970 80.438510 0.000000 1.000000 0.000000 0.000000 0.000000 1.000000 1.000000 0.000000 0.000000 76276.dat
1 71 51.783880 -67.999970 110.438500 0.000000 0.000000 1.000000 0.000000 1.000000 0.000000 -1.000000 0.000000 0.000000 92280.dat
1 28 231.784800 -68.000010 -159.562400 -1.000000 0.000000 0.000000 0.000000 1.000000 0.000000 0.000000 0.000000 -1.000000 3070b.dat
1 72 191.783900 -67.999960 80.438460 0.000000 0.000000 -1.000000 0.000000 1.000000 0.000000 1.000000 0.000000 0.000000 15712.dat
1 72 -348.235300 -76.000270 50.417540 0.000000 0.000000 -1.000000 0.000000 1.000000 0.000000 1.000000 0.000000 0.000000 2412b.dat
1 71 -328.234700 -76.000270 50.417540 0.000000 0.000000 -1.000000 0.000000 1.000000 0.000000 1.000000 0.000000 0.000000 99563.dat
1 71 -328.234700 -76.000220 90.415870 0.000000 0.000000 -1.000000 0.000000 1.000000 0.000000 1.000000 0.000000 0.000000 99563.dat
1 72 -348.274600 -76.000270 90.371490 0.000000 0.000000 -1.000143 0.000000 1.000000 0.000000 1.000143 0.000000 0.000000 2412b.dat
1 71 -358.235300 -60.000020 70.417760 0.000000 0.000000 1.000031 0.000000 1.000000 0.000000 -1.000038 0.000000 0.000000 6179.dat
1 71 -308.231300 -67.999960 80.418170 0.000000 0.000000 1.000000 0.000000 1.000000 0.000000 -1.000000 0.000000 0.000000 15712.dat
1 71 -308.231300 -67.999960 100.419000 0.000000 0.000000 1.000000 0.000000 1.000000 0.000000 -1.000000 0.000000 0.000000 15712.dat
1 72 -268.230700 -67.999960 0.417360 0.368123 0.000000 -0.929771 0.000000 1.000000 0.000000 0.929771 0.000000 0.368123 15712.dat
1 28 -268.231500 -76.000220 60.417300 -1.000000 0.000000 0.000000 0.000000 1.000000 0.000000 0.000000 0.000000 -1.000000 3070b.dat
1 28 -148.232000 -76.000270 20.417180 -1.000000 0.000000 0.000000 0.000000 1.000000 0.000000 0.000000 0.000000 -1.000000 3070b.dat
1 71 -309.112900 -73.999960 16.603580 0.368124 0.929776 0.000000 0.000000 0.000000 1.000000 0.929776 -0.368124 0.000000 76276.dat
0 STEP
1 72 221.783900 -52.000020 110.438500 -1.000003 0.000000 0.000000 0.000000 0.999999 -0.000001 0.000000 -0.000001 -1.000002 4282.dat
1 28 321.784400 -59.999970 120.438600 -1.000003 0.000000 0.000000 0.000000 0.999999 -0.000001 0.000000 -0.000001 -1.000002 3710.dat
1 71 221.783900 -59.999970 120.438600 -1.000003 0.000000 0.000000 0.000000 0.999999 -0.000001 0.000000 -0.000001 -1.000002 3666.dat
1 28 321.784800 -60.000020 -49.562500 0.000000 0.000000 -1.000000 0.000001 0.999999 0.000000 0.999999 -0.000001 0.000000 3027.dat
1 71 231.783900 -59.999960 70.438570 0.000000 0.000000 1.000003 -0.000001 0.999999 0.000000 -1.000002 -0.000001 0.000000 88646.dat
1 2 141.783900 -52.000020 70.438570 -1.000000 0.000000 0.000000 0.000000 0.999999 -0.000001 0.000000 -0.000001 -0.999999 3832.dat
1 2 261.784000 -52.000020 -9.561339 0.000000 0.000000 -1.000000 0.000001 1.000000 0.000000 1.000000 -0.000001 0.000000 3832.dat
1 15 271.784800 -52.000000 -139.562400 -1.000000 0.000000 0.000000 0.000000 0.999999 0.000000 0.000000 0.000000 -0.999999 11212.dat
1 72 361.784800 -52.000060 -189.562400 0.000000 0.000000 -1.000000 0.000001 0.999999 0.000000 0.999999 -0.000001 0.000000 3020.dat
1 72 -98.231630 -52.000130 -59.582400 0.000000 0.000000 1.000032 0.000000 1.000000 0.000000 -1.000038 0.000000 0.000000 50305.dat
1 71 -158.231400 -60.000020 -39.582520 0.000000 0.000000 1.000031 0.000000 1.000000 0.000000 -1.000038 0.000000 0.000000 54384.dat
1 71 -278.230900 -60.000020 0.417360 0.000000 0.000000 1.000031 0.000000 1.000000 0.000000 -1.000038 0.000000 0.000000 54384.dat
1 15 71.783760 -52.000020 -59.561100 0.000000 0.000000 1.000000 0.000000 1.000000 0.000000 -1.000000 0.000000 0.000000 11212.dat
1 71 231.784300 -60.000020 -139.562600 1.000002 0.000000 0.000000 0.000000 1.000000 0.000000 0.000000 0.000000 1.000001 14719.dat
1 71 341.783900 -52.000300 -259.562800 -0.000001 0.000000 1.000005 0.000000 1.000000 0.000000 -1.000005 0.000000 -0.000001 54384.dat
1 72 251.784800 -59.999960 -49.562500 0.000000 0.000000 -1.000000 0.000000 1.000000 0.000000 1.000000 0.000000 0.000000 4162.dat
1 71 201.784800 -60.000020 -179.562400 0.000000 0.000000 1.000000 0.000000 1.000000 0.000000 -1.000000 0.000000 0.000000 54384.dat
1 71 81.783630 -59.999970 120.438600 -1.000000 0.000000 0.000000 0.000000 1.000000 0.000000 0.000000 0.000000 -1.000000 3460.dat
1 72 81.783870 -59.999960 -9.561399 0.000000 0.000000 1.000000 0.000000 1.000000 0.000000 -1.000000 0.000000 0.000000 87079.dat
1 71 321.784800 -60.000020 -239.562500 -0.000001 0.000000 1.000000 0.000000 1.000000 0.000000 -1.000000 0.000000 -0.000001 54384.dat
1 71 -238.230900 -52.000130 -19.582400 0.000000 0.000000 1.000031 0.000000 1.000000 0.000000 -1.000038 0.000000 0.000000 54384.dat
1 28 91.783870 -52.000020 10.438600 0.000000 0.000000 1.000000 0.000000 1.000000 0.000000 -1.000000 0.000000 0.000000 3710.dat
1 1 81.784610 -52.000060 -109.562700 -1.000000 0.000000 0.000000 0.000000 1.000000 0.000000 0.000000 0.000000 -1.000000 3022.dat
1 320 91.784670 -44.000060 -119.562700 1.000000 0.000000 0.000000 0.000000 1.000000 0.000000 0.000000 0.000000 1.000000 2420.dat
1 71 -138.231400 -68.000330 -9.582520 1.000031 0.000000 0.000000 0.000000 1.000000 0.000000 0.000000 0.000000 1.000038 87079.dat
1 72 -238.230900 -60.000020 50.417600 1.000031 0.000000 0.000000 0.000000 1.000000 0.000000 0.000000 0.000000 1.000038 3020.dat
1 28 141.784300 -52.000060 -119.562700 1.000000 0.000000 0.000000 0.000000 1.000000 0.000000 0.000000 0.000000 1.000000 3710.dat
1 15 11.775330 -52.000130 -59.582400 0.000000 0.000000 -1.000032 0.000000 1.000000 0.000000 1.000038 0.000000 0.000000 11212.dat
1 28 81.783760 -59.999960 -59.561400 1.000000 0.000000 0.000000 0.000000 1.000000 0.000000 0.000000 0.000000 1.000000 3023b.dat
1 72 51.783880 -59.999960 -9.561399 0.000000 0.000000 -1.000000 0.000000 1.000000 0.000000 1.000000 0.000000 0.000000 92593.dat
1 72 121.783900 -52.000020 40.438540 1.000000 0.000000 0.000000 0.000000 1.000000 0.000000 0.000000 0.000000 1.000000 99780.dat
1 72 201.783900 -52.000020 40.438300 1.000000 0.000000 0.000000 0.000000 1.000000 0.000000 0.000000 0.000000 1.000000 99780.dat
1 72 161.783900 -52.000020 40.438540 1.000000 0.000000 0.000000 0.000000 1.000000 0.000000 0.000000 0.000000 1.000000 99780.dat
1 28 261.783900 -44.000000 -129.561300 0.000000 0.000000 -1.000000 0.000000 1.000000 0.000000 1.000000 0.000000 0.000000 2639.dat
1 28 261.783900 -44.000020 50.438660 -1.000000 0.000000 0.000000 0.000000 1.000000 0.000000 0.000000 0.000000 -1.000000 2639.dat
1 71 141.783900 -44.000020 50.438540 -1.000000 0.000000 0.000000 0.000000 1.000000 0.000000 0.000000 0.000000 -1.000000 3795.dat
1 71 91.783870 -44.000020 -29.561340 0.000000 0.000000 -1.000000 0.000001 1.000000 0.000000 1.000000 -0.000001 0.000000 3666.dat
1 320 51.783630 -52.000020 120.438600 -1.000000 0.000000 0.000000 0.000000 1.000000 0.000000 0.000000 0.000000 -1.000000 2420.dat
1 1 61.783760 -44.000000 -89.561100 -1.000000 0.000000 0.000000 0.000000 1.000000 0.000000 0.000000 0.000000 -1.000000 3022.dat
1 28 61.783880 -44.000000 -49.561400 0.000000 0.000000 -1.000000 0.000000 1.000000 0.000000 1.000000 0.000000 0.000000 2639.dat
1 71 61.783880 -44.000020 40.438540 0.000000 0.000000 1.000000 0.000000 1.000000 0.000000 -1.000000 0.000000 0.000000 3021.dat
1 71 281.784500 -67.999970 120.438600 -1.000000 0.000000 0.000000 0.000000 1.000000 0.000000 0.000000 0.000000 -1.000000 4162.dat
1 71 -188.231400 -68.000270 20.417600 -1.000031 0.000000 0.000000 0.000000 1.000000 0.000000 0.000000 0.000000 -1.000038 63864.dat
1 71 151.783800 -67.999970 120.438500 1.000000 0.000000 0.000000 0.000000 1.000000 0.000000 0.000000 0.000000 1.000000 63864.dat
1 71 271.784800 -68.000070 -189.562400 0.000000 0.000000 -1.000000 0.000000 1.000000 0.000000 1.000000 0.000000 0.000000 99563.dat
1 71 121.784700 -68.000020 -139.562600 -1.000000 0.000000 0.000000 0.000000 1.000000 0.000000 0.000000 0.000000 -1.000000 99563.dat
1 28 51.783880 -67.999960 20.438600 -1.000000 0.000000 0.000000 0.000000 1.000000 0.000000 0.000000 0.000000 -1.000000 3070b.dat
1 28 51.784730 -64.416960 62.839780 -1.000000 0.000000 0.000000 0.000000 1.000000 0.000000 0.000000 0.000000 -1.000000 3070b.dat
1 71 -58.231630 -68.000320 -49.582400 -1.000032 0.000000 0.000000 0.000000 1.000000 0.000000 0.000000 0.000000 -1.000038 3068b.dat
1 71 271.784800 -68.000070 -159.562400 -1.000000 0.000000 0.000000 0.000000 1.000000 0.000000 0.000000 0.000000 -1.000000 98138.dat
1 72 341.784800 -52.000070 -29.562500 0.000000 0.000000 -1.000000 0.000001 0.999999 0.000000 0.999999 -0.000001 0.000000 3020.dat
1 71 -38.231020 -68.000030 120.418400 -1.000000 0.000000 0.000000 0.000000 1.000000 0.000000 0.000000 0.000000 -1.000000 4162.dat
0 STEP
1 28 -88.216370 -52.000020 120.438800 -1.000000 0.000000 0.000000 0.000000 1.000000 0.000000 0.000000 0.000000 -1.000000 3024.dat
1 28 -28.216370 -52.000020 120.438800 -1.000000 0.000000 0.000000 0.000000 1.000000 0.000000 0.000000 0.000000 -1.000000 3024.dat
1 71 71.784610 -68.000020 -49.562800 0.000000 0.000000 -1.000000 0.000000 1.000000 0.000000 1.000000 0.000000 0.000000 43723b.dat
0 STEP
1 16 171.783900 -44.000000 -89.562610 -1.000000 0.000000 0.000000 0.000000 0.000000 -1.000000 0.000000 -1.000000 0.000000 submodel group 3_mirrored copy 2
1 16 -28.216250 -44.000020 70.438630 1.000000 0.000000 0.000000 0.000000 0.000000 -1.000000 0.000000 1.000000 0.000000 submodel group 4_mirrored copy
1 16 -28.231020 -44.000130 -9.581730 -1.000000 0.000000 0.000000 0.000000 0.000000 -1.000000 0.000000 -1.000000 0.000000 submodel group 3_mirrored copy copy
0 STEP
1 14 81.783870 -36.000010 -29.561400 0.000000 0.000000 -1.000000 0.000000 1.000000 0.000000 1.000000 0.000000 0.000000 3034.dat
1 28 81.783870 -28.000010 30.438660 0.000000 0.000000 -1.000000 0.000000 1.000000 0.000000 1.000000 0.000000 0.000000 2476a.dat
1 28 81.784000 -28.000000 -49.561400 0.000000 0.000000 -1.000000 0.000000 1.000000 0.000000 1.000000 0.000000 0.000000 2476a.dat
1 71 -78.216370 -44.000020 120.438800 -1.000000 0.000000 0.000000 0.000000 1.000000 0.000000 0.000000 0.000000 -1.000000 3460.dat
1 71 341.782600 -84.000010 -239.551500 0.000000 0.000000 1.000000 0.000000 1.000000 0.000000 -1.000000 0.000000 0.000000 4595.dat
1 28 341.784800 -68.000010 -239.562600 -1.000003 0.000000 0.000000 0.000000 1.000000 0.000000 0.000000 0.000000 -1.000003 3023b.dat
1 71 341.782300 -74.000010 -257.553200 1.000003 0.000000 0.000000 0.000000 0.000000 -1.000000 0.000000 1.000003 0.000000 2412b.dat
1 0 310.154700 -60.693180 -282.550000 -1.000003 0.000000 0.000000 0.000000 0.295708 -0.955278 0.000000 -0.955281 -0.295709 12885.dat
1 71 310.154700 -60.988880 -281.594800 0.000000 0.000000 1.000003 0.295708 0.955278 0.000000 -0.955281 0.295709 0.000000 4274.dat
1 71 -218.233500 -84.000030 120.418400 -1.000000 0.000000 0.000000 0.000000 1.000000 0.000000 0.000000 0.000000 -1.000000 15207.dat
1 71 -298.231200 -83.999970 120.418700 -1.000000 0.000000 0.000000 0.000000 1.000000 0.000000 0.000000 0.000000 -1.000000 15207.dat
1 320 191.783900 -59.999960 70.438570 0.000000 0.000000 1.000000 0.000000 1.000000 0.000000 -1.000000 0.000000 0.000000 3710.dat
1 320 171.783900 -59.999960 70.438570 0.000000 0.000000 1.000000 0.000000 1.000000 0.000000 -1.000000 0.000000 0.000000 2431.dat
1 320 121.783900 -59.999960 70.438570 0.000000 0.000000 -1.000000 0.000000 1.000000 0.000000 1.000000 0.000000 0.000000 6179.dat
1 71 71.783760 -59.999960 70.438460 0.000000 0.000000 1.000000 0.000000 1.000000 0.000000 -1.000000 0.000000 0.000000 92593.dat
1 71 51.783880 -59.999960 70.438570 0.000000 0.000000 1.000000 0.000000 1.000000 0.000000 -1.000000 0.000000 0.000000 3710.dat
1 72 -138.231400 -52.000140 -9.582399 1.000031 0.000000 0.000000 0.000000 1.000000 0.000000 0.000000 0.000000 1.000038 3020.dat
1 71 -248.230900 -59.999970 130.418700 0.000000 0.000000 1.000031 0.000000 1.000000 0.000000 -1.000038 0.000000 0.000000 43722b.dat
1 71 -318.230900 -59.999970 120.418700 1.000031 0.000000 0.000000 0.000000 1.000000 0.000000 0.000000 0.000000 1.000038 3710.dat
1 71 -288.231100 -68.000220 80.415980 0.000000 0.000000 1.000031 0.000000 1.000000 0.000000 -1.000038 0.000000 0.000000 63864.dat
1 72 -58.216370 -52.000020 120.438800 1.000000 0.000000 0.000000 0.000000 1.000000 0.000000 0.000000 0.000000 1.000000 99780.dat
1 72 1.783630 -52.000020 120.438600 1.000000 0.000000 0.000000 0.000000 1.000000 0.000000 0.000000 0.000000 1.000000 99780.dat
1 320 91.783840 -67.999960 80.438460 0.000000 0.000000 -1.000000 0.000000 1.000000 0.000000 1.000000 0.000000 0.000000 15712.dat
1 320 91.783840 -67.999960 100.438500 0.000000 0.000000 -1.000000 0.000000 1.000000 0.000000 1.000000 0.000000 0.000000 15712.dat
1 72 31.784610 -68.000020 -119.562700 0.355107 0.000000 -0.934824 0.000000 1.000000 0.000000 0.934824 0.000000 0.355107 15712.dat
1 16 171.783800 -44.000020 -9.561709 -1.000000 0.000000 0.000000 0.000000 -1.000000 0.000000 0.000000 0.000000 1.000000 submodel group 2_mirrored_mirrored
1 71 -78.216370 -36.000020 120.438900 -1.000000 0.000000 0.000000 0.000000 1.000000 0.000000 0.000000 0.000000 -1.000000 3460.dat
0 STEP
0 NOFILE
0 FILE SubModel Group 114
0 SubModel Group 114
0 Name: SubModel Group 114
0 Author: 
0 CustomBrick
0 FlexibleBrickControlPointUnitLength -1
0 FlexibleBrickLockedControlPoint 
0 NumOfBricks 2
1 0 -10.000000 -9.992129 0.000000 0.000000 0.000000 0.999999 0.000000 1.000000 0.000000 -1.000000 0.000000 0.000000 2926.dat
1 71 0.000000 -9.992129 0.000000 0.000000 0.000000 1.000000 0.000000 1.000000 0.000000 -1.000000 0.000000 0.000000 88930.dat
0 NOFILE
0 FILE SubModel Group 114_Mirrored
0 SubModel Group 114_Mirrored
0 Name: SubModel Group 114_Mirrored
0 Author: 
0 CustomBrick
0 FlexibleBrickControlPointUnitLength -1
0 FlexibleBrickLockedControlPoint 
0 NumOfBricks 2
1 0 9.996200 3.003800 0.000110 0.000000 0.000000 -1.000000 0.000000 1.000000 0.000000 1.000000 0.000000 0.000000 2926.dat
1 71 -0.003810 3.003860 0.000100 0.000000 0.000000 -1.000000 0.000000 1.000000 0.000000 1.000000 0.000000 0.000000 88930.dat
0 NOFILE
0 FILE SubModel Group 1 Copy 24
0 SubModel Group 1
0 Name: SubModel Group 1
0 Author: 
0 CustomBrick
0 FlexibleBrickControlPointUnitLength -1
0 FlexibleBrickLockedControlPoint 
0 NumOfBricks 17
1 4 -3.842070 -12.000000 -0.000020 0.000000 0.000000 -1.000000 0.000000 -1.000000 0.000000 -1.000000 0.000000 0.000000 60479.dat
1 71 6.157850 -4.000000 -0.000090 0.000000 0.000000 -1.000000 0.000000 -1.000000 0.000000 -1.000000 0.000000 0.000000 6180.dat
1 71 -23.842120 -12.000010 80.000010 0.000000 0.000000 1.000000 0.000000 -1.000000 0.000000 1.000000 0.000000 0.000000 3460.dat
1 71 -23.842150 -12.000010 -80.000060 0.000000 0.000000 1.000000 0.000000 -1.000000 0.000000 1.000000 0.000000 0.000000 3460.dat
1 71 6.157930 -4.000000 120.000000 0.000000 0.000000 -1.000000 0.000000 -1.000000 0.000000 -1.000000 0.000000 0.000000 6180.dat
1 71 6.157900 -4.000000 -120.000000 0.000000 0.000000 -1.000000 0.000000 -1.000000 0.000000 -1.000000 0.000000 0.000000 6180.dat
1 28 -13.842060 -12.000000 170.000000 -1.000000 0.000000 0.000000 0.000000 -1.000000 0.000000 0.000000 0.000000 1.000000 3023b.dat
1 28 -13.842120 -12.000000 -170.000000 -1.000000 0.000000 0.000000 0.000000 -1.000000 0.000000 0.000000 0.000000 1.000000 3023b.dat
1 71 6.157900 -12.000000 -130.000000 1.000000 0.000000 0.000000 0.000000 -1.000000 0.000000 0.000000 0.000000 -1.000000 18677.dat
1 71 6.157930 -12.000000 130.000000 1.000000 0.000000 0.000000 0.000000 -1.000000 0.000000 0.000000 0.000000 -1.000000 18677.dat
1 4 16.157890 -22.000000 -130.000000 0.000000 0.000000 1.000000 0.000000 1.000000 0.000000 -1.000000 0.000000 0.000000 32054.dat
1 4 16.157930 -22.000000 130.000000 0.000000 0.000000 -1.000000 0.000000 1.000000 0.000000 1.000000 0.000000 0.000000 32054.dat
1 19 -13.842070 -20.000000 -0.000020 -1.000000 0.000000 0.000000 0.000000 -1.000000 0.000000 0.000000 0.000000 1.000000 2654.dat
1 0 -23.842110 -20.000000 -150.000000 -1.000000 0.000000 0.000000 0.000000 -1.000000 0.000000 0.000000 0.000000 1.000000 24201.dat
1 0 -23.842040 -20.000010 150.000000 1.000000 0.000000 0.000000 0.000000 -1.000000 0.000000 0.000000 0.000000 -1.000000 24201.dat
1 71 -13.842040 -20.000010 99.999980 0.000000 0.000000 -1.000000 0.000000 -1.000000 0.000000 -1.000000 0.000000 0.000000 3020.dat
1 71 -13.842100 -20.000000 -99.999980 0.000000 0.000000 -1.000000 0.000000 -1.000000 0.000000 -1.000000 0.000000 0.000000 3020.dat
0 NOFILE
0 FILE SubModel Group 1_Mirrored Copy 3
0 SubModel Group 1_Mirrored
0 Name: SubModel Group 1_Mirrored
0 Author: 
0 CustomBrick
0 FlexibleBrickControlPointUnitLength -1
0 FlexibleBrickLockedControlPoint 
0 NumOfBricks 17
1 4 9.999920 5.972020 0.000000 -0.000001 0.000000 1.000000 0.000000 -1.000000 0.000000 1.000000 0.000000 0.000000 60479.dat
1 71 0.000030 13.971990 -0.000080 0.000000 0.000000 1.000000 0.000000 -1.000000 0.000000 1.000000 0.000000 0.000000 6180.dat
1 71 29.999890 5.972010 80.000040 0.000000 0.000000 -1.000000 0.000000 -1.000000 0.000000 -1.000000 0.000000 0.000000 3460.dat
1 71 29.999920 5.972010 -80.000060 0.000000 0.000000 -1.000000 0.000000 -1.000000 0.000000 -1.000000 0.000000 0.000000 3460.dat
1 71 -0.000040 13.971990 120.000000 0.000000 0.000000 1.000000 0.000000 -1.000000 0.000000 1.000000 0.000000 0.000000 6180.dat
1 71 -0.000020 13.971990 -120.000000 0.000000 0.000000 1.000000 0.000000 -1.000000 0.000000 1.000000 0.000000 0.000000 6180.dat
1 28 19.999860 5.972020 170.000000 -1.000000 0.000000 0.000000 0.000000 -1.000000 0.000000 0.000000 0.000000 1.000000 3023b.dat
1 28 19.999930 5.972020 -170.000000 -1.000000 0.000000 0.000000 0.000000 -1.000000 0.000000 0.000000 0.000000 1.000000 3023b.dat
1 71 -0.000010 5.972040 -130.000000 -1.000000 0.000000 0.000000 0.000000 -1.000000 0.000000 0.000000 0.000000 1.000000 18677.dat
1 71 -0.000040 5.972040 130.000000 -1.000000 0.000000 0.000000 0.000000 -1.000000 0.000000 0.000000 0.000000 1.000000 18677.dat
1 4 -9.999969 -4.027960 -130.000000 0.000000 0.000000 1.000000 0.000000 1.000000 0.000000 -1.000000 0.000000 0.000000 32054.dat
1 4 -10.000010 -4.027960 130.000000 0.000000 0.000000 -1.000000 0.000000 1.000000 0.000000 1.000000 0.000000 0.000000 32054.dat
1 19 19.999880 -2.027950 0.000000 -1.000000 0.000000 0.000000 0.000000 -1.000000 0.000000 0.000000 0.000000 1.000000 2654.dat
1 0 29.999880 -2.027940 -150.000000 -1.000000 0.000000 0.000000 0.000000 -1.000000 0.000000 0.000000 0.000000 1.000000 24201.dat
1 0 29.999820 -2.027940 150.000000 1.000000 0.000000 0.000000 0.000000 -1.000000 0.000000 0.000000 0.000000 -1.000000 24201.dat
1 71 19.999850 -2.027960 100.000000 0.000000 0.000000 1.000000 0.000000 -1.000000 0.000000 1.000000 0.000000 0.000000 3020.dat
1 71 19.999910 -2.027960 -99.999970 0.000000 0.000000 1.000000 0.000000 -1.000000 0.000000 1.000000 0.000000 0.000000 3020.dat
0 NOFILE
0 FILE SubModel Group 2 Copy 16
0 SubModel Group 2
0 Name: SubModel Group 2
0 Author: 
0 CustomBrick
0 FlexibleBrickControlPointUnitLength -1
0 FlexibleBrickLockedControlPoint 
0 NumOfBricks 9
1 72 -131.555600 -20.000010 0.000060 1.000000 0.000000 0.000000 0.000000 1.000000 0.000000 0.000000 0.000000 1.000000 92099.dat
1 71 -11.555560 -28.000020 0.000060 1.000000 0.000000 0.000000 0.000000 1.000000 0.000000 0.000000 0.000000 1.000000 3027.dat
1 71 -11.555560 -20.000010 0.000060 1.000000 0.000000 0.000000 0.000000 1.000000 0.000000 0.000000 0.000000 1.000000 11203.dat
1 71 -51.555560 -20.000010 0.000060 1.000000 0.000000 0.000000 0.000000 1.000000 0.000000 0.000000 0.000000 1.000000 11203.dat
1 71 48.444460 -10.000010 -40.000440 0.000000 0.000000 1.000001 0.000000 1.000000 0.000000 -1.000006 0.000000 0.000000 3673.dat
1 71 48.444450 -10.000000 40.000150 0.000000 0.000000 1.000001 0.000000 1.000000 0.000000 -1.000006 0.000000 0.000000 3673.dat
1 0 48.444450 -10.000010 -0.000120 0.000000 0.000000 1.000001 0.000000 1.000000 0.000000 -1.000006 0.000000 0.000000 4459.dat
1 71 48.444450 -20.000000 20.000050 0.000000 0.000000 1.000001 0.000000 1.000000 0.000000 -1.000006 0.000000 0.000000 26599.dat
1 71 48.444460 -20.000010 -19.999870 0.000000 0.000000 1.000000 0.000000 1.000000 0.000000 -1.000000 0.000000 0.000000 26599.dat
0 NOFILE
0 FILE SubModel Group 3 Copy 15
0 SubModel Group 3
0 Name: SubModel Group 3
0 Author: 
0 CustomBrick
0 FlexibleBrickControlPointUnitLength -1
0 FlexibleBrickLockedControlPoint 
0 NumOfBricks 23
1 15 -1.600000 -64.000000 0.368360 0.000000 0.000000 1.000000 0.000000 -1.000000 0.000000 1.000000 0.000000 0.000000 3738.dat
1 19 -1.600010 -40.000000 -19.631610 -1.000000 0.000000 0.000000 0.000000 -1.000000 0.000000 0.000000 0.000000 1.000000 6232.dat
1 19 -1.600000 -40.000000 20.368360 -1.000000 0.000000 0.000000 0.000000 -1.000000 0.000000 0.000000 0.000000 1.000000 6232.dat
1 1 -1.599990 -32.000000 0.368380 0.000000 0.000000 1.000000 0.000000 -1.000000 0.000000 1.000000 0.000000 0.000000 3709b.dat
1 4 -11.600010 -32.000000 -59.631620 0.000000 0.000000 -1.000000 0.000000 -1.000000 0.000000 -1.000000 0.000000 0.000000 11458.dat
1 4 -11.600010 -26.000000 -69.631610 -1.000000 0.000000 0.000000 0.000000 -1.000000 0.000000 0.000000 0.000000 1.000000 32054.dat
1 72 -11.600010 -40.000000 -49.631610 -1.000000 0.000000 0.000000 0.000000 -1.000000 0.000000 0.000000 0.000000 1.000000 3665.dat
1 4 -11.600010 -32.000000 60.368360 0.000000 0.000000 1.000000 0.000000 -1.000000 0.000000 1.000000 0.000000 0.000000 11458.dat
1 4 -11.600010 -26.000000 70.368350 -1.000000 0.000000 0.000000 0.000000 -1.000000 0.000000 0.000000 0.000000 1.000000 32054.dat
1 72 -11.599990 -40.000000 50.368350 1.000000 0.000000 0.000000 0.000000 -1.000000 0.000000 0.000000 0.000000 -1.000000 3665.dat
1 71 -1.600010 -8.000000 0.368380 0.000000 0.000000 1.000000 0.000000 -1.000000 0.000000 1.000000 0.000000 0.000000 2456.dat
1 71 -11.600000 0.000000 0.368390 0.000000 0.000000 1.000000 0.000000 -1.000000 0.000000 1.000000 0.000000 0.000000 6636.dat
1 71 8.399980 0.000000 0.368380 0.000000 0.000000 1.000000 0.000000 -1.000000 0.000000 1.000000 0.000000 0.000000 6636.dat
1 0 -1.600000 -62.000000 -19.631620 0.000000 -1.000000 0.000000 1.000000 0.000000 0.000000 0.000000 0.000000 1.000000 18651.dat
1 0 -1.600000 -62.000000 20.368360 0.000000 -1.000000 0.000000 1.000000 0.000000 0.000000 0.000000 0.000000 1.000000 18651.dat
1 322 -31.600000 -70.000010 48.838380 0.000000 0.000000 -1.000000 1.000000 0.000000 0.000000 0.000000 -1.000000 0.000000 60483.dat
1 322 -31.599980 -70.000010 -50.431600 0.000000 0.000000 -1.000000 1.000000 0.000000 0.000000 0.000000 -1.000000 0.000000 60483.dat
1 71 -31.600000 -70.000000 -35.351600 -1.000000 0.000000 0.000000 0.000000 1.000000 0.000000 0.000000 0.000000 -1.000000 32123a.dat
1 71 -31.600020 -70.000000 34.188380 -1.000002 0.000000 0.000000 0.000000 1.000000 0.000000 0.000000 0.000000 -1.000002 32123a.dat
1 72 -31.599980 -70.000000 -20.261600 1.000000 0.000000 0.000000 0.000000 0.000000 -1.000000 0.000000 1.000000 0.000000 18654.dat
1 72 -31.600000 -70.000000 19.878400 1.000000 0.000000 0.000000 0.000000 0.000000 -1.000000 0.000000 1.000000 0.000000 18654.dat
1 0 -31.600000 -70.000060 -1.161610 0.000000 0.000000 1.000000 0.000000 1.000000 0.000000 -1.000000 0.000000 0.000000 3706.dat
1 71 -31.600000 -70.000000 0.368410 0.000000 0.000000 1.000000 0.000000 1.000000 0.000000 -1.000000 0.000000 0.000000 63869.dat
0 NOFILE
0 FILE SubModel Group 5 Copy 6
0 SubModel Group 5
0 Name: SubModel Group 5
0 Author: 
0 CustomBrick
0 FlexibleBrickControlPointUnitLength -1
0 FlexibleBrickLockedControlPoint 
0 NumOfBricks 32
1 15 -1.625000 -100.000000 -7.749970 1.000000 0.000000 0.000000 0.000000 -1.000000 0.000000 0.000000 0.000000 -1.000000 3738.dat
1 1 -21.625000 -68.000000 22.250020 -1.000000 0.000000 0.000000 0.000000 -1.000000 0.000000 0.000000 0.000000 1.000000 11215.dat
1 72 -51.625000 -76.000000 -17.749970 0.000000 0.000000 1.000000 0.000000 -1.000000 0.000000 1.000000 0.000000 0.000000 3665.dat
1 71 18.375000 -68.000000 -7.749970 1.000000 0.000000 0.000000 0.000000 -1.000000 0.000000 0.000000 0.000000 -1.000000 92947.dat
1 84 48.375000 -36.000000 2.250020 -1.000000 0.000000 0.000000 0.000000 -1.000000 0.000000 0.000000 0.000000 1.000000 3040b.dat
1 19 -1.625000 -60.000000 12.250020 1.000000 0.000000 0.000000 0.000000 -1.000000 0.000000 0.000000 0.000000 -1.000000 3032.dat
1 71 -1.625000 -52.000000 12.250020 1.000000 0.000000 0.000000 0.000000 -1.000000 0.000000 0.000000 0.000000 -1.000000 3020.dat
1 1 18.375000 -68.000000 22.250020 -1.000000 0.000000 0.000000 0.000000 -1.000000 0.000000 0.000000 0.000000 1.000000 11215.dat
1 71 -21.625000 -68.000000 -7.749970 1.000000 0.000000 0.000000 0.000000 -1.000000 0.000000 0.000000 0.000000 -1.000000 92947.dat
1 4 -61.625000 -68.000000 -17.749970 -1.000000 0.000000 0.000000 0.000000 -1.000000 0.000000 0.000000 0.000000 1.000000 11458.dat
1 4 58.375120 -68.000000 -17.749880 1.000000 0.000000 0.000000 0.000000 -1.000000 0.000000 0.000000 0.000000 -1.000000 11458.dat
1 72 48.375000 -76.000000 -17.749960 0.000000 0.000000 -1.000000 0.000000 -1.000000 0.000000 -1.000000 0.000000 0.000000 3665.dat
1 84 -51.625000 -36.000000 2.250020 -1.000000 0.000000 0.000000 0.000000 -1.000000 0.000000 0.000000 0.000000 1.000000 3040b.dat
1 71 -1.625000 -44.000000 12.250020 1.000000 0.000000 0.000000 0.000000 -1.000000 0.000000 0.000000 0.000000 -1.000000 3020.dat
1 71 -1.625000 -60.000000 62.250020 1.000000 0.000000 0.000000 0.000000 -1.000000 0.000000 0.000000 0.000000 -1.000000 30586.dat
1 0 -31.625020 -36.000000 12.250020 0.000000 0.000000 -1.000000 0.000000 -1.000000 0.000000 -1.000000 0.000000 0.000000 63868.dat
1 28 -1.625000 -36.000000 2.250020 1.000000 0.000000 0.000000 0.000000 -1.000000 0.000000 0.000000 0.000000 -1.000000 3023b.dat
1 84 -51.625020 -36.000000 22.250020 0.000000 0.000000 1.000000 0.000000 -1.000000 0.000000 1.000000 0.000000 0.000000 3040b.dat
1 84 48.375000 -36.000000 22.250030 0.000000 0.000000 -1.000000 0.000000 -1.000000 0.000000 -1.000000 0.000000 0.000000 3040b.dat
1 0 28.375000 -36.000000 12.250020 0.000000 0.000000 -1.000000 0.000000 -1.000000 0.000000 -1.000000 0.000000 0.000000 63868.dat
1 72 -1.625000 -36.000000 42.250020 1.000000 0.000000 0.000000 0.000000 -1.000000 0.000000 0.000000 0.000000 -1.000000 3037.dat
1 71 48.375000 -36.000000 42.250020 1.000000 0.000000 0.000000 0.000000 -1.000000 0.000000 0.000000 0.000000 -1.000000 3045.dat
1 71 -51.625020 -36.000000 42.250030 0.000000 0.000000 1.000000 0.000000 -1.000000 0.000000 1.000000 0.000000 0.000000 3045.dat
1 71 -31.625020 -28.000000 22.250030 1.000000 0.000000 0.000000 0.000000 -1.000000 0.000000 0.000000 0.000000 -1.000000 11212.dat
1 71 28.375000 -28.000000 22.250020 1.000000 0.000000 0.000000 0.000000 -1.000000 0.000000 0.000000 0.000000 -1.000000 11212.dat
1 71 -1.625020 -20.000000 22.250030 1.000000 0.000000 0.000000 0.000000 -1.000000 0.000000 0.000000 0.000000 -1.000000 3743.dat
1 72 -1.625020 -20.000000 42.250030 1.000000 0.000000 0.000000 0.000000 -1.000000 0.000000 0.000000 0.000000 -1.000000 2431.dat
1 72 28.375000 -4.000000 2.250020 1.000000 0.000000 0.000000 0.000000 -1.000000 0.000000 0.000000 0.000000 -1.000000 59900.dat
1 72 8.375000 -4.000000 2.250020 1.000000 0.000000 0.000000 0.000000 -1.000000 0.000000 0.000000 0.000000 -1.000000 59900.dat
1 72 -21.625020 -20.000000 2.250030 1.000000 0.000000 0.000000 0.000000 -1.000000 0.000000 0.000000 0.000000 -1.000000 15573.dat
1 0 18.375000 -98.000000 -7.749970 0.000000 0.000000 1.000000 1.000000 0.000000 0.000000 0.000000 1.000000 0.000000 18651.dat
1 0 -21.625000 -99.959980 -7.749970 0.000000 0.000000 1.000000 1.000000 0.000000 0.000000 0.000000 1.000000 0.000000 18651.dat
0 NOFILE
0 FILE SubModel Group 6_Mirrored
0 SubModel Group 6_Mirrored
0 Name: SubModel Group 6_Mirrored
0 Author: 
0 CustomBrick
0 FlexibleBrickControlPointUnitLength -1
0 FlexibleBrickLockedControlPoint 
0 NumOfBricks 16
1 71 0.000020 13.972030 0.000010 -1.000000 0.000000 0.000000 0.000000 -1.000000 0.000000 0.000000 0.000000 1.000000 6180.dat
1 71 -120.000000 13.972030 0.000010 -1.000000 0.000000 0.000000 0.000000 -1.000000 0.000000 0.000000 0.000000 1.000000 6180.dat
1 71 120.000000 13.972030 0.000010 -1.000000 0.000000 0.000000 0.000000 -1.000000 0.000000 0.000000 0.000000 1.000000 6180.dat
1 4 0.000050 5.972030 10.000010 1.000000 0.000000 0.000000 0.000000 -1.000000 0.000000 0.000000 0.000000 -1.000000 60479.dat
1 71 80.000020 5.972020 30.000020 1.000000 0.000000 0.000000 0.000000 -1.000000 0.000000 0.000000 0.000000 -1.000000 3460.dat
1 71 -79.999980 5.972030 30.000020 1.000000 0.000000 0.000000 0.000000 -1.000000 0.000000 0.000000 0.000000 -1.000000 3460.dat
1 28 170.000000 5.972040 20.000020 0.000000 0.000000 1.000000 0.000000 -1.000000 0.000000 1.000000 0.000000 0.000000 3023b.dat
1 28 -170.000000 5.972030 20.000020 0.000000 0.000000 1.000000 0.000000 -1.000000 0.000000 1.000000 0.000000 0.000000 3023b.dat
1 71 130.000000 5.972030 0.000040 0.000000 0.000000 -1.000000 0.000000 -1.000000 0.000000 -1.000000 0.000000 0.000000 18677.dat
1 71 -130.000000 5.972030 0.000010 0.000000 0.000000 -1.000000 0.000000 -1.000000 0.000000 -1.000000 0.000000 0.000000 18677.dat
1 71 100.000000 -2.027960 20.000050 1.000000 0.000000 0.000000 0.000000 -1.000000 0.000000 0.000000 0.000000 -1.000000 3020.dat
1 71 -99.999970 -2.027980 20.000010 1.000000 0.000000 0.000000 0.000000 -1.000000 0.000000 0.000000 0.000000 -1.000000 3020.dat
1 19 0.000050 -2.027970 20.000010 1.000000 0.000000 0.000000 0.000000 -1.000000 0.000000 0.000000 0.000000 -1.000000 2654.dat
1 0 150.000100 -2.027970 30.000040 0.000000 0.000000 -1.000000 0.000000 -1.000000 0.000000 -1.000000 0.000000 0.000000 24201.dat
1 0 -150.000000 -2.027960 30.000020 0.000000 0.000000 1.000000 0.000000 -1.000000 0.000000 1.000000 0.000000 0.000000 24201.dat
1 4 130.000000 -4.027970 -9.999969 1.000000 0.000000 0.000000 0.000000 1.000000 0.000000 0.000000 0.000000 1.000000 32054.dat
0 NOFILE
0 FILE SubModel Group 7 Copy 4
0 SubModel Group 7
0 Name: SubModel Group 7
0 Author: 
0 CustomBrick
0 FlexibleBrickControlPointUnitLength -1
0 FlexibleBrickLockedControlPoint 
0 NumOfBricks 46
1 16 -41.086070 -94.108470 61.858000 0.000000 0.000000 -0.999995 -0.999995 0.000000 0.000000 0.000000 1.000000 0.000000 submodel group 1 copy 25
1 16 -41.086220 -94.108920 -38.142780 0.000000 0.000000 -0.999999 -0.999999 0.000000 0.000000 0.000000 1.000000 0.000000 submodel group 1 copy 25
0 STEP
1 16 -30.000850 -53.826960 -40.003660 1.000000 0.000000 0.000000 0.000000 1.000000 0.000000 0.000000 0.000000 1.000000 submodel group 4 copy 13
0 STEP
0 NOFILE
0 FILE SubModel Group 8 Copy 4
0 SubModel Group 8
0 Name: SubModel Group 8
0 Author: 
0 CustomBrick
0 FlexibleBrickControlPointUnitLength -1
0 FlexibleBrickLockedControlPoint 
0 NumOfBricks 4
1 15 -27.658620 -107.443600 -39.500400 1.000001 0.000000 0.000000 0.000000 0.000000 1.000000 0.000000 -1.000000 0.000000 32348.dat
1 1 20.341590 -11.443700 -49.500350 0.000002 -0.600002 -0.799999 0.000002 0.799999 -0.600001 1.000000 -0.000001 0.000003 43093.dat
1 15 -27.658500 -107.443000 18.500380 1.000000 0.000000 0.000000 0.000000 0.000000 1.000000 0.000000 -1.000000 0.000000 32348.dat
1 1 20.341540 -11.442990 30.500380 -0.000001 -0.600000 0.800000 0.000000 0.800000 0.600000 -1.000000 0.000001 -0.000001 43093.dat
0 NOFILE
0 FILE SubModel Group 6_Mirrored_Mirrored
0 SubModel Group 6_Mirrored_Mirrored
0 Name: SubModel Group 6_Mirrored_Mirrored
0 Author: 
0 CustomBrick
0 FlexibleBrickControlPointUnitLength -1
0 FlexibleBrickLockedControlPoint 
0 NumOfBricks 16
1 71 0.000010 13.972030 -0.000010 -1.000000 0.000000 0.000000 0.000000 -1.000000 0.000000 0.000000 0.000000 1.000000 6180.dat
1 71 120.000000 13.972030 -0.000010 -1.000000 0.000000 0.000000 0.000000 -1.000000 0.000000 0.000000 0.000000 1.000000 6180.dat
1 71 -120.000000 13.972030 -0.000010 -1.000000 0.000000 0.000000 0.000000 -1.000000 0.000000 0.000000 0.000000 1.000000 6180.dat
1 4 -0.000020 5.972030 9.999990 1.000000 0.000000 0.000000 0.000000 -1.000000 0.000000 0.000000 0.000000 -1.000000 60479.dat
1 71 -80.000020 5.972020 30.000000 1.000000 0.000000 0.000000 0.000000 -1.000000 0.000000 0.000000 0.000000 -1.000000 3460.dat
1 71 80.000060 5.972030 30.000000 1.000000 0.000000 0.000000 0.000000 -1.000000 0.000000 0.000000 0.000000 -1.000000 3460.dat
1 28 -170.000000 5.972030 20.000000 0.000000 0.000000 -1.000000 0.000000 -1.000000 0.000000 -1.000000 0.000000 0.000000 3023b.dat
1 28 170.000100 5.972030 20.000000 0.000000 0.000000 -1.000000 0.000000 -1.000000 0.000000 -1.000000 0.000000 0.000000 3023b.dat
1 71 -130.000000 5.972030 0.000020 0.000000 0.000000 -1.000000 0.000000 -1.000000 0.000000 -1.000000 0.000000 0.000000 18677.dat
1 71 130.000000 5.972030 -0.000020 0.000000 0.000000 -1.000000 0.000000 -1.000000 0.000000 -1.000000 0.000000 0.000000 18677.dat
1 71 -100.000000 -2.027960 20.000030 1.000000 0.000000 0.000000 0.000000 -1.000000 0.000000 0.000000 0.000000 -1.000000 3020.dat
1 71 100.000000 -2.027980 19.999990 1.000000 0.000000 0.000000 0.000000 -1.000000 0.000000 0.000000 0.000000 -1.000000 3020.dat
1 19 -0.000020 -2.027980 19.999990 1.000000 0.000000 0.000000 0.000000 -1.000000 0.000000 0.000000 0.000000 -1.000000 2654.dat
1 0 -150.000100 -2.027980 30.000020 0.000000 0.000000 1.000000 0.000000 -1.000000 0.000000 1.000000 0.000000 0.000000 24201.dat
1 0 150.000000 -2.027960 29.999990 0.000000 0.000000 -1.000000 0.000000 -1.000000 0.000000 -1.000000 0.000000 0.000000 24201.dat
1 4 -130.000000 -4.027970 -9.999990 -1.000000 0.000000 0.000000 0.000000 1.000000 0.000000 0.000000 0.000000 -1.000000 32054.dat
0 NOFILE
0 FILE SubModel Group 1 Copy 26
0 SubModel Group 1
0 Name: SubModel Group 1
0 Author: 
0 CustomBrick
0 FlexibleBrickControlPointUnitLength -1
0 FlexibleBrickLockedControlPoint 
0 NumOfBricks 62
1 72 -5.666660 -60.001160 -13.666320 0.000000 0.000000 1.000000 -1.000000 0.000000 0.000000 0.000000 -1.000000 0.000000 32000.dat
1 72 -5.666660 -20.001220 -13.666290 0.000000 0.000000 1.000000 -1.000000 0.000000 0.000000 0.000000 -1.000000 0.000000 32000.dat
1 28 -5.666660 -40.001250 -5.666320 0.000000 0.000000 1.000000 -1.000000 0.000000 0.000000 0.000000 -1.000000 0.000000 3710.dat
1 28 -5.666660 -40.001220 -37.666290 0.000000 0.000000 1.000000 -1.000000 0.000000 0.000000 0.000000 -1.000000 0.000000 3710.dat
1 71 -5.666660 -20.001250 2.333680 0.000000 0.000000 1.000000 -1.000000 0.000000 0.000000 0.000000 -1.000000 0.000000 99207.dat
1 84 -5.666660 -30.001250 26.333690 0.000000 0.000000 -1.000000 1.000000 0.000000 0.000000 0.000000 -1.000000 0.000000 3005.dat
1 71 104.333400 -10.001220 -21.666300 1.000000 0.000000 0.000000 0.000000 0.000000 1.000000 0.000000 -1.000000 0.000000 16577.dat
1 71 104.333400 -10.001220 2.333700 1.000000 0.000000 0.000000 0.000000 0.000000 1.000000 0.000000 -1.000000 0.000000 6111.dat
1 71 204.333300 -10.001200 26.333700 1.000000 0.000000 0.000000 0.000000 0.000000 1.000000 0.000000 -1.000000 0.000000 2877.dat
1 71 64.333340 -10.001240 26.333690 1.000000 0.000000 0.000000 0.000000 0.000000 1.000000 0.000000 -1.000000 0.000000 3010.dat
1 71 144.333300 -10.001220 26.333700 1.000000 0.000000 0.000000 0.000000 0.000000 1.000000 0.000000 -1.000000 0.000000 3010.dat
1 71 184.333300 -20.001210 50.333700 1.000000 0.000000 0.000000 0.000000 0.000000 1.000000 0.000000 -1.000000 0.000000 3001.dat
1 72 124.333300 -10.001220 50.333700 1.000000 0.000000 0.000000 0.000000 0.000000 1.000000 0.000000 -1.000000 0.000000 32000.dat
1 71 104.333300 -10.001230 74.333690 1.000000 0.000000 0.000000 0.000000 0.000000 1.000000 0.000000 -1.000000 0.000000 6111.dat
1 19 174.333300 -30.001220 74.333690 1.000000 0.000000 0.000000 0.000000 0.000000 1.000000 0.000000 -1.000000 0.000000 3622.dat
1 71 214.333300 -20.001200 58.333700 0.000000 0.000000 -1.000000 1.000000 0.000000 0.000000 0.000000 -1.000000 0.000000 3023b.dat
1 71 214.333400 -20.001220 66.333700 0.000000 0.000000 -1.000000 1.000000 0.000000 0.000000 0.000000 -1.000000 0.000000 3023b.dat
1 72 214.333300 -20.001220 74.333690 0.000000 0.000000 -1.000000 1.000000 0.000000 0.000000 0.000000 -1.000000 0.000000 44728.dat
1 71 104.333300 -20.001230 82.333690 1.000000 0.000000 0.000000 0.000000 0.000000 1.000000 0.000000 -1.000000 0.000000 3832.dat
1 71 234.333400 -20.001170 90.333690 0.000000 0.000000 -1.000001 1.000001 0.000000 0.000000 0.000000 -1.000000 0.000000 99206.dat
1 72 164.333400 -10.001190 90.333690 1.000001 0.000000 0.000000 0.000000 0.000000 1.000001 0.000000 -1.000000 0.000000 3666.dat
1 19 84.333320 -30.001210 90.333690 1.000001 0.000000 0.000000 0.000000 0.000000 1.000001 0.000000 -1.000000 0.000000 4477.dat
1 72 174.333400 -20.001200 114.333700 1.000001 0.000000 0.000000 0.000000 0.000000 1.000001 0.000000 -1.000000 0.000000 3002.dat
1 72 174.319500 -20.757160 114.333700 1.000001 0.000000 0.000000 0.000000 0.000000 1.000001 0.000000 -1.000000 0.000000 3002.dat
1 71 84.333320 -20.001210 114.333700 1.000001 0.000000 0.000000 0.000000 0.000000 1.000001 0.000000 -1.000000 0.000000 2456.dat
1 72 214.333400 -20.001200 114.333700 0.000000 0.000000 -1.000001 1.000001 0.000000 0.000000 0.000000 -1.000000 0.000000 3039.dat
1 72 174.333400 -20.001210 138.333700 0.000000 0.000000 -1.000001 1.000001 0.000000 0.000000 0.000000 -1.000000 0.000000 3298.dat
1 71 104.333300 -20.001220 138.333700 1.000001 0.000000 0.000000 0.000000 0.000000 1.000001 0.000000 -1.000000 0.000000 2456.dat
1 71 104.333300 -20.001220 146.333700 1.000001 0.000000 0.000000 0.000000 0.000000 1.000001 0.000000 -1.000000 0.000000 3020.dat
1 71 144.333300 -10.001220 162.333700 0.000000 0.000000 -1.000001 1.000001 0.000000 0.000000 0.000000 -1.000000 0.000000 61678.dat
1 84 194.333300 -10.001200 -21.666300 1.000000 0.000000 0.000000 0.000000 0.000000 1.000000 0.000000 -1.000000 0.000000 3005.dat
1 72 214.333400 -60.001200 -13.666080 0.000000 0.000000 1.000000 -1.000000 0.000000 0.000000 0.000000 -1.000000 0.000000 32000.dat
1 72 214.333300 -20.001180 -13.666090 0.000000 0.000000 1.000000 -1.000000 0.000000 0.000000 0.000000 -1.000000 0.000000 32000.dat
1 28 214.333300 -40.001200 -5.666080 0.000000 0.000000 1.000000 -1.000000 0.000000 0.000000 0.000000 -1.000000 0.000000 3710.dat
1 28 214.333300 -40.001190 -37.666080 0.000000 0.000000 1.000000 -1.000000 0.000000 0.000000 0.000000 -1.000000 0.000000 3710.dat
1 71 214.333300 -19.999990 2.332880 0.000000 0.000000 -1.000000 1.000000 0.000000 0.000000 0.000000 -1.000000 0.000000 99207.dat
1 84 214.333300 -30.001200 26.333700 0.000000 0.000000 1.000000 -1.000000 0.000000 0.000000 0.000000 -1.000000 0.000000 3005.dat
1 72 214.333300 -20.001210 -45.666080 0.000000 0.000000 -1.000000 1.000000 0.000000 0.000000 0.000000 -1.000000 0.000000 44728.dat
1 72 204.333400 -30.001200 90.333690 1.000001 0.000000 0.000000 0.000000 0.000000 1.000001 0.000000 -1.000000 0.000000 3023b.dat
1 72 144.333300 -30.001220 162.333700 -0.000001 0.000000 -1.000001 1.000001 0.000000 -0.000001 0.000000 -1.000000 0.000000 61678.dat
1 72 24.333340 -20.001250 50.333680 1.000000 0.000000 0.000000 0.000000 0.000000 1.000000 0.000000 -1.000000 0.000000 3001.dat
1 72 84.333350 -10.001230 50.333690 1.000000 0.000000 0.000000 0.000000 0.000000 1.000000 0.000000 -1.000000 0.000000 32000.dat
1 19 34.333340 -30.001250 74.333680 1.000000 0.000000 0.000000 0.000000 0.000000 1.000000 0.000000 -1.000000 0.000000 3622.dat
1 72 44.333280 -10.001230 90.333680 1.000001 0.000000 0.000000 0.000000 0.000000 1.000001 0.000000 -1.000000 0.000000 3666.dat
1 71 104.333300 -20.001220 154.333700 1.000001 0.000000 0.000000 0.000000 0.000000 1.000001 0.000000 -1.000000 0.000000 3022.dat
1 71 64.333290 -10.001220 162.333700 0.000000 0.000000 1.000001 -1.000001 0.000000 0.000000 0.000000 -1.000000 0.000000 61678.dat
1 72 194.333300 -10.001200 -45.666320 1.000000 0.000000 0.000000 0.000000 0.000000 1.000000 0.000000 -1.000000 0.000000 3024.dat
1 72 64.333290 -30.001270 162.333700 0.000000 0.000000 1.000001 -1.000001 0.000000 0.000000 0.000000 -1.000000 0.000000 61678.dat
1 71 4.333340 -10.001250 26.333680 1.000000 0.000000 0.000000 0.000000 0.000000 1.000000 0.000000 -1.000000 0.000000 2877.dat
1 72 34.333260 -20.001260 138.333700 0.000000 0.000000 1.000001 -1.000001 0.000000 0.000000 0.000000 -1.000000 0.000000 3298.dat
1 84 14.333350 -10.001240 -21.666320 1.000000 0.000000 0.000000 0.000000 0.000000 1.000000 0.000000 -1.000000 0.000000 3005.dat
1 72 14.333350 -10.001240 -45.666340 1.000000 0.000000 0.000000 0.000000 0.000000 1.000000 0.000000 -1.000000 0.000000 3024.dat
1 72 14.333350 -10.001240 -53.666370 1.000000 0.000000 0.000000 0.000000 0.000000 1.000000 0.000000 -1.000000 0.000000 3024.dat
1 71 4.333330 -8.001180 -75.666260 -1.000000 0.000000 0.000000 0.000000 1.000000 0.000000 0.000000 0.000000 -1.000000 99207.dat
1 72 -5.666660 -20.001230 -45.666270 0.000000 0.000000 1.000000 -1.000000 0.000000 0.000000 0.000000 -1.000000 0.000000 44728.dat
1 28 -5.666670 -20.001210 -53.666260 0.000000 0.000000 1.000000 -1.000000 0.000000 0.000000 0.000000 -1.000000 0.000000 3023b.dat
1 72 -5.666660 -20.001260 58.333680 0.000000 0.000000 -1.000000 1.000000 0.000000 0.000000 0.000000 -1.000000 0.000000 3023b.dat
1 72 -5.666660 -20.001260 66.333680 0.000000 0.000000 -1.000000 1.000000 0.000000 0.000000 0.000000 -1.000000 0.000000 3023b.dat
1 72 -5.666660 -20.001270 74.333680 0.000000 0.000000 1.000000 -1.000000 0.000000 0.000000 0.000000 -1.000000 0.000000 44728.dat
1 71 -25.666760 -20.001250 90.333660 0.000000 0.000000 1.000001 -1.000001 0.000000 0.000000 0.000000 -1.000000 0.000000 99206.dat
1 72 -5.666760 -20.001260 114.333700 0.000000 0.000000 1.000001 -1.000001 0.000000 0.000000 0.000000 -1.000000 0.000000 3039.dat
1 72 14.333250 -20.001240 114.333700 0.000000 0.000000 1.000001 -1.000001 0.000000 0.000000 0.000000 -1.000000 0.000000 32000.dat
0 NOFILE
0 FILE SubModel Group 2 Copy 17
0 SubModel Group 2
0 Name: SubModel Group 2
0 Author: 
0 CustomBrick
0 FlexibleBrickControlPointUnitLength -1
0 FlexibleBrickLockedControlPoint 
0 NumOfBricks 57
1 71 -8.123540 -38.998750 -27.536320 1.000007 0.000000 0.000000 0.000000 0.000000 -1.000007 0.000000 1.000000 0.000000 16577.dat
1 19 -38.123840 -38.998750 -51.536200 1.000007 0.000000 0.000000 0.000000 0.000000 -1.000007 0.000000 1.000000 0.000000 3622.dat
1 19 21.876590 -38.998750 -51.536260 1.000007 0.000000 0.000000 0.000000 0.000000 -1.000007 0.000000 1.000000 0.000000 3622.dat
1 320 -8.123540 -38.998750 -59.536200 1.000007 0.000000 0.000000 0.000000 0.000000 -1.000007 0.000000 1.000000 0.000000 3023b.dat
1 320 -8.123540 -38.998750 -67.536200 1.000007 0.000000 0.000000 0.000000 0.000000 -1.000007 0.000000 1.000000 0.000000 3023b.dat
1 320 21.876590 -28.998690 -59.536260 0.000000 0.000000 1.000007 1.000007 0.000000 0.000000 0.000000 1.000000 0.000000 3023b.dat
1 320 -38.123170 -29.000090 -59.536200 0.000000 0.000000 1.000004 1.000004 0.000000 0.000000 0.000000 1.000000 0.000000 3023b.dat
1 72 -78.124520 -38.998750 -51.536260 0.000000 0.000000 1.000007 1.000007 0.000000 0.000000 0.000000 1.000000 0.000000 4286.dat
1 72 61.876710 -38.998690 -51.536260 0.000000 0.000000 -1.000007 -1.000007 0.000000 0.000000 0.000000 1.000000 0.000000 4286.dat
1 72 31.876590 -38.998690 -75.536250 0.000000 0.000000 -1.000007 -1.000007 0.000000 0.000000 0.000000 1.000000 0.000000 61678.dat
1 72 -48.123840 -38.998750 -75.536320 0.000000 0.000000 1.000007 1.000007 0.000000 0.000000 0.000000 1.000000 0.000000 61678.dat
1 71 -8.122800 -19.000090 -19.536190 1.000004 0.000000 0.000000 0.000000 0.000000 -1.000004 0.000000 1.000000 0.000000 16577.dat
1 71 1.877140 -19.000090 -43.536200 0.000000 0.000000 -1.000004 -1.000004 0.000000 0.000000 0.000000 1.000000 0.000000 3040b.dat
1 71 -18.122800 -19.000090 -43.536200 0.000000 0.000000 1.000004 1.000004 0.000000 0.000000 0.000000 1.000000 0.000000 3040b.dat
1 320 51.877620 -19.000030 -27.536260 1.000004 0.000000 0.000000 0.000000 0.000000 -1.000004 0.000000 1.000000 0.000000 3023b.dat
1 320 -68.123110 -19.000090 -27.536260 1.000004 0.000000 0.000000 0.000000 0.000000 -1.000004 0.000000 1.000000 0.000000 3023b.dat
1 71 -8.122800 -19.000090 -51.536200 1.000004 0.000000 0.000000 0.000000 0.000000 -1.000004 0.000000 1.000000 0.000000 99781.dat
1 71 -8.122800 -19.000090 -59.536200 1.000004 0.000000 0.000000 0.000000 0.000000 -1.000004 0.000000 1.000000 0.000000 32028.dat
1 320 -8.122800 -19.000090 -67.536200 1.000004 0.000000 0.000000 0.000000 0.000000 -1.000004 0.000000 1.000000 0.000000 3023b.dat
1 320 61.878060 -19.003020 -51.536260 0.000000 0.000000 -1.000000 -1.000000 0.000000 0.000000 0.000000 1.000000 0.000000 4286.dat
1 320 -78.123110 -19.000090 -51.536260 0.000000 0.000000 1.000004 1.000004 0.000000 0.000000 0.000000 1.000000 0.000000 4286.dat
1 320 41.877440 -18.999970 -51.536260 0.000000 0.000000 1.000004 1.000004 0.000000 0.000000 0.000000 1.000000 0.000000 3665.dat
1 320 -58.123170 -19.000090 -51.536200 0.000000 0.000000 -1.000004 -1.000004 0.000000 0.000000 0.000000 1.000000 0.000000 3665.dat
1 320 31.877320 -18.999970 -75.536250 0.000000 0.000000 -1.000004 -1.000004 0.000000 0.000000 0.000000 1.000000 0.000000 61678.dat
1 320 -48.123120 -19.000090 -75.536200 0.000000 0.000000 1.000004 1.000004 0.000000 0.000000 0.000000 1.000000 0.000000 61678.dat
1 71 91.878480 -29.005340 60.463620 1.000000 0.000000 0.000000 0.000000 0.000000 -1.000000 0.000000 1.000000 0.000000 3003.dat
1 71 101.878500 -29.005280 52.463620 0.000000 0.000000 1.000000 1.000000 0.000000 0.000000 0.000000 1.000000 0.000000 3023b.dat
1 71 71.878480 -39.005340 52.463620 1.000000 0.000000 0.000000 0.000000 0.000000 -1.000000 0.000000 1.000000 0.000000 3023b.dat
1 71 81.878480 -19.005280 52.463620 0.000000 0.000000 1.000000 1.000000 0.000000 0.000000 0.000000 1.000000 0.000000 60897.dat
1 72 61.878480 -39.005340 44.463620 1.000000 0.000000 0.000000 0.000000 0.000000 -1.000000 0.000000 1.000000 0.000000 3024.dat
1 71 91.878480 -29.005280 44.463620 1.000000 0.000000 0.000000 0.000000 0.000000 -1.000000 0.000000 1.000000 0.000000 3022.dat
1 19 81.878480 -39.005280 20.463680 1.000000 0.000000 0.000000 0.000000 0.000000 -1.000000 0.000000 1.000000 0.000000 3622.dat
1 84 101.878500 -19.005280 20.463680 1.000000 0.000000 0.000000 0.000000 0.000000 -1.000000 0.000000 1.000000 0.000000 3005.dat
1 71 81.878480 -19.005280 36.463620 0.000000 0.000000 1.000000 1.000000 0.000000 0.000000 0.000000 1.000000 0.000000 60897.dat
1 72 81.878060 -19.003140 28.463680 1.000004 0.000000 0.000000 0.000000 0.000000 -1.000004 0.000000 1.000000 0.000000 3024.dat
1 72 81.878060 -19.003140 20.463680 1.000004 0.000000 0.000000 0.000000 0.000000 -1.000004 0.000000 1.000000 0.000000 3024.dat
1 72 101.878400 -29.005220 12.463680 0.000000 0.000000 1.000000 1.000000 0.000000 0.000000 0.000000 1.000000 0.000000 3023b.dat
1 71 121.878400 -29.005220 -3.536320 0.000000 0.000000 -1.000000 -1.000000 0.000000 0.000000 0.000000 1.000000 0.000000 99206.dat
1 71 101.877700 -29.001130 -3.536320 0.000000 0.000000 1.000009 1.000009 0.000000 0.000000 0.000000 1.000000 0.000000 3023b.dat
1 72 101.877700 -39.001130 -27.536320 0.000000 0.000000 -1.000009 -1.000009 0.000000 0.000000 0.000000 1.000000 0.000000 3040b.dat
1 71 101.877700 -19.001010 -27.536260 0.000000 0.000000 -1.000009 -1.000009 0.000000 0.000000 0.000000 1.000000 0.000000 3040b.dat
1 71 81.878060 -29.003080 -3.536320 0.000000 0.000000 1.000000 1.000000 0.000000 0.000000 0.000000 1.000000 0.000000 2877.dat
1 320 81.878060 -29.003020 -27.536260 0.000000 0.000000 1.000000 1.000000 0.000000 0.000000 0.000000 1.000000 0.000000 3004.dat
1 71 -98.123420 -39.000460 20.463680 0.999983 0.000000 0.000000 0.000000 0.000000 -0.999983 0.000000 1.000000 0.000000 3623.dat
1 71 -108.123100 -17.000880 42.463620 0.999983 0.000000 0.000000 0.000000 0.999983 0.000000 0.000000 0.000000 1.000000 99207.dat
1 72 -108.123100 -19.000880 20.463680 0.999983 0.000000 0.000000 0.000000 0.000000 -0.999983 0.000000 1.000000 0.000000 3023b.dat
1 72 -118.123200 -29.000580 12.463680 0.000000 0.000000 0.999983 0.999983 0.000000 0.000000 0.000000 1.000000 0.000000 44728.dat
1 71 -98.121520 -29.002980 -3.536270 0.000000 0.000000 -1.000000 -1.000000 0.000000 0.000000 0.000000 1.000000 0.000000 2877.dat
1 320 -98.121520 -29.003200 -27.536260 0.000000 0.000000 0.999977 0.999977 0.000000 0.000000 0.000000 1.000000 0.000000 3004.dat
1 71 -138.123200 -29.000520 -3.536320 0.000000 0.000000 0.999983 0.999983 0.000000 0.000000 0.000000 1.000000 0.000000 99206.dat
1 71 -118.125200 -28.998990 -3.536320 0.000000 0.000000 -1.000006 -1.000006 0.000000 0.000000 0.000000 1.000000 0.000000 3023b.dat
1 72 -118.125200 -18.999300 -27.536260 0.000000 0.000000 1.000006 1.000006 0.000000 0.000000 0.000000 1.000000 0.000000 3040b.dat
1 71 -118.125200 -38.999000 -27.536320 0.000000 0.000000 1.000006 1.000006 0.000000 0.000000 0.000000 1.000000 0.000000 3040b.dat
1 71 -78.123780 -29.000400 60.463620 0.000000 0.000000 -1.000000 -1.000000 0.000000 0.000000 0.000000 1.000000 0.000000 3023b.dat
1 71 -78.123780 -29.000400 36.463620 0.000000 0.000000 -1.000000 -1.000000 0.000000 0.000000 0.000000 1.000000 0.000000 2877.dat
1 72 -78.123780 -29.000400 28.463680 0.000000 0.000000 -1.000000 -1.000000 0.000000 0.000000 0.000000 1.000000 0.000000 44567.dat
1 71 -8.121520 -21.005280 50.043580 0.000000 0.000000 -1.000000 0.000000 1.000000 0.000000 1.000000 0.000000 0.000000 18675ps6.dat
0 NOFILE
0 FILE SubModel Group 3 Copy 16
0 SubModel Group 3
0 Name: SubModel Group 3
0 Author: 
0 CustomBrick
0 FlexibleBrickControlPointUnitLength -1
0 FlexibleBrickLockedControlPoint 
0 NumOfBricks 18
1 72 4.222170 -109.001300 20.000130 0.000000 1.000000 0.000000 0.000000 0.000000 1.000000 1.000000 0.000000 0.000000 32525.dat
1 72 4.222230 -109.000500 -20.000080 0.000000 1.000000 0.000000 0.000000 0.000000 1.000002 1.000002 0.000000 0.000000 32525.dat
1 14 24.222080 -29.000150 0.000030 0.000000 1.000000 0.000000 0.000000 0.000000 -1.000002 -1.000002 0.000000 0.000000 60484.dat
1 0 24.222020 -9.000340 0.000030 0.000000 1.000006 0.000000 -1.000008 0.000000 0.000000 0.000000 0.000000 1.000002 32523.dat
1 0 4.222170 -29.000230 0.000030 0.000000 1.000006 0.000000 0.000000 0.000000 -1.000008 -1.000002 0.000000 0.000000 32523.dat
1 1 4.223080 -49.000220 0.000030 -1.000000 0.000000 0.000000 0.000000 -1.000002 0.000000 0.000000 0.000000 1.000002 6558.dat
1 1 4.222170 -29.000230 0.000030 -1.000006 0.000000 0.000000 0.000000 -1.000008 0.000000 0.000000 0.000000 1.000002 6558.dat
1 1 4.222170 -9.000340 0.000030 -1.000006 0.000000 0.000000 0.000000 -1.000008 0.000000 0.000000 0.000000 1.000002 6558.dat
1 4 4.222230 -189.000700 -20.000080 1.000000 0.000000 0.000000 0.000000 1.000000 0.000000 0.000000 0.000000 1.000000 32054.dat
1 0 14.222170 -9.000340 -20.000030 -1.000006 0.000000 0.000000 0.000000 -1.000008 0.000000 0.000000 0.000000 1.000002 4459.dat
1 0 14.222170 -9.000400 20.000060 -1.000006 0.000000 0.000000 0.000000 -1.000008 0.000000 0.000000 0.000000 1.000002 4459.dat
1 0 14.222230 -69.000220 -20.000030 -1.000000 0.000000 0.000000 0.000000 -1.000002 0.000000 0.000000 0.000000 1.000002 4459.dat
1 0 14.222230 -69.000220 20.000060 -1.000000 0.000000 0.000000 0.000000 -1.000002 0.000000 0.000000 0.000000 1.000002 4459.dat
1 4 4.222230 -149.000600 -20.000080 1.000000 0.000000 0.000000 0.000000 1.000000 0.000000 0.000000 0.000000 1.000000 32054.dat
1 4 4.222230 -109.000500 -20.000080 1.000000 0.000000 0.000000 0.000000 1.000000 0.000000 0.000000 0.000000 1.000000 32054.dat
1 4 4.222170 -189.001300 20.000140 1.000000 0.000000 0.000000 0.000000 1.000000 0.000000 0.000000 0.000000 1.000000 32054.dat
1 4 4.222170 -149.001300 20.000120 1.000000 0.000000 0.000000 0.000000 1.000000 0.000000 0.000000 0.000000 1.000000 32054.dat
1 4 4.222170 -109.001300 20.000140 1.000000 0.000000 0.000000 0.000000 1.000000 0.000000 0.000000 0.000000 1.000000 32054.dat
0 NOFILE
0 FILE SubModel Group 4 Copy 13
0 SubModel Group 4
0 Name: SubModel Group 4
0 Author: 
0 CustomBrick
0 FlexibleBrickControlPointUnitLength -1
0 FlexibleBrickLockedControlPoint 
0 NumOfBricks 18
1 72 4.222290 -109.000400 19.999970 0.000000 1.000000 0.000000 0.000000 0.000000 1.000000 1.000000 0.000000 0.000000 32525.dat
1 72 4.222290 -109.000300 -20.000060 0.000000 1.000000 0.000000 0.000000 0.000000 1.000000 1.000000 0.000000 0.000000 32525.dat
1 14 24.222290 -29.000110 0.000000 0.000000 1.000000 0.000000 0.000000 0.000000 -1.000000 -1.000000 0.000000 0.000000 60484.dat
1 0 24.222260 -9.000290 0.000000 0.000000 1.000006 0.000000 -1.000006 0.000000 0.000000 0.000000 0.000000 1.000000 32523.dat
1 0 4.222230 -29.000170 0.000000 0.000000 1.000006 0.000000 0.000000 0.000000 -1.000006 -1.000000 0.000000 0.000000 32523.dat
1 1 4.223140 -49.000180 0.000000 -1.000000 0.000000 0.000000 0.000000 -1.000000 0.000000 0.000000 0.000000 1.000000 6558.dat
1 1 4.222290 -29.000170 0.000000 -1.000006 0.000000 0.000000 0.000000 -1.000006 0.000000 0.000000 0.000000 1.000000 6558.dat
1 1 4.222230 -9.000290 0.000000 -1.000006 0.000000 0.000000 0.000000 -1.000006 0.000000 0.000000 0.000000 1.000000 6558.dat
1 4 4.222290 -189.000300 -20.000060 1.000000 0.000000 0.000000 0.000000 1.000000 0.000000 0.000000 0.000000 1.000000 32054.dat
1 0 14.222260 -9.000290 -20.000000 -1.000006 0.000000 0.000000 0.000000 -1.000006 0.000000 0.000000 0.000000 1.000000 4459.dat
1 0 14.222260 -9.000350 20.000000 -1.000006 0.000000 0.000000 0.000000 -1.000006 0.000000 0.000000 0.000000 1.000000 4459.dat
1 0 14.222290 -69.000110 -20.000000 -1.000000 0.000000 0.000000 0.000000 -1.000000 0.000000 0.000000 0.000000 1.000000 4459.dat
1 0 14.222290 -69.000110 20.000000 -1.000000 0.000000 0.000000 0.000000 -1.000000 0.000000 0.000000 0.000000 1.000000 4459.dat
1 4 4.222290 -149.000300 -20.000060 1.000000 0.000000 0.000000 0.000000 1.000000 0.000000 0.000000 0.000000 1.000000 32054.dat
1 4 4.222290 -109.000300 -20.000060 1.000000 0.000000 0.000000 0.000000 1.000000 0.000000 0.000000 0.000000 1.000000 32054.dat
1 4 4.222290 -189.000400 19.999970 1.000000 0.000000 0.000000 0.000000 1.000000 0.000000 0.000000 0.000000 1.000000 32054.dat
1 4 4.222290 -149.000400 19.999970 1.000000 0.000000 0.000000 0.000000 1.000000 0.000000 0.000000 0.000000 1.000000 32054.dat
1 4 4.222290 -109.000400 19.999970 1.000000 0.000000 0.000000 0.000000 1.000000 0.000000 0.000000 0.000000 1.000000 32054.dat
0 NOFILE
0 FILE SubModel Group 7 Copy 5
0 SubModel Group 7
0 Name: SubModel Group 7
0 Author: 
0 CustomBrick
0 FlexibleBrickControlPointUnitLength -1
0 FlexibleBrickLockedControlPoint 
0 NumOfBricks 70
1 71 -0.138650 -10.000980 111.737600 -1.000002 0.000000 0.000000 0.000000 0.000000 1.000002 0.000000 1.000000 0.000000 3010.dat
1 71 -0.138650 -10.000980 103.737600 -1.000002 0.000000 0.000000 0.000000 0.000000 1.000002 0.000000 1.000000 0.000000 2436b.dat
1 72 -0.138650 -10.000980 79.737610 -1.000002 0.000000 0.000000 0.000000 0.000000 1.000002 0.000000 1.000000 0.000000 32000.dat
1 71 49.861400 -10.000980 111.737600 0.000000 0.000000 -1.000002 -1.000002 0.000000 0.000000 0.000000 1.000000 0.000000 3665.dat
1 71 -50.138720 -10.000000 111.737600 0.000000 0.000000 1.000000 1.000000 0.000000 0.000000 0.000000 1.000000 0.000000 3665.dat
1 71 49.861400 -10.000980 103.737600 -1.000002 0.000000 0.000000 0.000000 0.000000 1.000002 0.000000 1.000000 0.000000 3623.dat
1 71 49.861400 -10.000980 95.737610 -1.000002 0.000000 0.000000 0.000000 0.000000 1.000002 0.000000 1.000000 0.000000 3623.dat
1 71 -50.138780 -10.000980 103.737600 1.000002 0.000000 0.000000 0.000000 0.000000 -1.000002 0.000000 1.000000 0.000000 3623.dat
1 71 -50.138840 -10.000920 95.737610 1.000002 0.000000 0.000000 0.000000 0.000000 -1.000002 0.000000 1.000000 0.000000 3623.dat
1 84 -30.138780 -10.000920 71.737610 -1.000000 0.000000 0.000000 0.000000 0.000000 1.000000 0.000000 1.000000 0.000000 3005.dat
1 84 29.861340 -10.000980 71.737610 -1.000000 0.000000 0.000000 0.000000 0.000000 1.000000 0.000000 1.000000 0.000000 3005.dat
1 28 -0.138720 -10.000980 71.737610 -1.000000 0.000000 0.000000 0.000000 0.000000 1.000000 0.000000 1.000000 0.000000 3023b.dat
1 72 -0.138720 -10.000980 63.737610 -1.000000 0.000000 0.000000 0.000000 0.000000 1.000000 0.000000 1.000000 0.000000 44728.dat
1 72 -30.138780 -10.000920 63.737610 -1.000000 0.000000 0.000000 0.000000 0.000000 1.000000 0.000000 1.000000 0.000000 3024.dat
1 72 29.861340 -10.000980 63.737610 -1.000000 0.000000 0.000000 0.000000 0.000000 1.000000 0.000000 1.000000 0.000000 3024.dat
1 0 19.861280 -10.000060 55.737610 -1.000000 0.000000 0.000000 0.000000 0.000000 1.000000 0.000000 1.000000 0.000000 99780.dat
1 0 -20.138780 -10.000920 55.737610 -1.000000 0.000000 0.000000 0.000000 0.000000 1.000000 0.000000 1.000000 0.000000 99780.dat
1 72 -0.138780 -10.000920 47.737610 -1.000000 0.000000 0.000000 0.000000 0.000000 1.000000 0.000000 1.000000 0.000000 3710.dat
1 71 49.861400 -10.001040 23.737610 0.000000 0.000000 -1.000000 -1.000000 0.000000 0.000000 0.000000 1.000000 0.000000 4460b.dat
1 71 -50.138900 -10.000920 23.737610 0.000000 0.000000 1.000000 1.000000 0.000000 0.000000 0.000000 1.000000 0.000000 4460b.dat
1 72 -30.138780 -10.000920 23.737610 -1.000000 0.000000 0.000000 0.000000 0.000000 1.000000 0.000000 1.000000 0.000000 4070.dat
1 72 29.861220 -10.000920 23.737610 -1.000000 0.000000 0.000000 0.000000 0.000000 1.000000 0.000000 1.000000 0.000000 4070.dat
1 72 -30.138780 -24.000980 33.737610 -1.000000 0.000000 0.000000 0.000000 1.000000 0.000000 0.000000 0.000000 -1.000000 3024.dat
1 72 29.861220 -24.000980 33.737610 -1.000000 0.000000 0.000000 0.000000 1.000000 0.000000 0.000000 0.000000 -1.000000 3024.dat
1 72 39.861400 -10.001040 23.737610 0.000000 0.000000 1.000000 1.000000 0.000000 0.000000 0.000000 1.000000 0.000000 61409b.dat
1 72 -40.138840 -10.000920 23.737610 0.000000 0.000000 -1.000000 -1.000000 0.000000 0.000000 0.000000 1.000000 0.000000 61409b.dat
1 71 -0.138780 -48.000980 33.737550 -1.000005 0.000000 0.000000 0.000000 1.000000 0.000000 0.000000 0.000000 -1.000005 48933.dat
1 71 -0.138780 -40.000980 33.737550 1.000005 0.000000 0.000000 0.000000 1.000000 0.000000 0.000000 0.000000 1.000005 3023b.dat
1 72 -0.138720 -32.000980 43.739020 0.000000 0.000000 1.000000 0.000000 1.000000 0.000000 -1.000000 0.000000 0.000000 10247.dat
1 16 -29.629920 -22.553040 109.311100 0.974371 0.000000 -0.224951 0.000000 1.000000 0.000000 0.224951 0.000000 0.974371 submodel group 6 copy 6
1 16 36.850770 -30.001010 81.776320 0.974370 0.000000 0.224951 0.000000 1.000000 0.000000 -0.224951 0.000000 0.974370 submodel group 6_mirrored copy
1 0 -0.138730 -22.000950 -6.264770 1.000000 0.000000 0.000000 0.000000 1.000000 0.000000 0.000000 0.000000 1.000000 3705.dat
1 71 -0.138730 -22.000950 13.735230 1.000000 0.000000 0.000000 0.000000 1.000000 0.000000 0.000000 0.000000 1.000000 32039.dat
1 1 -0.138720 -22.000980 23.739020 0.000000 0.000000 1.000000 0.000000 1.000000 0.000000 -1.000000 0.000000 0.000000 43093.dat
1 71 14.861290 -22.000950 -6.264770 0.000000 0.000000 1.000000 0.000000 1.000000 0.000000 -1.000000 0.000000 0.000000 32123a.dat
1 71 -15.138790 -22.000950 -6.264770 0.000000 0.000000 1.000000 0.000000 1.000000 0.000000 -1.000000 0.000000 0.000000 32123a.dat
1 71 -30.138780 -22.000950 -26.264770 1.000000 0.000000 0.000000 0.000000 -1.000000 0.000000 0.000000 0.000000 -1.000000 32039.dat
1 71 -30.138780 -22.000950 -46.264770 0.000000 -1.000000 0.000000 0.000000 0.000000 -1.000000 1.000000 0.000000 0.000000 22961.dat
1 72 -0.139360 -42.001010 -48.264650 -1.000000 0.000000 0.000000 0.000000 0.000000 1.000000 0.000000 1.000000 0.000000 44567.dat
1 71 -0.139360 -62.001040 -56.264650 1.000000 0.000000 0.000000 0.000000 -1.000000 0.000000 0.000000 0.000000 -1.000000 30553.dat
1 71 9.861279 -32.000980 -56.264770 0.000000 0.000000 1.000000 1.000000 0.000000 0.000000 0.000000 1.000000 0.000000 18677.dat
1 71 -10.139400 -32.001010 -56.264770 0.000000 0.000000 1.000000 1.000000 0.000000 0.000000 0.000000 1.000000 0.000000 18677.dat
1 0 19.861280 -22.000980 -46.264770 1.000000 0.000000 0.000000 0.000000 0.000000 -1.000000 0.000000 1.000000 0.000000 4459.dat
1 0 -20.138790 -22.000950 -46.264770 1.000000 0.000000 0.000000 0.000000 0.000000 -1.000000 0.000000 1.000000 0.000000 4459.dat
1 72 -10.139400 -42.001010 -80.264780 1.000000 0.000000 0.000000 0.000000 0.000000 -1.000000 0.000000 1.000000 0.000000 3062b.dat
1 72 9.860670 -42.001010 -80.264780 1.000000 0.000000 0.000000 0.000000 0.000000 -1.000000 0.000000 1.000000 0.000000 3062b.dat
1 72 -10.139400 -22.001010 -80.264780 1.000000 0.000000 0.000000 0.000000 0.000000 -1.000000 0.000000 1.000000 0.000000 3062b.dat
1 72 9.860670 -22.000980 -80.264780 1.000000 0.000000 0.000000 0.000000 0.000000 -1.000000 0.000000 1.000000 0.000000 3062b.dat
1 71 29.861310 -22.000950 -26.264770 1.000000 0.000000 0.000000 0.000000 -1.000000 0.000000 0.000000 0.000000 -1.000000 32039.dat
1 71 29.861310 -22.000980 -46.264770 0.000000 -1.000000 0.000000 0.000000 0.000000 -1.000000 1.000000 0.000000 0.000000 22961.dat
1 16 -10.139410 -33.001010 -147.381200 1.000000 0.000000 0.000000 0.000000 1.000000 0.000000 0.000000 0.000000 1.000000 submodel group 5 copy 7
1 16 -10.139410 -13.000980 -146.881200 1.000000 0.000000 0.000000 0.000000 1.000000 0.000000 0.000000 0.000000 1.000000 submodel group 5 copy 7
1 16 9.860670 -33.000980 -148.161200 1.000000 0.000000 0.000000 0.000000 1.000000 0.000000 0.000000 0.000000 1.000000 submodel group 5 copy 7
1 16 9.860670 -13.000980 -148.021200 1.000000 0.000000 0.000000 0.000000 1.000000 0.000000 0.000000 0.000000 1.000000 submodel group 5 copy 7
1 0 9.861370 -0.000940 89.737590 0.000000 0.000000 1.000000 -1.000000 0.000000 0.000000 0.000000 -1.000000 0.000000 4459.dat
1 0 -10.138670 -0.000940 89.737590 0.000000 0.000000 1.000000 -1.000000 0.000000 0.000000 0.000000 -1.000000 0.000000 4459.dat
0 NOFILE
0 FILE SubModel Group 3 Copy 17
0 SubModel Group 3
0 Name: SubModel Group 3
0 Author: 
0 CustomBrick
0 FlexibleBrickControlPointUnitLength -1
0 FlexibleBrickLockedControlPoint 
0 NumOfBricks 187
1 72 -2.144070 -92.699970 -172.360800 0.000000 0.000000 -0.999999 0.000000 0.999999 0.000000 1.000000 0.000000 0.000000 3958.dat
1 71 -2.144090 -84.699970 -212.360800 0.999999 0.000000 0.000000 0.000000 0.999999 0.000000 0.000000 0.000000 1.000000 3020.dat
1 0 17.855930 -84.699970 -32.360810 0.000000 0.000000 -0.999999 0.000000 0.999999 0.000000 1.000000 0.000000 0.000000 4282.dat
1 0 -22.144080 -84.699970 -32.360810 0.000000 0.000000 -0.999999 0.000000 0.999999 0.000000 1.000000 0.000000 0.000000 4282.dat
1 320 -2.144090 -92.699970 -102.360800 1.000000 0.000000 0.000000 0.000000 1.000000 0.000000 0.000000 0.000000 1.000000 3666.dat
1 72 -2.144070 -92.699970 -32.360810 0.000000 0.000000 -1.000000 0.000000 1.000000 0.000000 1.000000 0.000000 0.000000 3958.dat
1 72 -2.144070 -92.699970 87.639190 0.000000 0.000000 -1.000000 0.000000 1.000000 0.000000 1.000000 0.000000 0.000000 3958.dat
1 71 -52.144040 -100.699900 -152.360800 0.000000 0.000000 -1.000000 0.000000 1.000000 0.000000 1.000000 0.000000 0.000000 4477.dat
1 71 47.855860 -100.700000 -152.360800 0.000000 0.000000 -1.000000 0.000000 1.000000 0.000000 1.000000 0.000000 0.000000 4477.dat
1 71 -52.144060 -100.700000 47.639200 0.000000 0.000000 -1.000000 0.000000 1.000000 0.000000 1.000000 0.000000 0.000000 4477.dat
1 71 47.855880 -100.700000 47.639200 0.000000 0.000000 -1.000000 0.000000 1.000000 0.000000 1.000000 0.000000 0.000000 4477.dat
1 71 -2.144070 -100.700000 127.639200 1.000000 0.000000 0.000000 0.000000 1.000000 0.000000 0.000000 0.000000 1.000000 3020.dat
1 72 -2.144070 -100.700000 87.639220 1.000000 0.000000 0.000000 0.000000 1.000000 0.000000 0.000000 0.000000 1.000000 3020.dat
1 72 -2.144070 -100.700000 47.639210 1.000000 0.000000 0.000000 0.000000 1.000000 0.000000 0.000000 0.000000 1.000000 3020.dat
1 28 -2.144070 -100.700000 17.639190 1.000000 0.000000 0.000000 0.000000 1.000000 0.000000 0.000000 0.000000 1.000000 15573.dat
1 28 -2.144070 -100.700000 -2.360810 1.000000 0.000000 0.000000 0.000000 1.000000 0.000000 0.000000 0.000000 1.000000 15573.dat
1 28 7.855900 -100.700000 -72.360810 0.000000 0.000000 -1.000000 0.000000 1.000000 0.000000 1.000000 0.000000 0.000000 15573.dat
1 28 -12.144070 -100.700000 -72.360800 0.000000 0.000000 -1.000000 0.000000 1.000000 0.000000 1.000000 0.000000 0.000000 3023b.dat
1 72 -2.144070 -100.700000 -32.360810 0.000000 0.000000 -1.000000 0.000000 1.000000 0.000000 1.000000 0.000000 0.000000 3022.dat
1 28 47.855880 -108.699900 107.639200 0.000000 0.000000 1.000000 0.000000 1.000000 0.000000 -1.000000 0.000000 0.000000 15573.dat
1 28 -52.144060 -108.700000 107.639200 0.000000 0.000000 -1.000000 0.000000 1.000000 0.000000 1.000000 0.000000 0.000000 15573.dat
1 28 -2.144070 -108.700000 137.639200 -1.000000 0.000000 0.000000 0.000000 1.000000 0.000000 0.000000 0.000000 -1.000000 15573.dat
1 71 37.855880 -108.699900 137.639200 -1.000000 0.000000 0.000000 0.000000 1.000000 0.000000 0.000000 0.000000 -1.000000 3069b.dat
1 71 -42.144060 -108.699900 137.639200 -1.000000 0.000000 0.000000 0.000000 1.000000 0.000000 0.000000 0.000000 -1.000000 3069b.dat
1 71 -32.144060 -108.699900 107.639200 0.000000 0.000000 1.000000 0.000000 1.000000 0.000000 -1.000000 0.000000 0.000000 3069b.dat
1 71 27.855910 -108.700000 107.639200 0.000000 0.000000 1.000000 0.000000 1.000000 0.000000 -1.000000 0.000000 0.000000 3069b.dat
1 72 -2.144070 -108.700000 107.639200 0.000000 0.000000 -1.000000 0.000000 1.000000 0.000000 1.000000 0.000000 0.000000 3022.dat
1 71 -52.144060 -108.700000 7.639190 0.000000 0.000000 -1.000000 0.000000 1.000000 0.000000 1.000000 0.000000 0.000000 3069b.dat
1 71 47.855860 -108.699900 -72.360810 0.000000 0.000000 -1.000000 0.000000 1.000000 0.000000 1.000000 0.000000 0.000000 3069b.dat
1 71 47.855860 -108.699900 -12.360810 0.000000 0.000000 -1.000000 0.000000 1.000000 0.000000 1.000000 0.000000 0.000000 92593.dat
1 71 -52.144040 -108.699900 -52.360800 0.000000 0.000000 -1.000000 0.000000 1.000000 0.000000 1.000000 0.000000 0.000000 2431.dat
1 71 37.855880 -108.699900 57.639210 -1.000000 0.000000 0.000000 0.000000 1.000000 0.000000 0.000000 0.000000 -1.000000 43723b.dat
1 71 -42.144060 -108.699900 57.639220 -1.000000 0.000000 0.000000 0.000000 1.000000 0.000000 0.000000 0.000000 -1.000000 43722b.dat
1 71 -2.144070 -108.700000 67.639220 1.000000 0.000000 0.000000 0.000000 1.000000 0.000000 0.000000 0.000000 1.000000 51739.dat
1 72 -12.144070 -108.700000 37.639220 -1.000000 0.000000 0.000000 0.000000 1.000000 0.000000 0.000000 0.000000 -1.000000 15712.dat
1 72 7.855930 -108.700000 37.639220 -1.000000 0.000000 0.000000 0.000000 1.000000 0.000000 0.000000 0.000000 -1.000000 15712.dat
1 28 -32.144060 -116.700000 7.639190 0.000000 0.000000 -1.000000 0.000000 1.000000 0.000000 1.000000 0.000000 0.000000 4865b.dat
1 28 -32.144080 -116.700000 -32.360810 0.000000 0.000000 -1.000000 0.000000 1.000000 0.000000 1.000000 0.000000 0.000000 4865b.dat
1 28 27.855880 -116.700000 7.639180 0.000000 0.000000 1.000000 0.000000 1.000000 0.000000 -1.000000 0.000000 0.000000 4865b.dat
1 28 27.855860 -116.700000 -32.360810 0.000000 0.000000 1.000000 0.000000 1.000000 0.000000 -1.000000 0.000000 0.000000 4865b.dat
1 71 -32.144080 -116.700000 -72.360800 0.000000 0.000000 -1.000000 0.000000 1.000000 0.000000 1.000000 0.000000 0.000000 4865b.dat
1 71 27.855860 -116.700000 -72.360810 0.000000 0.000000 1.000000 0.000000 1.000000 0.000000 -1.000000 0.000000 0.000000 4865b.dat
1 72 -2.144090 -116.700000 107.639200 0.000000 0.000000 -1.000000 0.000000 1.000000 0.000000 1.000000 0.000000 0.000000 3022.dat
1 28 -2.144090 -116.700000 77.639220 1.000000 0.000000 0.000000 0.000000 1.000000 0.000000 0.000000 0.000000 1.000000 3023b.dat
1 72 -12.144070 -100.700000 -132.360800 0.000000 0.000000 -1.000000 0.000000 1.000000 0.000000 1.000000 0.000000 0.000000 3710.dat
1 28 -2.144070 -100.700000 -182.360800 0.999999 0.000000 0.000000 0.000000 1.000000 0.000000 0.000000 0.000000 1.000000 3023b.dat
1 71 7.855930 -100.700000 -132.360800 0.000000 0.000000 -1.000000 0.000000 1.000000 0.000000 1.000000 0.000000 0.000000 2431.dat
1 28 -32.144060 -116.699900 -112.360800 0.000000 0.000000 -1.000000 0.000000 1.000000 0.000000 1.000000 0.000000 0.000000 4865b.dat
1 28 -32.144060 -116.699900 -152.360800 0.000000 0.000000 -1.000000 0.000000 1.000000 0.000000 1.000000 0.000000 0.000000 4865b.dat
1 71 -32.144060 -116.699900 -192.360800 0.000000 0.000000 -1.000000 0.000000 1.000000 0.000000 1.000000 0.000000 0.000000 4865b.dat
1 71 27.855860 -116.700000 -192.360800 0.000000 0.000000 1.000000 0.000000 1.000000 0.000000 -1.000000 0.000000 0.000000 4865b.dat
1 28 27.855860 -116.700000 -112.360800 0.000000 0.000000 1.000000 0.000000 1.000000 0.000000 -1.000000 0.000000 0.000000 4865b.dat
1 72 27.855900 -100.700000 -162.360800 -0.999999 0.000000 0.000000 0.000000 1.000000 0.000000 0.000000 0.000000 -1.000000 15712.dat
1 72 -2.144070 -100.700000 -202.360800 0.999999 0.000000 0.000000 0.000000 1.000000 0.000000 0.000000 0.000000 1.000000 88072.dat
1 71 47.855860 -108.699900 -172.360800 0.000000 0.000000 -1.000000 0.000000 1.000000 0.000000 1.000000 0.000000 0.000000 4162.dat
1 71 -52.144040 -108.699900 -172.360800 0.000000 0.000000 -1.000000 0.000000 1.000000 0.000000 1.000000 0.000000 0.000000 4162.dat
1 71 -2.144070 -108.700000 17.639200 1.000000 0.000000 0.000000 0.000000 1.000000 0.000000 0.000000 0.000000 1.000000 63864.dat
1 71 -2.144070 -108.700000 -2.360790 1.000000 0.000000 0.000000 0.000000 1.000000 0.000000 0.000000 0.000000 1.000000 63864.dat
1 71 47.855880 -116.699900 107.639200 0.000000 0.000000 -1.000000 0.000000 1.000000 0.000000 1.000000 0.000000 0.000000 4740.dat
1 71 -52.144060 -116.700000 107.639200 0.000000 0.000000 -1.000000 0.000000 1.000000 0.000000 1.000000 0.000000 0.000000 4740.dat
1 71 -2.144090 -116.700000 137.639200 0.000000 0.000000 -1.000000 0.000000 1.000000 0.000000 1.000000 0.000000 0.000000 85861.dat
1 71 7.855930 -108.700000 -32.360810 0.000000 0.000000 -1.000000 0.000000 1.000000 0.000000 1.000000 0.000000 0.000000 32028.dat
1 71 -12.144070 -108.700000 -32.360810 0.000000 0.000000 1.000000 0.000000 1.000000 0.000000 -1.000000 0.000000 0.000000 32028.dat
1 71 47.855880 -116.699900 17.639190 0.000000 0.000000 -1.000000 0.000000 1.000000 0.000000 1.000000 0.000000 0.000000 3070b.dat
1 71 47.855860 -116.699900 -42.360810 0.000000 0.000000 -1.000000 0.000000 1.000000 0.000000 1.000000 0.000000 0.000000 3070b.dat
1 71 -24.144080 -114.700000 21.429220 0.000000 -1.000000 0.000000 -1.000000 0.000000 0.000000 0.000000 0.000000 -1.000000 60849.dat
1 71 19.855930 -114.700000 22.039220 0.000001 1.000000 0.000000 1.000000 0.000000 0.000000 0.000000 0.000000 -1.000000 60849.dat
1 71 21.855900 -106.699900 -160.700800 -0.999999 0.000000 0.000000 0.000000 1.000000 0.000000 0.000000 0.000000 -1.000000 30162.dat
1 71 15.856160 -106.699900 -88.699370 1.000014 0.000000 0.000000 0.000000 0.000000 1.000000 0.000000 -1.000015 0.000000 87994.dat
1 71 27.856370 -106.699900 -88.699390 1.000014 0.000000 0.000000 0.000000 0.000000 1.000000 0.000000 -1.000015 0.000000 87994.dat
1 71 -12.144070 -108.700000 -152.360800 0.000000 0.000000 1.000000 0.000000 1.000000 0.000000 -1.000000 0.000000 0.000000 32028.dat
1 71 -12.144070 -108.700000 -112.360800 0.000000 0.000000 1.000000 0.000000 1.000000 0.000000 -1.000000 0.000000 0.000000 32028.dat
1 71 7.855900 -108.700000 -72.360810 0.000000 0.000000 -1.000000 0.000000 1.000000 0.000000 1.000000 0.000000 0.000000 85861.dat
1 71 -12.144070 -108.700000 -82.360810 0.000000 0.000000 -1.000000 0.000000 1.000000 0.000000 1.000000 0.000000 0.000000 98138.dat
1 72 7.855930 -108.700000 -192.360800 0.000000 0.000000 -1.000000 0.000000 1.000000 0.000000 1.000000 0.000000 0.000000 2412b.dat
1 72 -12.144070 -108.699900 -192.360800 0.000000 0.000000 -1.000000 0.000000 1.000000 0.000000 1.000000 0.000000 0.000000 2412b.dat
1 71 -2.144090 -116.700000 -32.360810 0.000000 0.000000 -1.000000 0.000000 1.000000 0.000000 1.000000 0.000000 0.000000 14769p06.dat
0 STEP
1 19 17.855930 -44.700010 127.639300 1.000000 0.000000 0.000000 0.000000 1.000000 0.000000 0.000000 0.000000 1.000000 6232.dat
1 19 -22.144070 -44.699990 127.639300 -1.000000 0.000000 0.000000 0.000000 1.000000 0.000000 0.000000 0.000000 -1.000000 6232.dat
1 15 47.855930 -44.700020 127.639300 0.000000 0.000000 1.000000 0.000000 1.000000 0.000000 -1.000000 0.000000 0.000000 3700.dat
1 15 -52.144040 -44.700000 127.639200 0.000000 0.000000 1.000000 0.000000 1.000000 0.000000 -1.000000 0.000000 0.000000 3700.dat
1 28 -2.144070 -52.700010 117.639300 1.000000 0.000000 0.000000 0.000000 1.000000 0.000000 0.000000 0.000000 1.000000 3023b.dat
1 14 37.855930 -52.700010 117.639300 1.000000 0.000000 0.000000 0.000000 1.000000 0.000000 0.000000 0.000000 1.000000 63868.dat
1 14 -42.144060 -52.699990 117.639200 -1.000000 0.000000 0.000000 0.000000 1.000000 0.000000 0.000000 0.000000 -1.000000 63868.dat
1 320 -2.144090 -52.700010 137.639300 1.000000 0.000000 0.000000 0.000000 1.000000 0.000000 0.000000 0.000000 1.000000 3666.dat
1 28 -52.144060 -60.699990 127.639200 0.000000 0.000000 -1.000000 0.000000 1.000000 0.000000 1.000000 0.000000 0.000000 3023b.dat
1 28 47.855930 -60.700000 127.639300 0.000000 0.000000 1.000000 0.000000 1.000000 0.000000 -1.000000 0.000000 0.000000 3023b.dat
1 72 -2.144090 -60.699990 137.639300 1.000000 0.000000 0.000000 0.000000 1.000000 0.000000 0.000000 0.000000 1.000000 3710.dat
1 1 47.855880 -84.700000 117.639300 1.000000 0.000000 0.000000 0.000000 1.000000 0.000000 0.000000 0.000000 1.000000 3005.dat
1 1 -52.144060 -84.699970 117.639200 1.000000 0.000000 0.000000 0.000000 1.000000 0.000000 0.000000 0.000000 1.000000 3005.dat
1 15 -2.144070 -84.699990 137.639200 1.000000 0.000000 0.000000 0.000000 1.000000 0.000000 0.000000 0.000000 1.000000 3009.dat
1 19 -22.144080 -76.699990 117.639200 1.000000 0.000000 0.000000 0.000000 1.000000 0.000000 0.000000 0.000000 1.000000 3660b.dat
1 19 17.855930 -76.699990 117.639300 1.000000 0.000000 0.000000 0.000000 1.000000 0.000000 0.000000 0.000000 1.000000 3660b.dat
0 STEP
1 16 -2.144130 -20.700030 -260.393000 1.000000 0.000000 0.000000 0.000000 1.000000 0.000000 0.000000 0.000000 1.000000 submodel group 2 copy 18
1 71 -32.144090 -108.699900 -232.360800 0.000000 0.000000 -1.000000 0.000000 1.000000 0.000000 1.000000 0.000000 0.000000 3069b.dat
1 71 27.855860 -108.700000 -232.360800 0.000000 0.000000 -1.000000 0.000000 1.000000 0.000000 1.000000 0.000000 0.000000 3069b.dat
1 28 -32.144100 -100.700000 -232.360800 0.000000 0.000000 -1.000000 0.000000 1.000000 0.000000 1.000000 0.000000 0.000000 3023b.dat
1 28 27.855850 -100.700000 -232.360800 0.000000 0.000000 -1.000000 0.000000 1.000000 0.000000 1.000000 0.000000 0.000000 3023b.dat
1 1 -22.144070 -20.710020 127.639300 0.000000 1.000000 0.000000 -1.000000 0.000000 0.000000 0.000000 0.000000 1.000000 43093.dat
1 1 17.855930 -20.540010 127.639300 0.000000 1.000000 0.000000 -1.000000 0.000000 0.000000 0.000000 0.000000 1.000000 43093.dat
1 1 17.855870 -20.670010 -192.360800 0.000000 1.000000 0.000000 -1.000000 0.000000 0.000000 0.000000 0.000000 1.000000 43093.dat
1 1 -22.144110 -19.999990 -192.360800 0.000000 1.000000 0.000000 -1.000000 0.000000 0.000000 0.000000 0.000000 1.000000 43093.dat
1 16 58.571420 -57.756790 -25.899150 0.371365 -0.928480 0.000000 0.928480 0.371365 0.000000 0.000000 0.000000 1.000000 submodel group 1 copy 27
1 16 -92.431380 -59.218360 -52.360760 0.371368 0.928486 0.000000 -0.928486 0.371368 0.000000 0.000000 0.000000 1.000000 submodel group 1_mirrored copy 4
1 71 -2.144070 -107.610000 -217.360800 -1.000000 0.000000 0.000000 0.000000 1.000000 0.000000 0.000000 0.000000 -1.000000 3873.dat
1 71 -2.144090 -124.700000 87.639220 1.000000 0.000000 0.000000 0.000000 1.000000 0.000000 0.000000 0.000000 1.000000 3068b.dat
1 71 -2.144090 -124.700000 117.639200 1.000000 0.000000 0.000000 0.000000 1.000000 0.000000 0.000000 0.000000 1.000000 3069b.dat
0 STEP
0 NOFILE
0 FILE SubModel Group 105
0 SubModel Group 105
0 Name: SubModel Group 105
0 Author: 
0 CustomBrick
0 FlexibleBrickControlPointUnitLength -1
0 FlexibleBrickLockedControlPoint 
0 NumOfBricks 2494
1 16 249.889900 -0.001890 11.856420 -1.000000 -0.000001 0.000000 -0.000001 0.999999 -0.000001 0.000000 -0.000001 -0.999999 submodel group 95
0 STEP
1 71 -7.750210 -374.789800 203.769700 0.000001 1.000000 0.000000 -0.999999 0.000001 0.000001 0.000001 0.000000 0.999999 71192.dat
1 16 31.929700 -304.789800 153.860600 -1.000000 -0.000001 0.000000 -0.000001 0.999999 -0.000001 0.000000 -0.000001 -0.999999 submodel group 96
1 16 31.929800 -344.789900 71.769840 -1.000000 -0.000001 0.000000 -0.000001 0.999999 -0.000001 0.000000 -0.000001 -0.999999 submodel group 97
1 71 31.929860 -372.789900 83.770080 1.000000 0.000001 0.000000 0.000001 -0.999999 -0.000001 0.000000 0.000001 -0.999999 3700.dat
1 72 1.929840 -392.789900 203.769800 0.000000 -0.000001 -1.000000 0.000001 0.999999 -0.000001 0.999999 -0.000001 0.000000 63864.dat
1 16 191.930200 -412.789800 -26.229860 -1.000000 0.000001 0.000000 -0.000001 -0.999999 0.000001 0.000000 0.000001 0.999999 submodel group 98
1 16 31.929840 -404.789800 113.770000 0.000000 0.000001 1.000000 0.000001 -0.999999 0.000001 0.999999 0.000001 0.000000 submodel group 99
1 16 331.929900 -412.789600 133.770000 0.000000 0.000001 1.000000 0.000001 -0.999999 0.000001 0.999999 0.000001 0.000000 submodel group 98
1 16 91.929820 -214.345900 -327.896800 -1.000000 -0.000001 0.000000 -0.000001 0.999999 -0.000001 0.000000 -0.000001 -0.999999 288
1 16 151.930000 -282.994900 -508.002500 1.000000 0.000000 -0.000001 0.000001 -0.000001 1.000000 0.000000 -1.000000 -0.000001 299
1 16 81.929760 -258.789700 285.769700 -1.000000 0.000000 -0.000001 -0.000001 0.000001 0.999999 0.000000 0.999999 -0.000001 299_mirrored
1 16 -88.070350 -216.790300 -26.230070 0.000000 -0.000001 1.000000 -0.000001 0.999999 0.000001 -0.999999 -0.000001 0.000000 317_
1 71 -48.070220 -224.790400 -86.230040 -1.000000 -0.000001 0.000000 -0.000001 0.999999 -0.000001 0.000000 -0.000001 -1.000000 3032.dat
1 71 -128.072800 -368.790300 -156.229600 -1.000000 0.000000 0.000000 0.000000 1.000000 0.000000 0.000000 0.000000 -1.000000 85984.dat
1 71 -128.072900 -368.790200 -16.229890 1.000000 0.000000 0.000000 0.000000 1.000000 0.000000 0.000000 0.000000 1.000000 85984.dat
1 71 -168.072800 -376.790400 -156.229600 0.000000 0.000000 1.000000 0.000000 1.000000 0.000000 -1.000000 0.000000 0.000000 92946.dat
1 71 -168.072900 -376.790300 -16.229920 0.000000 0.000000 1.000000 0.000000 1.000000 0.000000 -1.000000 0.000000 0.000000 92946.dat
1 16 -166.971800 -296.244100 -6.719850 -0.997561 0.069757 0.000000 -0.069757 -0.997561 0.000000 0.000000 0.000000 1.000000 328
0 STEP
1 16 92.414950 -28.775390 -446.450500 0.937282 0.000000 0.348572 0.000000 1.000000 0.000000 -0.348572 0.000000 0.937282 submodel group 104
0 STEP
1 16 -81.870460 -198.783100 447.572800 -0.937282 0.000000 0.348571 0.000000 1.000000 0.000000 -0.348571 0.000000 -0.937282 submodel group 104_mirrored
0 STEP
0 NOFILE
0 FILE SubModel Group 111
0 SubModel Group 111
0 Name: SubModel Group 111
0 Author: 
0 CustomBrick
0 FlexibleBrickControlPointUnitLength -1
0 FlexibleBrickLockedControlPoint 
0 NumOfBricks 11
1 71 16.464980 -16.001140 -5.026880 1.000001 0.000000 0.000000 0.000000 1.000000 0.000016 0.000003 -0.000015 1.000007 2429.dat
0 STEP
1 43 -3.535580 -32.001300 4.973370 1.000002 0.000035 0.000000 -0.000035 1.000000 0.000016 0.000004 -0.000017 1.000006 3023.dat
1 43 -3.536080 -40.001300 4.974280 1.000002 0.000035 0.000000 -0.000035 1.000000 0.000016 0.000004 -0.000017 1.000006 3023.dat
1 43 -3.535230 -24.001300 4.973190 1.000001 0.000036 -0.000001 -0.000035 1.000000 0.000016 0.000001 -0.000017 1.000000 3023.dat
0 STEP
1 71 -23.535940 -48.001040 -5.025490 1.000001 0.000002 -0.000001 -0.000002 1.000000 0.000016 0.000001 -0.000016 1.000000 2430.dat
0 STEP
1 43 -3.536280 -56.001300 4.974630 1.000002 0.000035 0.000000 -0.000035 1.000000 0.000016 0.000003 -0.000017 1.000007 3023.dat
1 43 -3.536440 -64.001300 4.974770 1.000002 0.000035 0.000000 -0.000035 1.000000 0.000016 0.000003 -0.000017 1.000006 3023.dat
1 43 -3.537130 -71.999800 4.975210 1.000001 0.000036 -0.000001 -0.000035 1.000000 0.000016 0.000001 -0.000017 1.000000 3023.dat
0 STEP
1 71 16.462840 -80.000340 -5.024710 1.000001 0.000000 0.000000 0.000000 1.000000 0.000016 0.000003 -0.000015 1.000007 2429.dat
0 STEP
1 71 -3.537160 -88.000110 4.975420 1.000001 -0.000004 -0.000001 0.000004 1.000000 0.000016 0.000001 -0.000017 1.000000 3069b.dat
1 71 -3.535120 -8.000700 4.972960 1.000001 -0.000025 -0.000001 0.000026 1.000000 0.000016 0.000001 -0.000017 1.000000 3023.dat
0 STEP
0 NOFILE
0 FILE SubModel Group 110
0 SubModel Group 110
0 Name: SubModel Group 110
0 Author: 
0 CustomBrick
0 FlexibleBrickControlPointUnitLength -1
0 FlexibleBrickLockedControlPoint 
0 NumOfBricks 33
1 71 0.000420 -8.000700 0.301500 0.000000 0.000000 1.000000 0.000000 1.000000 0.000000 -1.000000 0.000000 0.000000 3021.dat
1 71 30.000420 -8.000700 20.301500 1.000000 0.000000 0.000000 0.000000 1.000000 0.000000 0.000000 0.000000 1.000000 3024.dat
1 71 -29.997380 -8.000000 20.308400 1.000000 0.000000 0.000000 0.000000 1.000000 0.000000 0.000000 0.000000 1.000000 3024.dat
0 STEP
1 71 -39.997380 -15.999100 10.307600 1.000001 0.000000 0.000000 0.000001 1.000000 -0.000093 0.000000 0.000092 1.000006 2430.dat
1 71 40.000420 -16.000700 10.301500 1.000000 0.000001 0.000000 -0.000001 1.000000 0.000000 0.000000 0.000000 1.000000 2429.dat
0 STEP
1 43 20.000020 -24.000700 20.302400 1.000000 0.000000 0.000000 0.000000 1.000000 0.000000 0.000000 0.000000 1.000000 3023.dat
1 43 -20.000280 -24.000700 20.302400 1.000000 0.000000 0.000000 0.000000 1.000000 0.000000 0.000000 0.000000 1.000000 3023.dat
0 STEP
1 71 10.000010 -32.000700 20.302400 -1.000000 0.000000 0.000000 0.000000 1.000000 0.000000 0.000000 0.000000 -1.000000 60897.dat
1 43 30.000020 -32.000700 20.302400 1.000000 0.000000 0.000000 0.000000 1.000000 0.000000 0.000000 0.000000 1.000000 3024.dat
1 43 -30.000280 -32.000700 20.302400 1.000000 0.000000 0.000000 0.000000 1.000000 0.000000 0.000000 0.000000 1.000000 3024.dat
1 71 -10.000290 -32.000700 20.302400 -1.000000 0.000000 0.000000 0.000000 1.000000 0.000000 0.000000 0.000000 -1.000000 60897.dat
0 STEP
1 43 20.000020 -40.000700 20.302400 1.000000 0.000000 0.000000 0.000000 1.000000 0.000000 0.000000 0.000000 1.000000 3023.dat
1 43 -20.000280 -40.000700 20.302400 1.000000 0.000000 0.000000 0.000000 1.000000 0.000000 0.000000 0.000000 1.000000 3023.dat
0 STEP
1 71 0.000020 -48.000700 20.302400 1.000000 0.000000 0.000000 0.000000 1.000000 0.000000 0.000000 0.000000 1.000000 3710.dat
0 STEP
1 43 20.000020 -56.000700 20.302400 1.000000 0.000000 0.000000 0.000000 1.000000 0.000000 0.000000 0.000000 1.000000 3023.dat
1 43 -20.000080 -56.000700 20.302400 1.000000 0.000000 0.000000 0.000000 1.000000 0.000000 0.000000 0.000000 1.000000 3023.dat
0 STEP
1 71 10.000010 -64.000700 20.302400 -1.000000 0.000000 0.000000 0.000000 1.000000 0.000000 0.000000 0.000000 -1.000000 60897.dat
1 43 29.999620 -64.000700 20.303010 1.000000 0.000000 0.000000 0.000000 1.000000 0.000000 0.000000 0.000000 1.000000 3024.dat
1 43 -30.000280 -64.000700 20.303910 1.000000 0.000000 0.000000 0.000000 1.000000 0.000000 0.000000 0.000000 1.000000 3024.dat
1 71 -10.000080 -64.000700 20.302400 -1.000000 0.000000 0.000000 0.000000 1.000000 0.000000 0.000000 0.000000 -1.000000 60897.dat
0 STEP
1 43 19.999620 -72.000700 20.303010 1.000000 0.000000 0.000000 0.000000 1.000000 0.000000 0.000000 0.000000 1.000000 3023.dat
1 43 -20.000280 -72.000600 20.303910 1.000000 0.000000 0.000000 0.000000 1.000000 0.000000 0.000000 0.000000 1.000000 3023.dat
0 STEP
1 71 -40.000290 -79.999690 10.303200 1.000000 0.000000 0.000000 0.000000 1.000000 -0.000093 0.000000 0.000093 1.000000 2430.dat
1 71 39.999620 -80.000690 10.303000 1.000000 0.000001 0.000000 -0.000001 1.000000 0.000000 0.000000 0.000000 1.000000 2429.dat
0 STEP
1 71 -0.000380 -80.000600 0.303000 -1.000000 0.000000 0.000000 0.000000 1.000000 0.000000 0.000000 0.000000 -1.000000 2362b.dat
0 STEP
1 71 -0.000380 -32.000700 -19.696800 1.000000 0.000000 0.000000 0.000000 1.000000 0.000000 0.000000 0.000000 1.000000 3700.dat
1 71 -0.000380 -40.000700 -19.696800 1.000000 0.000000 0.000000 0.000000 1.000000 0.000000 0.000000 0.000000 1.000000 3023.dat
0 STEP
1 71 -0.000380 -72.000700 -19.696800 1.000000 0.000000 0.000000 0.000000 1.000000 0.000000 0.000000 0.000000 1.000000 3701.dat
1 71 -0.000380 -48.000700 -19.696800 1.000000 0.000000 0.000000 0.000000 1.000000 0.000000 0.000000 0.000000 1.000000 3710.dat
1 71 -0.000280 -80.000690 -19.696800 1.000000 0.000000 0.000000 0.000000 1.000000 0.000000 0.000000 0.000000 1.000000 3710.dat
0 STEP
1 71 -0.000380 -88.000690 0.303000 0.000000 0.000000 1.000000 0.000000 1.000000 0.000000 -1.000000 0.000000 0.000000 26603.dat
1 71 -30.000280 -88.000600 0.303200 0.000000 0.000000 1.000000 0.000000 1.000000 0.000000 -1.000000 0.000000 0.000000 63864.dat
1 71 29.999620 -88.000690 0.303000 0.000000 0.000000 1.000000 0.000000 1.000000 0.000000 -1.000000 0.000000 0.000000 63864.dat
0 STEP
0 NOFILE
0 FILE SubModel Group 109_Mirrored
0 SubModel Group 109_Mirrored
0 Name: SubModel Group 109_Mirrored
0 Author: 
0 CustomBrick
0 FlexibleBrickControlPointUnitLength -1
0 FlexibleBrickLockedControlPoint 
0 NumOfBricks 33
1 71 -60.736760 28.000680 -2.838900 1.000000 0.000000 0.000000 0.000000 1.000000 -0.000085 0.000000 0.000085 1.000000 2430.dat
1 71 19.175080 27.999010 -5.491720 0.997801 -0.000003 0.066284 0.000002 1.000000 0.000009 -0.066284 -0.000009 0.997801 2429.dat
1 16 39.622420 -0.000160 -1.258150 0.996194 0.000000 0.087163 0.000000 1.000000 0.000000 -0.087163 0.000000 0.996194 submodel group 111_mirrored
0 STEP
1 43 -40.736410 20.000210 7.161360 1.000000 -0.000035 0.000000 0.000035 1.000000 0.000001 0.000000 -0.000001 1.000000 3023.dat
1 43 -40.736160 12.000210 7.161350 1.000000 -0.000035 0.000000 0.000035 1.000000 0.000001 0.000000 -0.000001 1.000000 3023.dat
1 43 -40.735660 4.000210 7.162190 1.000000 -0.000035 0.000000 0.000035 1.000000 0.000001 0.000000 -0.000001 1.000000 3023.dat
1 43 -0.117540 11.999360 5.812020 0.997801 -0.000035 0.066284 0.000035 1.000000 0.000009 -0.066284 -0.000007 0.997801 3023.dat
1 43 -0.116850 3.999360 5.812860 0.997801 -0.000035 0.066284 0.000035 1.000000 0.000009 -0.066284 -0.000007 0.997801 3023.dat
1 43 -0.117790 19.999360 5.812030 0.997801 -0.000036 0.066283 0.000035 1.000000 0.000009 -0.066283 -0.000007 0.997801 3023.dat
0 STEP
1 71 -20.735730 -4.000260 -2.839380 0.997801 0.000002 0.066284 -0.000003 1.000000 0.000009 -0.066284 -0.000009 0.997801 2430.dat
1 71 -20.735700 -4.000160 -2.837920 1.000000 0.000001 -0.000001 -0.000001 1.000000 0.000001 0.000001 -0.000001 1.000000 2429.dat
0 STEP
1 43 -40.735390 -11.999790 7.162180 1.000000 -0.000035 0.000000 0.000035 1.000000 0.000001 0.000000 -0.000001 1.000000 3023.dat
1 43 -40.735130 -19.999780 7.162170 1.000000 -0.000035 0.000000 0.000035 1.000000 0.000001 0.000000 -0.000001 1.000000 3023.dat
1 43 -40.734510 -27.999680 7.163020 1.000000 -0.000035 0.000000 0.000035 1.000000 0.000001 0.000000 -0.000001 1.000000 3023.dat
1 43 -0.116520 -11.999840 5.812910 0.997801 -0.000035 0.066284 0.000035 1.000000 0.000009 -0.066284 -0.000007 0.997801 3023.dat
1 43 -0.116210 -19.999840 5.812960 0.997801 -0.000035 0.066284 0.000035 1.000000 0.000009 -0.066284 -0.000007 0.997801 3023.dat
1 43 -0.115710 -28.000430 5.813810 0.997801 -0.000036 0.066283 0.000035 1.000000 0.000009 -0.066283 -0.000007 0.997801 3023.dat
0 STEP
1 71 -60.734390 -35.999900 -2.843110 1.000000 0.000000 -0.000001 0.000000 1.000000 -0.000085 0.000001 0.000085 1.000000 2430.dat
1 71 19.177530 -36.000090 -5.489830 0.997801 -0.000003 0.066284 0.000002 1.000000 0.000009 -0.066284 -0.000009 0.997801 2429.dat
0 STEP
1 71 -40.734300 -44.000670 7.156290 1.000000 0.000001 -0.000001 -0.000001 1.000000 -0.000085 0.000001 0.000085 1.000000 3069b.dat
1 71 -0.115800 -44.000140 5.814040 0.997801 0.000003 0.066283 -0.000004 1.000000 0.000009 -0.066283 -0.000009 0.997801 3069b.dat
1 71 -40.736800 36.000110 7.161800 1.000000 0.000028 -0.000001 -0.000028 1.000000 -0.000085 0.000001 0.000085 1.000000 3023.dat
1 71 -0.118180 35.998760 5.811980 0.997801 0.000025 0.066283 -0.000026 1.000000 0.000009 -0.066283 -0.000011 0.997801 3023.dat
0 STEP
0 NOFILE
0 FILE Right part_Mirrored
0 Right part_Mirrored
0 Name: Right part_Mirrored
0 Author: 
0 CustomBrick
0 FlexibleBrickControlPointUnitLength -1
0 FlexibleBrickLockedControlPoint 
0 NumOfBricks 72
1 71 -105.020300 30.001720 62.951280 0.945503 -0.000010 0.325613 0.000000 1.000000 0.000032 -0.325613 -0.000030 0.945503 2430.dat
1 71 -105.019600 30.001930 62.952240 0.992110 -0.000010 0.125370 0.000007 1.000000 0.000024 -0.125370 -0.000023 0.992110 2429.dat
1 71 -30.328560 30.001440 34.421740 0.894125 -0.000015 0.447818 -0.000006 1.000000 0.000047 -0.447818 -0.000045 0.894125 2430.dat
1 71 -30.327760 30.001520 34.422780 0.921841 -0.000015 0.387568 -0.000001 1.000000 0.000040 -0.387568 -0.000037 0.921841 2429.dat
1 71 39.933040 30.000260 -3.737490 0.827032 -0.000023 0.562155 -0.000014 1.000000 0.000061 -0.562155 -0.000058 0.827032 2430.dat
1 71 39.933750 30.000320 -3.736580 0.862475 -0.000021 0.506100 -0.000007 1.000000 0.000054 -0.506100 -0.000050 0.862475 2429.dat
1 71 104.530000 29.998970 -50.854210 0.745404 -0.000032 0.666613 -0.000023 1.000000 0.000074 -0.666613 -0.000070 0.745404 2430.dat
1 71 104.530500 29.999030 -50.853260 0.787952 -0.000030 0.615737 -0.000015 1.000000 0.000068 -0.615737 -0.000063 0.787952 2429.dat
0 STEP
1 43 -123.607600 22.001630 75.380820 0.992110 -0.000042 0.125370 0.000039 1.000000 0.000024 -0.125370 -0.000019 0.992110 3023.dat
1 43 -123.607400 14.001630 75.380960 0.992110 -0.000042 0.125371 0.000039 1.000000 0.000024 -0.125371 -0.000019 0.992110 3023.dat
1 43 -123.607000 6.001630 75.381100 0.992110 -0.000042 0.125371 0.000039 1.000000 0.000024 -0.125371 -0.000019 0.992110 3023.dat
1 43 -82.853660 14.001710 65.894450 0.945503 -0.000043 0.325613 0.000034 1.000000 0.000032 -0.325613 -0.000019 0.945503 3023.dat
1 43 -82.853350 6.001710 65.894550 0.945503 -0.000043 0.325613 0.000034 1.000000 0.000032 -0.325613 -0.000019 0.945503 3023.dat
1 43 -44.888340 14.001620 51.393050 0.921841 -0.000045 0.387568 0.000032 1.000000 0.000040 -0.387568 -0.000024 0.921841 3023.dat
1 43 -44.887950 6.001620 51.393140 0.921841 -0.000045 0.387568 0.000032 1.000000 0.000040 -0.387568 -0.000024 0.921841 3023.dat
1 43 -7.968550 22.001620 34.406490 0.894125 -0.000047 0.447818 0.000029 1.000000 0.000047 -0.447818 -0.000029 0.894125 3023.dat
1 43 -7.968040 14.001620 34.406830 0.894124 -0.000047 0.447819 0.000029 1.000000 0.000047 -0.447819 -0.000029 0.894124 3023.dat
1 43 -7.967760 6.001620 34.407100 0.894124 -0.000047 0.447819 0.000029 1.000000 0.000047 -0.447819 -0.000029 0.894124 3023.dat
1 43 27.745770 14.000630 15.010810 0.862475 -0.000050 0.506099 0.000026 1.000000 0.000054 -0.506099 -0.000034 0.862475 3023.dat
1 43 27.746270 6.000730 15.011160 0.862475 -0.000050 0.506100 0.000026 1.000000 0.000054 -0.506100 -0.000034 0.862475 3023.dat
1 43 62.095860 14.000230 -6.709440 0.827032 -0.000052 0.562155 0.000022 1.000000 0.000061 -0.562155 -0.000038 0.827032 3023.dat
1 43 62.096360 6.000230 -6.709030 0.827031 -0.000052 0.562156 0.000022 1.000000 0.000061 -0.562156 -0.000038 0.827031 3023.dat
1 43 94.929360 21.999730 -30.658740 0.787951 -0.000056 0.615738 0.000018 1.000000 0.000068 -0.615738 -0.000043 0.787951 3023.dat
1 43 94.929760 13.999740 -30.658280 0.787951 -0.000056 0.615738 0.000018 1.000000 0.000068 -0.615738 -0.000043 0.787951 3023.dat
1 43 94.930160 5.999740 -30.657950 0.787951 -0.000056 0.615738 0.000018 1.000000 0.000068 -0.615738 -0.000043 0.787951 3023.dat
1 43 126.104600 13.998940 -56.731100 0.745405 -0.000059 0.666612 0.000013 1.000000 0.000074 -0.666612 -0.000047 0.745405 3023.dat
1 43 126.104900 5.998940 -56.730700 0.745405 -0.000059 0.666611 0.000013 1.000000 0.000074 -0.666611 -0.000047 0.745405 3023.dat
1 43 -82.853960 22.001710 65.894260 0.945503 -0.000043 0.325613 0.000034 1.000000 0.000032 -0.325613 -0.000019 0.945503 3023.dat
1 43 -44.888760 22.001620 51.392830 0.921841 -0.000045 0.387568 0.000032 1.000000 0.000040 -0.387568 -0.000025 0.921841 3023.dat
1 43 27.745360 22.000620 15.010480 0.862475 -0.000049 0.506100 0.000025 1.000000 0.000054 -0.506100 -0.000034 0.862475 3023.dat
1 43 62.095460 22.000230 -6.709770 0.827032 -0.000051 0.562155 0.000020 1.000000 0.000061 -0.562155 -0.000039 0.827032 3023.dat
1 43 126.104000 21.999840 -56.731440 -0.745405 0.000017 -0.666612 0.000073 1.000000 -0.000057 0.666612 -0.000091 -0.745405 3023.dat
0 STEP
1 71 -144.702900 -1.998390 67.967640 0.992110 -0.000007 0.125370 0.000004 1.000000 0.000024 -0.125370 -0.000023 0.992110 2430.dat
1 71 -67.200350 -1.998370 49.926420 0.921841 -0.000012 0.387568 -0.000003 1.000000 0.000040 -0.387568 -0.000038 0.921841 2430.dat
1 71 -67.199460 -1.998180 49.927650 0.945503 -0.000012 0.325613 0.000002 1.000000 0.000032 -0.325613 -0.000030 0.945503 2429.dat
1 71 5.435850 -1.999370 16.508740 0.862475 -0.000019 0.506100 -0.000009 1.000000 0.000054 -0.506100 -0.000051 0.862475 2430.dat
1 71 5.436770 -1.999280 16.509850 0.894125 -0.000018 0.447818 -0.000004 1.000000 0.000047 -0.447818 -0.000044 0.894125 2429.dat
1 71 73.014140 -2.000260 -26.221960 0.787951 -0.000028 0.615738 -0.000017 1.000000 0.000068 -0.615738 -0.000064 0.787951 2430.dat
1 71 73.015330 -2.000280 -26.221200 0.827031 -0.000025 0.562156 -0.000011 1.000000 0.000061 -0.562156 -0.000057 0.827031 2429.dat
1 71 134.347200 -1.998560 -77.516330 0.745406 -0.000028 0.666610 0.000074 1.000000 -0.000041 -0.666610 0.000080 0.745406 2429.dat
0 STEP
1 43 -123.606600 -9.998350 75.381450 0.992110 -0.000042 0.125370 0.000039 1.000000 0.000024 -0.125370 -0.000019 0.992110 3023.dat
1 43 -123.606300 -17.998350 75.381660 0.992110 -0.000042 0.125370 0.000039 1.000000 0.000024 -0.125370 -0.000019 0.992110 3023.dat
1 43 -123.606000 -25.998360 75.381800 0.992110 -0.000042 0.125370 0.000039 1.000000 0.000024 -0.125370 -0.000019 0.992110 3023.dat
1 43 -82.853030 -9.998290 65.895130 0.945503 -0.000043 0.325613 0.000034 1.000000 0.000032 -0.325613 -0.000019 0.945503 3023.dat
1 43 -82.852740 -17.998190 65.895280 0.945504 -0.000043 0.325612 0.000034 1.000000 0.000032 -0.325612 -0.000019 0.945504 3023.dat
1 43 -44.887460 -9.998380 51.393730 0.921841 -0.000045 0.387568 0.000032 1.000000 0.000040 -0.387568 -0.000024 0.921841 3023.dat
1 43 -44.887160 -17.998280 51.393940 0.921841 -0.000045 0.387568 0.000032 1.000000 0.000040 -0.387568 -0.000024 0.921841 3023.dat
1 43 -7.967140 -9.998380 34.407510 0.894125 -0.000047 0.447818 0.000029 1.000000 0.000047 -0.447818 -0.000029 0.894125 3023.dat
1 43 -7.966740 -17.998380 34.407850 0.894125 -0.000047 0.447818 0.000029 1.000000 0.000047 -0.447818 -0.000029 0.894125 3023.dat
1 43 -7.966340 -25.998380 34.408000 0.894125 -0.000047 0.447818 0.000029 1.000000 0.000047 -0.447818 -0.000029 0.894125 3023.dat
1 43 27.746760 -9.999269 15.011870 0.862475 -0.000050 0.506099 0.000026 1.000000 0.000054 -0.506099 -0.000034 0.862475 3023.dat
1 43 27.747150 -17.999270 15.012080 0.862475 -0.000050 0.506100 0.000026 1.000000 0.000054 -0.506100 -0.000034 0.862475 3023.dat
1 43 62.096650 -9.999070 -6.707360 0.827032 -0.000052 0.562155 0.000022 1.000000 0.000061 -0.562155 -0.000038 0.827032 3023.dat
1 43 62.097060 -17.999070 -6.707080 0.827032 -0.000052 0.562155 0.000022 1.000000 0.000061 -0.562155 -0.000038 0.827032 3023.dat
1 43 94.931060 -10.000260 -30.656840 0.787951 -0.000056 0.615738 0.000018 1.000000 0.000068 -0.615738 -0.000043 0.787951 3023.dat
1 43 94.931670 -18.000260 -30.656670 0.787950 -0.000056 0.615739 0.000018 1.000000 0.000068 -0.615739 -0.000043 0.787950 3023.dat
1 43 94.932070 -26.000260 -30.656270 0.787950 -0.000056 0.615739 0.000018 1.000000 0.000068 -0.615739 -0.000043 0.787950 3023.dat
1 43 126.105600 -10.001060 -56.729680 0.745406 -0.000059 0.666610 0.000013 1.000000 0.000074 -0.666610 -0.000047 0.745406 3023.dat
1 43 126.106300 -18.001060 -56.729380 0.745406 -0.000059 0.666611 0.000013 1.000000 0.000074 -0.666611 -0.000047 0.745406 3023.dat
1 43 -82.852150 -25.998280 65.894760 0.945503 -0.000043 0.325613 0.000034 1.000000 0.000032 -0.325613 -0.000019 0.945503 3023.dat
1 43 -44.887240 -25.998980 51.394300 0.921841 -0.000045 0.387567 0.000032 1.000000 0.000040 -0.387567 -0.000025 0.921841 3023.dat
1 43 27.747260 -25.998670 15.012760 0.862475 -0.000049 0.506100 0.000025 1.000000 0.000054 -0.506100 -0.000034 0.862475 3023.dat
1 43 62.097060 -25.999070 -6.707630 0.827032 -0.000051 0.562155 0.000020 1.000000 0.000061 -0.562155 -0.000039 0.827032 3023.dat
1 43 126.106500 -26.000160 -56.728760 -0.745405 0.000084 -0.666612 0.000074 1.000000 0.000043 0.666612 -0.000017 -0.745405 3023.dat
0 STEP
1 71 -105.018300 -33.998970 62.952290 0.945503 -0.000010 0.325613 0.000000 1.000000 0.000032 -0.325613 -0.000030 0.945503 2430.dat
1 71 -105.017400 -33.998780 62.953400 0.992110 -0.000010 0.125370 0.000007 1.000000 0.000024 -0.125370 -0.000023 0.992110 2429.dat
1 71 -30.326750 -33.999060 34.423720 0.894125 -0.000015 0.447818 -0.000006 1.000000 0.000047 -0.447818 -0.000045 0.894125 2430.dat
1 71 -30.325960 -33.999080 34.424820 0.921841 -0.000015 0.387567 -0.000001 1.000000 0.000040 -0.387567 -0.000037 0.921841 2429.dat
1 71 39.935060 -33.999750 -3.734450 0.827032 -0.000023 0.562155 -0.000014 1.000000 0.000061 -0.562155 -0.000058 0.827032 2430.dat
1 71 39.935840 -33.999680 -3.733600 0.862475 -0.000021 0.506100 -0.000007 1.000000 0.000054 -0.506100 -0.000050 0.862475 2429.dat
1 71 104.532500 -34.000960 -50.850100 0.745405 -0.000033 0.666612 -0.000022 1.000000 0.000074 -0.666612 -0.000070 0.745405 2430.dat
1 71 104.533600 -34.000950 -50.849360 0.787951 -0.000030 0.615738 -0.000015 1.000000 0.000068 -0.615738 -0.000063 0.787951 2429.dat
0 STEP
0 STEP
0 NOFILE
0 FILE SubModel Group 16 Copy 2
0 SubModel Group 16
0 Name: SubModel Group 16
0 Author: 
0 CustomBrick
0 FlexibleBrickControlPointUnitLength -1
0 FlexibleBrickLockedControlPoint 
0 NumOfBricks 82
1 16 123.737300 -0.000010 -1.776120 1.000000 0.000000 0.000000 0.000000 1.000000 0.000000 0.000000 0.000000 1.000000 submodel group 14 copy 2
0 STEP
1 16 -99.488580 -30.001080 -12.223860 0.000000 1.000000 -0.000001 -1.000000 0.000000 0.000000 0.000000 0.000000 1.000000 submodel group 15 copy 3
0 STEP
0 NOFILE
0 FILE SubModel Group 12 Copy 3
0 SubModel Group 12
0 Name: SubModel Group 12
0 Author: 
0 CustomBrick
0 FlexibleBrickControlPointUnitLength -1
0 FlexibleBrickLockedControlPoint 
0 NumOfBricks 169
1 72 -371.588400 -10.000520 -0.256530 -1.000000 0.000000 0.000000 0.000000 0.000000 1.000000 0.000000 1.000000 0.000000 3703.dat
1 1 -231.588300 -30.000510 9.743440 0.000000 0.000000 -1.000000 -1.000000 0.000000 0.000000 0.000000 1.000000 0.000000 6558.dat
1 1 -271.588400 -30.000510 9.743450 0.000000 0.000000 -1.000000 -1.000000 0.000000 0.000000 0.000000 1.000000 0.000000 6558.dat
1 72 -251.588400 -30.000500 9.743440 0.000000 0.000000 -1.000000 0.000000 1.000000 0.000000 1.000000 0.000000 0.000000 32523.dat
1 72 -371.588300 -50.000500 -0.256530 -1.000000 0.000000 0.000000 0.000000 0.000000 1.000000 0.000000 1.000000 0.000000 3703.dat
1 19 -211.588400 -50.000500 23.743440 -1.000000 0.000000 0.000000 0.000000 0.000000 1.000000 0.000000 1.000000 0.000000 3460.dat
1 19 -211.588400 -10.000520 23.743440 -1.000000 0.000000 0.000000 0.000000 0.000000 1.000000 0.000000 1.000000 0.000000 3460.dat
1 71 -51.588410 -10.000520 -0.256580 -1.000000 0.000000 0.000000 0.000000 0.000000 1.000000 0.000000 1.000000 0.000000 2465.dat
1 71 -51.588410 -50.000500 -0.256560 -1.000000 0.000000 0.000000 0.000000 0.000000 1.000000 0.000000 1.000000 0.000000 2465.dat
1 72 18.411620 -30.000510 23.743390 0.000000 0.000000 -1.000000 -1.000000 0.000000 0.000000 0.000000 1.000000 0.000000 3623.dat
1 19 108.411600 -50.000500 23.743390 -1.000000 0.000000 0.000000 0.000000 0.000000 1.000000 0.000000 1.000000 0.000000 3460.dat
1 19 108.411600 -10.000510 23.743390 -1.000000 0.000000 0.000000 0.000000 0.000000 1.000000 0.000000 1.000000 0.000000 3460.dat
1 71 228.411600 -10.000520 -0.256610 -1.000000 0.000000 0.000000 0.000000 0.000000 1.000000 0.000000 1.000000 0.000000 6112.dat
1 71 208.411600 -30.000500 23.743380 0.000000 0.000000 -1.000000 -1.000000 0.000000 0.000000 0.000000 1.000000 0.000000 3021.dat
1 72 278.411600 -30.000510 23.743360 0.000000 0.000000 -1.000000 -1.000000 0.000000 0.000000 0.000000 1.000000 0.000000 3623.dat
1 71 388.411600 -10.000510 23.743360 -1.000000 0.000000 0.000000 0.000000 0.000000 1.000000 0.000000 1.000000 0.000000 4477.dat
1 71 388.411600 -50.000500 23.743360 -1.000000 0.000000 0.000000 0.000000 0.000000 1.000000 0.000000 1.000000 0.000000 4477.dat
1 71 228.411600 -50.000500 -0.256610 -1.000000 0.000000 0.000000 0.000000 0.000000 1.000000 0.000000 1.000000 0.000000 6112.dat
1 71 378.411600 -10.000520 -0.256620 -1.000000 0.000000 0.000000 0.000000 0.000000 1.000000 0.000000 1.000000 0.000000 3622.dat
1 71 378.411600 -50.000500 -0.256620 -1.000000 0.000000 0.000000 0.000000 0.000000 1.000000 0.000000 1.000000 0.000000 3622.dat
1 72 -351.588300 -40.000510 -8.256530 -1.000000 0.000000 0.000000 0.000000 0.000000 1.000000 0.000000 1.000000 0.000000 87079.dat
1 72 -401.588300 -50.000500 -8.256519 -1.000000 0.000000 0.000000 0.000000 0.000000 1.000000 0.000000 1.000000 0.000000 15712.dat
1 71 -331.588400 -10.000520 -8.256530 1.000000 0.000000 0.000000 0.000000 0.000000 -1.000000 0.000000 1.000000 0.000000 92280.dat
1 72 -401.588400 -10.000520 -8.256530 -1.000000 0.000000 0.000000 0.000000 0.000000 1.000000 0.000000 1.000000 0.000000 15712.dat
1 72 -301.588300 -50.000500 -8.256530 -1.000000 0.000000 0.000000 0.000000 0.000000 1.000000 0.000000 1.000000 0.000000 15712.dat
1 72 -361.588400 -10.000520 -8.256530 -1.000000 0.000000 0.000000 0.000000 0.000000 1.000000 0.000000 1.000000 0.000000 15712.dat
1 71 -521.588400 -10.000520 -8.256519 -1.000000 0.000000 0.000000 0.000000 0.000000 1.000000 0.000000 1.000000 0.000000 63864.dat
1 71 -521.588400 -50.000500 -8.256519 -1.000000 0.000000 0.000000 0.000000 0.000000 1.000000 0.000000 1.000000 0.000000 63864.dat
1 71 -341.588400 -10.000520 -16.256530 -1.000000 0.000000 0.000000 0.000000 0.000000 1.000000 0.000000 1.000000 0.000000 60897.dat
1 71 -481.588300 -30.000510 -16.256520 1.000000 0.000000 0.000000 0.000000 0.000000 -1.000000 0.000000 1.000000 0.000000 60897.dat
1 28 -461.588300 -30.000510 -16.256520 -1.000000 0.000000 0.000000 0.000000 0.000000 1.000000 0.000000 1.000000 0.000000 3070b.dat
1 72 -431.588300 -30.000510 -16.256520 -1.000000 0.000000 0.000000 0.000000 0.000000 1.000000 0.000000 1.000000 0.000000 2540.dat
1 71 -202.438400 -30.000500 14.743450 0.000000 -1.000000 0.000000 -1.000000 0.000000 0.000000 0.000000 0.000000 -1.000000 14682.dat
1 72 -81.588410 -50.000500 -8.256559 1.000000 0.000000 0.000000 0.000000 0.000000 -1.000000 0.000000 1.000000 0.000000 61252.dat
1 72 -181.588400 -50.000510 -8.256550 1.000000 0.000000 0.000000 0.000000 0.000000 -1.000000 0.000000 1.000000 0.000000 61252.dat
1 72 -221.588400 -50.000510 -8.256550 -1.000000 0.000000 0.000000 0.000000 0.000000 1.000000 0.000000 1.000000 0.000000 44300.dat
1 72 -271.588300 -50.000500 -0.256550 0.000000 0.000000 -1.000000 -1.000000 0.000000 0.000000 0.000000 1.000000 0.000000 61409b.dat
1 72 -101.588400 -10.000520 -8.256559 0.000000 0.000000 1.000000 1.000000 0.000000 0.000000 0.000000 1.000000 0.000000 15712.dat
1 72 -181.588400 -10.000520 -8.256559 0.000000 0.000000 1.000000 1.000000 0.000000 0.000000 0.000000 1.000000 0.000000 15712.dat
1 71 -211.588400 -10.000520 -8.256550 -1.000000 0.000000 0.000000 0.000000 0.000000 1.000000 0.000000 1.000000 0.000000 92280.dat
1 72 -271.588400 -10.000520 -8.256550 -1.000000 0.000000 0.000000 0.000000 0.000000 1.000000 0.000000 1.000000 0.000000 2412b.dat
1 71 -295.588400 -25.070520 1.743450 -1.000000 0.000000 0.000000 0.000000 0.000000 1.000000 0.000000 1.000000 0.000000 98397.dat
1 71 -41.588410 -30.000510 -8.256559 -1.000000 0.000000 0.000000 0.000000 0.000000 1.000000 0.000000 1.000000 0.000000 11212.dat
1 28 -101.588400 -50.000500 -8.256559 -1.000000 0.000000 0.000000 0.000000 0.000000 1.000000 0.000000 1.000000 0.000000 3070b.dat
1 72 -131.588400 -50.000500 -8.256559 -1.000000 0.000000 0.000000 0.000000 0.000000 1.000000 0.000000 1.000000 0.000000 2412b.dat
1 71 -161.588400 -50.000500 -0.256560 0.000000 0.000000 1.000000 1.000000 0.000000 0.000000 0.000000 1.000000 0.000000 54200.dat
1 72 -176.718400 -10.000490 -14.256560 0.000000 -1.000000 0.000000 0.000000 0.000000 1.000000 -0.999999 0.000000 0.000000 63965.dat
1 71 -221.588400 -10.000520 -14.256550 0.000000 1.000000 0.000000 0.000000 0.000000 -1.000000 -1.000000 0.000000 0.000000 23443.dat
1 71 108.411600 -10.000520 -8.256590 -1.000000 0.000000 0.000000 0.000000 0.000000 1.000000 0.000000 1.000000 0.000000 4510.dat
1 71 108.411600 -50.000520 -8.256579 1.000000 0.000000 0.000000 0.000000 0.000000 -1.000000 0.000000 1.000000 0.000000 4510.dat
1 28 8.411590 -10.000520 -8.256579 -1.000000 0.000000 0.000000 0.000000 0.000000 1.000000 0.000000 1.000000 0.000000 3023b.dat
1 71 8.411590 -40.000500 -8.256559 0.000000 0.000000 -1.000000 -1.000000 0.000000 0.000000 0.000000 1.000000 0.000000 92582.dat
1 71 308.411600 -30.000520 -8.256610 0.000000 0.000000 1.000000 1.000000 0.000000 0.000000 0.000000 1.000000 0.000000 3021.dat
1 71 348.411600 -30.000520 -8.256610 0.000000 0.000000 1.000000 1.000000 0.000000 0.000000 0.000000 1.000000 0.000000 3021.dat
1 71 208.411600 -30.000520 -8.256590 0.000000 0.000000 1.000000 1.000000 0.000000 0.000000 0.000000 1.000000 0.000000 3021.dat
1 72 378.411600 -30.000520 -8.256619 0.000000 0.000000 -1.000000 -1.000000 0.000000 0.000000 0.000000 1.000000 0.000000 3623.dat
1 72 -41.588380 -20.000520 -16.256560 0.000000 0.000000 -1.000000 -1.000000 0.000000 0.000000 0.000000 1.000000 0.000000 15573.dat
1 71 258.411600 -30.000520 -8.256610 -1.000000 0.000000 0.000000 0.000000 0.000000 1.000000 0.000000 1.000000 0.000000 11212.dat
1 71 8.411590 -20.000500 -32.256560 -1.000000 0.000000 0.000000 0.000000 0.000000 1.000000 0.000000 1.000000 0.000000 30367c.dat
1 71 38.411590 -50.000520 -32.256560 -1.000000 0.000000 0.000000 0.000000 0.000000 1.000000 0.000000 1.000000 0.000000 4599b.dat
1 71 -61.588410 -50.000510 -24.256560 0.000000 0.000000 -1.000000 -1.000000 0.000000 0.000000 0.000000 1.000000 0.000000 4735.dat
1 71 8.411590 -60.000500 -14.256560 1.000000 0.000000 0.000000 0.000000 0.000000 -1.000000 0.000000 1.000000 0.000000 30553.dat
1 72 138.411600 -50.000510 -16.256580 -1.000000 0.000000 0.000000 0.000000 0.000000 1.000000 0.000000 1.000000 0.000000 15712.dat
1 72 88.411590 -10.000520 -16.256580 -1.000000 0.000000 0.000000 0.000000 0.000000 1.000000 0.000000 1.000000 0.000000 2412b.dat
1 71 78.411620 -50.000520 -24.256580 0.000000 0.000000 1.000000 1.000000 0.000000 0.000000 0.000000 1.000000 0.000000 4735.dat
1 71 -21.588410 -50.000500 -32.256560 -1.000000 0.000000 0.000000 0.000000 0.000000 1.000000 0.000000 1.000000 0.000000 4599b.dat
1 72 108.411600 -50.000510 -16.256580 -1.000000 0.000000 0.000000 0.000000 0.000000 1.000000 0.000000 1.000000 0.000000 15573.dat
1 71 58.411590 -10.000520 -16.256580 -1.000000 0.000000 0.000000 0.000000 0.000000 1.000000 0.000000 1.000000 0.000000 60897.dat
1 71 118.411600 -10.000520 -16.256580 -1.000000 0.000000 0.000000 0.000000 0.000000 1.000000 0.000000 1.000000 0.000000 60897.dat
1 72 148.411600 -20.000520 -32.256580 -1.000000 0.000000 0.000000 0.000000 0.000000 1.000000 0.000000 1.000000 0.000000 30165.dat
1 71 188.411600 -10.000520 -16.256590 -1.000000 0.000000 0.000000 0.000000 0.000000 1.000000 0.000000 1.000000 0.000000 15573.dat
1 71 228.411600 -10.000520 -16.256590 -1.000000 0.000000 0.000000 0.000000 0.000000 1.000000 0.000000 1.000000 0.000000 15573.dat
1 71 268.411600 -10.000520 -16.256610 -1.000000 0.000000 0.000000 0.000000 0.000000 1.000000 0.000000 1.000000 0.000000 15573.dat
1 71 268.411600 -50.000510 -16.256590 -1.000000 0.000000 0.000000 0.000000 0.000000 1.000000 0.000000 1.000000 0.000000 15573.dat
1 71 228.411600 -50.000510 -16.256590 -1.000000 0.000000 0.000000 0.000000 0.000000 1.000000 0.000000 1.000000 0.000000 15573.dat
1 71 188.411600 -50.000510 -16.256590 -1.000000 0.000000 0.000000 0.000000 0.000000 1.000000 0.000000 1.000000 0.000000 15573.dat
1 71 138.411600 -50.000510 -22.256590 0.000000 -1.000000 0.000000 0.000000 0.000000 1.000000 -1.000000 0.000000 0.000000 23443.dat
1 16 238.411400 -30.000480 -8.256610 -1.000000 0.000000 0.000000 0.000000 0.000000 1.000000 0.000000 1.000000 0.000000 submodel group 2 copy 7
1 16 324.410900 -24.040360 -8.256610 -1.000000 0.000000 0.000000 0.000000 0.000000 1.000000 0.000000 1.000000 0.000000 submodel group 3 copy 7
1 16 519.985000 -29.977920 78.743470 -1.000000 0.000000 0.000000 0.000000 0.000000 1.000000 0.000000 1.000000 0.000000 submodel group 4 copy 6
1 71 358.411700 -10.000520 -24.256620 -1.000000 0.000000 0.000000 0.000000 0.000000 1.000000 0.000000 1.000000 0.000000 4735.dat
1 71 358.411700 -50.000500 -32.256610 0.000000 0.000000 1.000000 1.000000 0.000000 0.000000 0.000000 1.000000 0.000000 4599b.dat
1 16 549.411300 -32.176900 73.802050 0.000000 -1.000000 0.000000 0.000000 0.000000 1.000000 -1.000000 0.000000 0.000000 submodel group 5 copy 4
1 71 660.411600 -30.000580 -20.256650 0.000000 -1.000000 0.000000 0.000000 0.000000 1.000000 -1.000000 0.000000 0.000000 88646.dat
1 320 248.411600 -10.000510 31.743380 -1.000000 0.000000 0.000000 0.000000 0.000000 1.000000 0.000000 1.000000 0.000000 3666.dat
1 320 248.411600 -50.000500 31.743380 -1.000000 0.000000 0.000000 0.000000 0.000000 1.000000 0.000000 1.000000 0.000000 3666.dat
1 71 -451.588300 -30.000510 -8.256519 -1.000000 0.000000 0.000000 0.000000 0.000000 1.000000 0.000000 1.000000 0.000000 88646.dat
0 NOFILE
0 FILE SubModel Group 1_Mirrored
0 SubModel Group 1_Mirrored
0 Name: SubModel Group 1_Mirrored
0 Author: 
0 CustomBrick
0 FlexibleBrickControlPointUnitLength -1
0 FlexibleBrickLockedControlPoint 
0 NumOfBricks 10
1 72 -124.999200 -9.999960 10.000000 1.000000 0.000000 0.000000 0.000000 1.000000 0.000000 0.000000 0.000000 1.000000 3022.dat
1 72 -44.999720 -9.999960 -20.000000 1.000000 0.000000 0.000000 0.000000 1.000000 0.000000 0.000000 0.000000 1.000000 4477.dat
1 71 -104.999400 -17.999910 0.000000 1.000000 0.000000 0.000000 0.000000 1.000000 0.000000 0.000000 0.000000 1.000000 88646.dat
1 71 -24.999810 -17.999900 0.000000 1.000000 0.000000 0.000000 0.000000 1.000000 0.000000 0.000000 0.000000 1.000000 88646.dat
1 71 54.999720 -17.999900 0.000000 1.000000 0.000000 0.000000 0.000000 1.000000 0.000000 0.000000 0.000000 1.000000 88646.dat
1 72 14.999930 -9.999940 20.000000 1.000000 0.000000 0.000000 0.000000 1.000000 0.000000 0.000000 0.000000 1.000000 4477.dat
1 71 94.999420 -9.999990 -10.000000 0.000000 0.000000 1.000000 0.000000 1.000000 0.000000 -1.000000 0.000000 0.000000 98286.dat
1 72 54.999710 -2.000000 -20.000000 1.000000 0.000000 0.000000 0.000000 1.000000 0.000000 0.000000 0.000000 1.000000 3666.dat
1 72 -94.999300 -2.000050 -10.000030 0.000000 0.000000 1.000000 0.000000 1.000000 0.000000 -1.000000 0.000000 0.000000 3747b.dat
1 71 104.999400 -17.999920 0.000030 0.000000 0.000000 -1.000000 0.000000 1.000000 0.000000 1.000000 0.000000 0.000000 63864.dat
0 NOFILE
0 FILE SubModel Group 2_Mirrored
0 SubModel Group 2_Mirrored
0 Name: SubModel Group 2_Mirrored
0 Author: 
0 CustomBrick
0 FlexibleBrickControlPointUnitLength -1
0 FlexibleBrickLockedControlPoint 
0 NumOfBricks 2
1 72 0.000000 0.000000 10.000000 1.000000 0.000000 0.000000 0.000000 1.000000 0.000000 0.000000 0.000000 1.000000 4477.dat
1 71 60.000020 -8.000000 0.000000 1.000000 0.000000 0.000000 0.000000 1.000000 0.000000 0.000000 0.000000 1.000000 87079.dat
0 NOFILE
0 FILE SubModel Group 8 Copy 5
0 SubModel Group 8
0 Name: SubModel Group 8
0 Author: 
0 CustomBrick
0 FlexibleBrickControlPointUnitLength -1
0 FlexibleBrickLockedControlPoint 
0 NumOfBricks 18
1 1 -6.333500 -69.000020 24.222170 0.000000 0.000000 1.000000 0.000000 -1.000000 0.000000 1.000000 0.000000 0.000000 4274.dat
0 STEP
1 71 43.666500 -94.999790 4.222290 1.000000 0.000000 0.000000 0.000000 1.000000 0.000000 0.000000 0.000000 1.000000 3021.dat
0 STEP
1 71 -26.333500 -79.000020 14.222170 1.000000 0.000000 0.000000 0.000000 1.000000 0.000000 0.000000 0.000000 1.000000 3701.dat
1 71 -26.333500 -79.000020 -25.777830 1.000000 0.000000 0.000000 0.000000 1.000000 0.000000 0.000000 0.000000 1.000000 3701.dat
0 STEP
1 71 -26.333440 -87.000030 -5.777950 0.000000 0.000000 1.000000 0.000000 1.000000 0.000000 -1.000000 0.000000 0.000000 3021.dat
1 71 -66.333560 -87.000030 -5.777830 0.000000 0.000000 -1.000000 0.000000 1.000000 0.000000 1.000000 0.000000 0.000000 3021.dat
1 71 53.666500 -86.999790 -5.777710 0.000000 0.000000 -1.000000 0.000000 1.000000 0.000000 1.000000 0.000000 0.000000 3021.dat
0 STEP
1 320 -26.333500 -55.000020 -25.777830 -1.000000 0.000000 0.000000 0.000000 1.000000 0.000000 0.000000 0.000000 -1.000000 3666.dat
1 320 -26.333500 -55.000020 14.222170 -1.000000 0.000000 0.000000 0.000000 1.000000 0.000000 0.000000 0.000000 -1.000000 3666.dat
1 0 33.666500 -78.999970 -25.777830 1.000000 0.000000 0.000000 0.000000 1.000000 0.000000 0.000000 0.000000 1.000000 30364.dat
1 0 33.666500 -78.999800 14.222290 1.000000 0.000000 0.000000 0.000000 1.000000 0.000000 0.000000 0.000000 1.000000 30364.dat
1 71 13.666500 -86.999950 -5.777830 0.000000 0.000000 1.000000 0.000000 1.000000 0.000000 -1.000000 0.000000 0.000000 3021.dat
1 72 -86.333510 -79.000020 14.222170 -1.000000 0.000000 0.000000 0.000000 1.000000 0.000000 0.000000 0.000000 -1.000000 30365.dat
1 72 -86.333510 -79.000020 -25.777960 -1.000000 0.000000 0.000000 0.000000 1.000000 0.000000 0.000000 0.000000 -1.000000 30365.dat
0 STEP
1 1 -46.333500 -69.000020 -5.777830 0.000000 0.000000 1.000000 0.000000 1.000000 0.000000 -1.000000 0.000000 0.000000 6558.dat
1 1 -26.333500 -69.000020 -5.777830 0.000000 0.000000 1.000000 0.000000 1.000000 0.000000 -1.000000 0.000000 0.000000 6558.dat
1 0 -26.333500 -9.000000 -5.777950 -1.000000 0.000000 0.000000 0.000000 0.000000 -1.000000 0.000000 -1.000000 0.000000 32140.dat
1 28 63.666500 -102.999800 4.222290 0.000000 0.000000 -1.000000 0.000000 1.000000 0.000000 1.000000 0.000000 0.000000 3023b.dat
0 STEP
0 NOFILE
0 FILE SubModel Group 18 Copy 2
0 SubModel Group 18
0 Name: SubModel Group 18
0 Author: 
0 CustomBrick
0 FlexibleBrickControlPointUnitLength -1
0 FlexibleBrickLockedControlPoint 
0 NumOfBricks 42
1 72 129.649700 -32.000990 -14.141600 -1.000000 0.000000 0.000000 0.000000 1.000000 0.000000 0.000000 0.000000 -1.000000 3703.dat
1 1 29.649660 -22.001120 5.858640 0.000000 0.000000 1.000000 0.000000 1.000000 0.000000 -1.000000 0.000000 0.000000 6558.dat
1 1 -10.350310 -22.001120 5.858400 0.000000 0.000000 1.000000 0.000000 1.000000 0.000000 -1.000000 0.000000 0.000000 6558.dat
1 1 -430.350300 -22.001120 5.858150 0.000000 0.000000 -1.000000 0.000000 1.000000 0.000000 1.000000 0.000000 0.000000 6558.dat
1 1 -390.350300 -22.001080 5.858030 0.000000 0.000000 -1.000000 0.000000 1.000000 0.000000 1.000000 0.000000 0.000000 6558.dat
1 72 129.649700 -32.000990 25.858520 -1.000000 0.000000 0.000000 0.000000 1.000000 0.000000 0.000000 0.000000 -1.000000 3703.dat
1 71 109.649700 -8.000990 5.858400 0.000000 0.000000 1.000028 0.000000 1.000000 0.000000 -1.000028 0.000000 0.000000 3021.dat
1 71 149.635300 -8.000020 5.850100 0.000000 0.000000 1.000000 0.000000 1.000000 0.000000 -1.000000 0.000000 0.000000 3021.dat
1 71 -330.350300 -32.001120 -14.141720 -1.000000 0.000000 0.000000 0.000000 1.000000 0.000000 0.000000 0.000000 -1.000000 3895.dat
1 1 89.649660 -22.000990 5.858400 0.000000 0.000000 1.000000 0.000000 1.000000 0.000000 -1.000000 0.000000 0.000000 6558.dat
1 1 149.649700 -22.000990 5.858520 0.000000 0.000000 1.000000 0.000000 1.000000 0.000000 -1.000000 0.000000 0.000000 6558.dat
1 72 -150.350300 -40.001010 5.858400 -1.000000 0.000000 0.000000 0.000000 1.000000 0.000000 0.000000 0.000000 -1.000000 4162.dat
1 71 269.649700 -40.000980 5.858400 0.000000 0.000000 1.000000 0.000000 1.000000 0.000000 -1.000000 0.000000 0.000000 3021.dat
1 72 -330.350300 -40.001120 -14.141720 -1.000000 0.000000 0.000000 0.000000 1.000000 0.000000 0.000000 0.000000 -1.000000 2431.dat
1 71 -20.350340 -56.001010 -14.141600 1.000000 0.000000 0.000000 0.000000 1.000000 0.000000 0.000000 0.000000 1.000000 4599b.dat
1 71 29.649690 -8.000990 5.858520 0.000000 0.000000 1.000000 0.000000 1.000000 0.000000 -1.000000 0.000000 0.000000 3021.dat
1 72 -30.350310 -40.000980 5.858400 -1.000000 0.000000 0.000000 0.000000 1.000000 0.000000 0.000000 0.000000 -1.000000 2431.dat
1 71 -20.350340 -56.001010 25.858520 -1.000000 0.000000 0.000000 0.000000 1.000000 0.000000 0.000000 0.000000 -1.000000 4599b.dat
0 STEP
1 1 249.649700 -22.000990 5.858520 0.000000 0.000000 -1.000000 0.000000 -1.000000 0.000000 -1.000000 0.000000 0.000000 6558.dat
1 1 189.649700 -22.001120 5.858520 0.000000 0.000000 -1.000000 0.000000 -1.000000 0.000000 -1.000000 0.000000 0.000000 6558.dat
1 72 -110.350300 -32.000990 5.858400 -1.000000 0.000000 0.000000 0.000000 1.000000 0.000000 0.000000 0.000000 -1.000000 3703.dat
0 STEP
1 1 -250.350300 -22.001120 5.858280 0.000000 0.000000 1.000000 0.000000 -1.000000 0.000000 1.000000 0.000000 0.000000 6558.dat
1 1 -230.350300 -22.001120 5.858400 0.000000 0.000000 1.000000 0.000000 -1.000000 0.000000 1.000000 0.000000 0.000000 6558.dat
1 0 249.649700 -22.000990 5.858520 0.000000 0.000000 -1.000000 0.000000 1.000000 0.000000 1.000000 0.000000 0.000000 32034.dat
1 71 309.651800 -22.001120 5.852540 0.000000 0.000000 1.000003 0.000000 1.000000 0.000000 -1.000004 0.000000 0.000000 32014.dat
1 4 219.649800 -22.001120 5.852420 -1.000003 0.000000 0.000000 0.000000 1.000000 0.000000 0.000000 0.000000 -1.000004 32062.dat
1 4 279.651400 -22.001120 5.852420 -1.000003 0.000000 0.000000 0.000000 1.000000 0.000000 0.000000 0.000000 -1.000004 32062.dat
1 71 189.649900 -22.001120 5.852540 0.000000 0.000000 -1.000003 0.000000 1.000000 0.000000 1.000004 0.000000 0.000000 32014.dat
1 71 89.649720 -22.001120 5.858400 0.000000 0.000000 -1.000000 0.000000 1.000000 0.000000 1.000003 0.000000 0.000000 32014.dat
1 4 120.377300 -22.001240 5.857910 -1.000000 0.000000 0.000000 0.000000 1.000000 0.000000 0.000000 0.000000 -1.000003 32062.dat
1 71 149.377700 -22.000990 5.856810 0.000001 0.000000 1.000000 0.000000 1.000000 0.000000 -1.000000 0.000000 0.000001 32014.dat
1 1 189.650000 -52.000870 5.852540 0.000000 0.000000 1.000003 1.000000 0.000000 0.000000 0.000000 1.000004 0.000000 43093.dat
1 1 309.651800 -52.001120 5.852540 0.000000 0.000000 1.000000 1.000000 0.000000 0.000000 0.000000 1.000000 -0.000001 43093.dat
1 1 89.649840 -52.000760 5.858400 0.000000 0.000000 1.000000 1.000000 0.000000 0.000000 0.000000 1.000003 0.000000 43093.dat
1 1 149.377400 -53.340840 5.857910 0.000000 0.000000 1.000000 1.000000 0.000000 0.000000 0.000000 1.000003 0.000000 43093.dat
1 72 -410.350300 -40.001120 -14.141720 1.000000 0.000000 0.000000 0.000000 1.000000 0.000000 0.000000 0.000000 1.000000 2412b.dat
1 72 -380.350300 -40.001120 -14.141850 0.000000 0.000000 -1.000000 0.000000 1.000000 0.000000 1.000000 0.000000 0.000000 15712.dat
1 72 -280.350300 -40.001120 -14.141720 0.000000 0.000000 -1.000000 0.000000 1.000000 0.000000 1.000000 0.000000 0.000000 15712.dat
1 72 29.649690 -40.000990 5.858400 -1.000000 0.000000 0.000000 0.000000 1.000000 0.000000 0.000000 0.000000 -1.000000 15573.dat
1 72 -375.810300 -46.001130 -14.141720 0.000000 -1.000000 0.000000 -1.000000 0.000000 0.000000 0.000000 0.000000 -1.000000 63965.dat
1 71 29.649660 -40.001020 25.858520 -1.000000 0.000000 0.000000 0.000000 1.000000 0.000000 0.000000 0.000000 -1.000000 2431.dat
1 71 29.649660 -40.001010 -14.141600 -1.000000 0.000000 0.000000 0.000000 1.000000 0.000000 0.000000 0.000000 -1.000000 2431.dat
0 STEP
0 NOFILE
0 FILE SubModel Group 17 Copy 2
0 SubModel Group 17
0 Name: SubModel Group 17
0 Author: 
0 CustomBrick
0 FlexibleBrickControlPointUnitLength -1
0 FlexibleBrickLockedControlPoint 
0 NumOfBricks 10
1 72 21.714300 -15.999980 0.000010 1.000000 0.000000 0.000000 0.000000 1.000000 0.000000 0.000000 0.000000 1.000000 6141.dat
1 71 -28.285710 -15.999950 -0.000010 1.000000 0.000000 0.000000 0.000000 1.000000 0.000000 0.000000 0.000000 1.000000 3710.dat
1 71 -8.285709 -55.999950 0.000000 1.000000 0.000000 0.000000 0.000000 1.000000 0.000000 0.000000 0.000000 1.000000 3710.dat
1 71 -8.285709 -39.999960 0.000000 1.000000 0.000000 0.000000 0.000000 1.000000 0.000000 0.000000 0.000000 1.000000 3701.dat
1 72 1.714170 -8.000010 0.000000 1.000000 0.000000 0.000000 0.000000 1.000000 0.000000 0.000000 0.000000 1.000000 3623.dat
1 72 21.714170 -48.000020 0.000010 1.000000 0.000000 0.000000 0.000000 1.000000 0.000000 0.000000 0.000000 1.000000 6141.dat
1 71 -28.285710 -47.999940 -0.000010 1.000000 0.000000 0.000000 0.000000 1.000000 0.000000 0.000000 0.000000 1.000000 3710.dat
1 72 -58.285700 -39.999940 -0.000020 -1.000000 0.000000 0.000000 0.000000 1.000000 0.000000 0.000000 0.000000 -1.000000 6541.dat
1 71 -58.285700 -48.000020 -0.000020 0.000000 0.000000 1.000000 0.000000 1.000000 0.000000 -1.000000 0.000000 0.000000 54200.dat
1 72 11.714180 -0.000010 0.000000 1.000000 0.000000 0.000000 0.000000 1.000000 0.000000 0.000000 0.000000 1.000000 3700.dat
0 NOFILE
0 FILE SubModel Group 22 Copy 2
0 SubModel Group 22
0 Name: SubModel Group 22
0 Author: 
0 CustomBrick
0 FlexibleBrickControlPointUnitLength -1
0 FlexibleBrickLockedControlPoint 
0 NumOfBricks 15
1 71 10.066660 -30.000050 30.000060 0.000000 1.000000 0.000000 1.000000 0.000000 0.000000 0.000000 0.000000 -1.000000 3021.dat
1 71 10.066800 -30.000050 -9.999940 0.000000 1.000000 0.000000 1.000000 0.000000 0.000000 0.000000 0.000000 -1.000000 3021.dat
1 71 2.066660 -29.999940 9.999940 0.000001 1.000000 0.000000 0.000000 0.000000 -1.000000 -1.000000 0.000001 0.000000 3710.dat
1 71 2.066610 -10.000000 40.000060 0.000000 1.000000 0.000000 1.000000 0.000000 0.000000 0.000000 0.000000 -1.000000 85861.dat
1 71 2.066630 -10.000000 20.000060 0.000000 1.000000 0.000000 1.000000 0.000000 0.000000 0.000000 0.000000 -1.000000 85861.dat
1 71 2.066660 -10.000000 -0.000060 0.000000 1.000000 0.000000 1.000000 0.000000 0.000000 0.000000 0.000000 -1.000000 85861.dat
1 71 2.066780 -10.000000 -19.999940 0.000000 1.000000 0.000000 1.000000 0.000000 0.000000 0.000000 0.000000 -1.000000 85861.dat
1 71 2.066630 -50.000040 40.000060 0.000000 1.000000 0.000000 1.000000 0.000000 0.000000 0.000000 0.000000 -1.000000 85861.dat
1 71 2.066640 -50.000040 20.000060 0.000000 1.000000 0.000000 1.000000 0.000000 0.000000 0.000000 0.000000 -1.000000 85861.dat
1 71 2.066640 -50.000040 -0.000060 0.000000 1.000000 0.000000 1.000000 0.000000 0.000000 0.000000 0.000000 -1.000000 85861.dat
1 71 2.066760 -50.000040 -19.999940 0.000000 1.000000 0.000000 1.000000 0.000000 0.000000 0.000000 0.000000 -1.000000 85861.dat
1 71 -5.933390 -29.999940 20.000060 0.000000 1.000000 0.000000 1.000000 0.000000 0.000000 0.000000 0.000000 -1.000000 3070b.dat
1 36 -5.933360 -29.999940 -0.000060 0.000000 1.000000 0.000000 1.000000 0.000000 0.000000 0.000000 0.000000 -1.000000 98138.dat
1 71 -5.933390 -29.999940 40.000060 0.000000 1.000000 0.000000 1.000000 0.000000 0.000000 0.000000 0.000000 -1.000000 24246.dat
1 71 -5.933340 -29.999940 -20.000060 0.000000 1.000000 0.000000 -1.000000 0.000000 0.000000 0.000000 0.000000 1.000000 24246.dat
0 NOFILE
0 FILE SubModel Group 21 Copy 2
0 SubModel Group 21
0 Name: SubModel Group 21
0 Author: 
0 CustomBrick
0 FlexibleBrickControlPointUnitLength -1
0 FlexibleBrickLockedControlPoint 
0 NumOfBricks 12
1 71 17.864010 -10.000000 7.833310 1.000000 0.000000 0.000000 0.000000 -0.000002 -1.000000 0.000000 1.000000 -0.000002 3895.dat
1 1 57.864480 -20.000920 17.833310 0.000000 0.000000 -1.000000 -1.000000 0.000000 0.000000 0.000000 1.000000 0.000000 4274.dat
1 1 -22.135990 -20.000000 17.833380 0.000000 0.000000 -1.000000 -1.000000 0.000000 0.000000 0.000000 1.000000 0.000000 4274.dat
1 1 -2.135560 -20.000920 17.833380 0.000000 0.000000 -1.000000 -1.000000 0.000000 0.000000 0.000000 1.000000 0.000000 4274.dat
1 1 17.864500 -20.000920 17.833380 0.000000 0.000000 -1.000000 -1.000000 0.000000 0.000000 0.000000 1.000000 0.000000 4274.dat
1 1 37.864560 -20.000610 17.833310 0.000000 0.000000 -1.000000 -1.000000 0.000000 0.000000 0.000000 1.000000 0.000000 4274.dat
1 72 -22.135990 -10.000000 -0.166660 1.000000 0.000000 0.000000 0.000000 0.000000 -1.000000 0.000000 1.000000 0.000000 2431.dat
1 72 -72.136020 -10.000000 -0.166660 0.000000 0.000000 -1.000000 -1.000000 0.000000 0.000000 0.000000 1.000000 0.000000 15712.dat
1 1 77.864040 -20.000000 17.833310 0.000000 0.000000 -1.000000 -1.000000 0.000000 0.000000 0.000000 1.000000 0.000000 4274.dat
1 72 27.864040 -10.000000 -0.166660 0.000000 0.000000 -1.000000 -1.000000 0.000000 0.000000 0.000000 1.000000 0.000000 15712.dat
0 STEP
1 72 -68.505960 -10.000000 -6.166660 0.000000 -1.000000 0.000000 1.000000 0.000000 0.000000 0.000000 0.000000 1.000000 63965.dat
0 STEP
1 72 57.864020 -10.000000 -0.166660 -1.000000 0.000000 0.000000 0.000000 0.000000 1.000000 0.000000 1.000000 0.000000 2412b.dat
0 STEP
0 NOFILE
0 FILE SubModel Group 1 Copy 16
0 SubModel Group 1
0 Name: SubModel Group 1
0 Author: 
0 CustomBrick
0 FlexibleBrickControlPointUnitLength -1
0 FlexibleBrickLockedControlPoint 
0 NumOfBricks 2
1 4 0.000000 -29.000010 0.000000 0.000000 -1.000000 0.000000 0.000000 0.000000 -1.000000 1.000000 0.000000 0.000000 32039.dat
1 71 0.000000 -49.000000 0.000000 0.000000 0.000000 -1.000000 1.000000 0.000000 0.000000 0.000000 -1.000000 0.000000 4519.dat
0 NOFILE
0 FILE SubModel Group 2 Copy 13
0 SubModel Group 2
0 Name: SubModel Group 2
0 Author: 
0 CustomBrick
0 FlexibleBrickControlPointUnitLength -1
0 FlexibleBrickLockedControlPoint 
0 NumOfBricks 5
1 0 0.000020 -8.999949 -30.000000 0.000000 0.000000 -1.000000 0.000000 1.000000 0.000000 1.000000 0.000000 0.000000 18651.dat
1 0 -0.000050 -8.999949 30.000010 0.000000 0.000000 1.000000 0.000000 1.000000 0.000000 -1.000000 0.000000 0.000000 18651.dat
1 14 -0.000050 -9.002800 0.000010 1.000000 0.000000 0.000000 0.000000 1.000000 0.000000 0.000000 0.000000 1.000000 59443.dat
0 STEP
1 4 0.000010 -29.000020 -30.000000 0.000000 1.000000 0.000000 0.000000 0.000000 -1.000000 -1.000000 0.000000 0.000000 32039.dat
1 71 0.000010 -49.000020 -30.000000 0.000000 0.000000 1.000000 1.000000 0.000000 0.000000 0.000000 1.000000 0.000000 4519.dat
0 STEP
0 NOFILE
0 FILE SubModel Group 1 Copy 17
0 SubModel Group 1
0 Name: SubModel Group 1
0 Author: 
0 CustomBrick
0 FlexibleBrickControlPointUnitLength -1
0 FlexibleBrickLockedControlPoint 
0 NumOfBricks 2
1 4 0.000000 -29.000010 0.000000 0.000000 -1.000000 0.000000 0.000000 0.000000 -1.000000 1.000000 0.000000 0.000000 32039.dat
1 71 0.000050 -47.000000 0.000040 0.000000 0.000000 -1.000000 1.000000 0.000000 0.000000 0.000000 -1.000000 0.000000 4519.dat
0 NOFILE
0 FILE SubModel Group 2 Copy 14
0 SubModel Group 2
0 Name: SubModel Group 2
0 Author: 
0 CustomBrick
0 FlexibleBrickControlPointUnitLength -1
0 FlexibleBrickLockedControlPoint 
0 NumOfBricks 5
1 0 0.000020 -8.999949 -30.000000 0.000000 0.000000 -1.000000 0.000000 1.000000 0.000000 1.000000 0.000000 0.000000 18651.dat
1 0 -0.000050 -8.999949 30.000010 0.000000 0.000000 1.000000 0.000000 1.000000 0.000000 -1.000000 0.000000 0.000000 18651.dat
1 14 -0.000050 -9.002800 0.000010 1.000000 0.000000 0.000000 0.000000 1.000000 0.000000 0.000000 0.000000 1.000000 59443.dat
0 STEP
1 4 0.000010 -29.000020 -30.000000 0.000000 1.000000 0.000000 0.000000 0.000000 -1.000000 -1.000000 0.000000 0.000000 32039.dat
1 71 0.000100 -47.000020 -29.999900 0.000000 0.000000 1.000000 1.000000 0.000000 0.000000 0.000000 1.000000 0.000000 4519.dat
0 STEP
0 NOFILE
0 FILE SubModel Group 1_Mirrored Copy 2
0 SubModel Group 1_Mirrored
0 Name: SubModel Group 1_Mirrored
0 Author: 
0 CustomBrick
0 FlexibleBrickControlPointUnitLength -1
0 FlexibleBrickLockedControlPoint 
0 NumOfBricks 2
1 4 -0.000010 10.499990 0.000000 0.000000 1.000000 0.000000 0.000000 0.000000 -1.000000 -1.000000 0.000000 0.000000 32039.dat
1 71 0.000210 -8.499990 0.000040 0.000000 0.000000 1.000000 -1.000000 0.000000 0.000000 0.000000 -1.000000 0.000000 4519.dat
0 NOFILE
0 FILE SubModel Group 2_Mirrored Copy
0 SubModel Group 2_Mirrored
0 Name: SubModel Group 2_Mirrored
0 Author: 
0 CustomBrick
0 FlexibleBrickControlPointUnitLength -1
0 FlexibleBrickLockedControlPoint 
0 NumOfBricks 5
1 0 -0.000020 30.500060 -30.000000 0.000000 0.000000 -1.000000 0.000000 1.000000 0.000000 1.000000 0.000000 0.000000 18651.dat
1 0 0.000060 30.500060 30.000010 0.000001 0.000000 1.000000 0.000000 1.000000 0.000000 -1.000000 0.000000 0.000001 18651.dat
1 14 0.000050 30.497210 0.000010 -1.000000 0.000000 0.000000 0.000000 1.000000 0.000000 0.000000 0.000000 -1.000000 59443.dat
0 STEP
1 4 -0.000020 10.500000 -30.000000 0.000000 -1.000000 0.000000 0.000000 0.000000 -1.000000 1.000000 0.000000 0.000000 32039.dat
1 71 -0.000040 -8.499990 -30.000000 0.000000 0.000000 -1.000000 -1.000000 0.000000 0.000000 0.000000 1.000000 0.000000 4519.dat
0 STEP
0 NOFILE
0 FILE SubModel Group 1 Copy 18
0 SubModel Group 1
0 Name: SubModel Group 1
0 Author: 
0 CustomBrick
0 FlexibleBrickControlPointUnitLength -1
0 FlexibleBrickLockedControlPoint 
0 NumOfBricks 135
1 71 -216.475200 -16.000140 -80.089480 1.000000 0.000000 0.000000 0.000000 1.000000 0.000000 0.000000 0.000000 1.000000 3029.dat
1 2 -196.475200 -16.000140 -20.089380 1.000000 0.000000 0.000000 0.000000 1.000000 0.000000 0.000000 0.000000 1.000000 3832.dat
1 72 -106.475200 -24.000140 -60.089590 0.000000 0.000000 1.000000 0.000000 1.000000 0.000000 -1.000000 0.000000 0.000000 3710.dat
1 72 -296.475300 -24.000140 -60.089530 0.000000 0.000000 -1.000000 0.000000 1.000000 0.000000 1.000000 0.000000 0.000000 3020.dat
1 72 -236.475200 -24.000080 -40.089450 -1.000000 0.000000 0.000000 0.000000 1.000000 0.000000 0.000000 0.000000 -1.000000 3020.dat
1 72 -156.475200 -24.000140 -60.089530 1.000000 0.000000 0.000000 0.000000 1.000000 0.000000 0.000000 0.000000 1.000000 6179.dat
1 72 -236.475200 -24.000140 -80.089420 1.000000 0.000000 0.000000 0.000000 1.000000 0.000000 0.000000 0.000000 1.000000 87079.dat
1 71 -276.475100 -24.000080 9.910570 0.000000 0.000000 1.000000 0.000000 1.000000 0.000000 -1.000000 0.000000 0.000000 54383.dat
1 71 -156.475200 -24.000080 -0.089380 1.000000 0.000000 0.000000 0.000000 1.000000 0.000000 0.000000 0.000000 1.000000 3795.dat
1 71 -356.475400 -16.000140 -10.089450 0.000000 0.000000 1.000000 0.000000 1.000000 0.000000 -1.000000 0.000000 0.000000 54383.dat
1 71 -236.475200 -16.000060 29.910570 0.000000 0.000000 1.000000 0.000000 1.000000 0.000000 -1.000000 0.000000 0.000000 54383.dat
1 72 -136.475200 -16.000060 19.910570 1.000000 0.000000 0.000000 0.000000 1.000000 0.000000 0.000000 0.000000 1.000000 3020.dat
1 71 -136.475200 -24.000140 -110.089400 1.000000 0.000000 0.000000 0.000000 1.000000 0.000000 0.000000 0.000000 1.000000 30586.dat
1 71 -246.475200 -24.000140 -120.089500 0.000000 0.000000 1.000000 0.000000 1.000000 0.000000 -1.000000 0.000000 0.000000 43723b.dat
1 71 -316.475100 -24.000140 -110.089400 1.000000 0.000000 0.000000 0.000000 1.000000 0.000000 0.000000 0.000000 1.000000 3710.dat
1 71 -376.475100 -16.000140 -80.089290 0.000000 0.000000 1.000000 0.000000 1.000000 0.000000 -1.000000 0.000000 0.000000 6179.dat
1 71 -356.475400 -24.000140 -60.089470 0.000000 0.000000 1.000000 0.000000 1.000000 0.000000 -1.000000 0.000000 0.000000 6179.dat
1 72 -96.486030 -16.000060 69.910350 0.000000 0.000000 1.000000 0.000000 1.000000 0.000000 -1.000000 0.000000 0.000000 50304.dat
1 15 13.514130 -16.000060 69.911150 1.000000 0.000000 0.000000 0.000000 1.000000 0.000000 0.000000 0.000000 1.000000 11212.dat
1 28 -16.485720 -24.000100 89.910510 0.000000 0.000000 1.000000 0.000000 1.000000 0.000000 -1.000000 0.000000 0.000000 50304.dat
1 71 -16.485900 -24.000080 49.910240 1.000000 0.000000 0.000000 0.000000 1.000000 0.000000 0.000000 0.000000 1.000000 3666.dat
1 28 -86.486030 -24.000080 49.910180 1.000000 0.000000 0.000000 0.000000 1.000000 0.000000 0.000000 0.000000 1.000000 3024.dat
1 71 -156.475000 -24.000080 49.910480 0.000000 0.000000 1.000000 0.000000 1.000000 0.000000 -1.000000 0.000000 0.000000 54383.dat
1 71 -106.486000 -32.000080 59.910240 0.000000 0.000000 1.000000 0.000000 1.000000 0.000000 -1.000000 0.000000 0.000000 43722b.dat
1 71 -56.485870 -32.000080 59.910240 1.000000 0.000000 0.000000 0.000000 1.000000 0.000000 0.000000 0.000000 1.000000 3068b.dat
1 71 -26.485810 -32.000080 69.909680 1.000000 0.000000 0.000000 0.000000 1.000000 0.000000 0.000000 0.000000 1.000000 98138.dat
1 71 -6.485930 -32.000080 49.910180 0.000000 0.000000 -1.000000 0.000000 1.000000 0.000000 1.000000 0.000000 0.000000 14719.dat
1 72 -16.485900 -32.000070 89.909700 1.000000 0.000000 0.000000 0.000000 1.000000 0.000000 0.000000 0.000000 1.000000 2412b.dat
1 71 23.514130 -32.000080 49.910240 1.000000 0.000000 0.000000 0.000000 1.000000 0.000000 0.000000 0.000000 1.000000 99563.dat
1 71 13.514130 -32.000080 79.909600 0.000000 0.000000 -1.000000 0.000000 1.000000 0.000000 1.000000 0.000000 0.000000 3069b.dat
1 71 33.514190 -32.000070 89.909760 0.000000 0.000000 1.000000 0.000000 1.000000 0.000000 -1.000000 0.000000 0.000000 14719.dat
1 71 -186.475200 -32.000140 -40.089450 0.000001 0.000000 -1.000000 0.000000 1.000000 0.000000 1.000000 0.000000 0.000000 43722b.dat
1 71 -126.475200 -32.000140 -20.089380 0.000001 0.000000 -1.000000 0.000000 1.000000 0.000000 1.000000 0.000000 0.000000 43722b.dat
1 71 -146.475200 -32.000140 -100.089500 -0.000001 0.000000 1.000000 0.000000 1.000000 0.000000 -1.000000 0.000000 0.000000 43722b.dat
1 71 -186.475200 -32.000080 9.910630 0.000000 0.000000 -1.000000 0.000000 1.000000 0.000000 1.000000 0.000000 0.000000 14719.dat
1 71 -186.475200 -32.000080 -10.089380 1.000000 0.000000 0.000000 0.000000 1.000000 0.000000 0.000000 0.000000 1.000000 63864.dat
1 71 -136.475200 -32.000080 19.910570 1.000000 0.000000 0.000000 0.000000 1.000000 0.000000 0.000000 0.000000 1.000000 87079.dat
1 71 -336.475400 -32.000140 -30.089440 -1.000000 0.000000 0.000000 0.000000 1.000000 0.000000 0.000000 0.000000 -1.000000 44301.dat
1 71 -336.475400 -32.000140 -70.089450 -1.000000 0.000000 0.000000 0.000000 1.000000 0.000000 0.000000 0.000000 -1.000000 44301.dat
1 71 -336.475400 -32.000140 -50.089460 -1.000000 0.000000 0.000000 0.000000 1.000000 0.000000 0.000000 0.000000 -1.000000 44301.dat
1 71 -336.475400 -32.000140 -90.089480 -1.000000 0.000000 0.000000 0.000000 1.000000 0.000000 0.000000 0.000000 -1.000000 44301.dat
1 71 -246.475200 -32.000140 -20.089440 -0.000001 0.000000 1.000000 0.000000 1.000000 0.000000 -1.000000 0.000000 0.000000 43722b.dat
1 71 -246.475200 -32.000140 -60.089470 0.000001 0.000000 -1.000000 0.000000 1.000000 0.000000 1.000000 0.000000 0.000000 43722b.dat
1 71 -306.475100 -32.000140 -30.089500 -0.000001 0.000000 1.000000 0.000000 1.000000 0.000000 -1.000000 0.000000 0.000000 14719.dat
1 71 -286.475100 -32.000140 -70.089520 0.000000 0.000000 -1.000000 0.000000 1.000000 0.000000 1.000000 0.000000 0.000000 63864.dat
1 71 -116.475200 -8.000120 -40.089510 0.000000 0.000000 -1.000000 0.000000 1.000000 0.000000 1.000000 0.000000 0.000000 3795.dat
1 71 -296.475100 -8.000120 -30.089440 0.000000 0.000000 1.000000 0.000000 1.000000 0.000000 -1.000000 0.000000 0.000000 54383.dat
1 71 73.514110 -31.999990 59.911080 0.000000 0.000000 -1.000000 0.000000 1.000000 0.000000 1.000000 0.000000 0.000000 43722b.dat
1 71 73.514270 -32.000100 109.910600 0.000000 0.000000 -1.000000 0.000000 1.000000 0.000000 1.000000 0.000000 0.000000 14719.dat
1 71 53.514120 -32.000030 -70.089140 0.000000 0.000000 -1.000000 0.000000 1.000000 0.000000 1.000000 0.000000 0.000000 15712.dat
1 71 153.514100 -32.000030 -70.089140 0.000000 0.000000 -1.000000 0.000000 1.000000 0.000000 1.000000 0.000000 0.000000 15712.dat
1 71 193.514100 -32.000050 -100.089100 0.000000 0.000000 -1.000000 0.000000 1.000000 0.000000 1.000000 0.000000 0.000000 92280.dat
1 71 104.444100 -38.000020 -90.089130 0.000000 -1.000000 0.000000 0.000000 0.000000 1.000000 -1.000000 0.000000 0.000000 63965.dat
1 71 189.514100 -38.000040 -70.089190 0.000000 1.000000 0.000000 0.000000 0.000000 1.000000 1.000000 0.000000 0.000000 63965.dat
1 71 193.514100 -32.000040 -70.089190 0.000000 0.000000 -1.000000 0.000000 1.000000 0.000000 1.000000 0.000000 0.000000 15712.dat
1 71 53.514120 -32.000050 -100.089200 0.000000 0.000000 -1.000000 0.000000 1.000000 0.000000 1.000000 0.000000 0.000000 92280.dat
1 71 -313.305300 -38.000180 -90.089560 0.000000 1.000000 0.000000 0.000000 0.000000 1.000000 1.000000 0.000000 0.000000 76276.dat
1 71 -313.455400 -38.000140 -70.089580 0.000000 1.000000 0.000000 0.000000 0.000000 1.000000 1.000000 0.000000 0.000000 76276.dat
1 72 33.513640 -31.999990 129.911300 1.000000 0.000000 0.000000 0.000000 1.000000 0.000000 0.000000 0.000000 1.000000 15712.dat
1 71 153.514100 -32.000030 -100.089100 0.000000 0.000000 -1.000000 0.000000 1.000000 0.000000 1.000000 0.000000 0.000000 92280.dat
1 71 -136.475200 -40.000140 -10.089370 -1.000000 0.000000 0.000000 0.000000 1.000000 0.000000 0.000000 0.000000 -1.000000 99563.dat
1 71 -36.475160 -32.000140 -110.089400 1.000000 0.000000 0.000000 0.000000 1.000000 0.000000 0.000000 0.000000 1.000000 4162.dat
1 71 -106.485900 -31.587390 -88.676090 0.000000 0.000000 -1.000000 0.000000 1.000000 0.000000 1.000000 0.000000 0.000000 15712.dat
1 72 -106.475200 -32.000150 -70.089600 0.000000 0.000000 -1.000000 0.000000 1.000000 0.000000 1.000000 0.000000 0.000000 15712.dat
1 28 -206.475200 -40.000140 -30.089440 1.000000 0.000000 0.000000 0.000000 1.000000 0.000000 0.000000 0.000000 1.000000 3070b.dat
1 72 -266.475100 -32.000080 9.910570 1.000000 0.000000 0.000000 0.000000 1.000000 0.000000 0.000000 0.000000 1.000000 15712.dat
1 72 -346.475400 -40.000140 -40.089470 0.000000 0.000000 -1.000000 0.000000 1.000000 0.000000 1.000000 0.000000 0.000000 2412b.dat
1 71 -306.475300 -32.000160 -90.089540 0.000000 0.000000 -1.000000 0.000000 1.000000 0.000000 1.000000 0.000000 0.000000 15712.dat
1 71 -306.475300 -32.000140 -70.089560 0.000000 0.000000 -1.000000 0.000000 1.000000 0.000000 1.000000 0.000000 0.000000 15712.dat
1 71 -326.475400 -40.000140 -40.089470 0.000000 0.000000 -1.000000 0.000000 1.000000 0.000000 1.000000 0.000000 0.000000 99563.dat
1 71 -326.475400 -40.000140 -80.089480 0.000000 0.000000 -1.000000 0.000000 1.000000 0.000000 1.000000 0.000000 0.000000 99563.dat
1 72 -346.475400 -40.000140 -80.089480 0.000000 0.000000 -1.000000 0.000000 1.000000 0.000000 1.000000 0.000000 0.000000 2412b.dat
0 STEP
1 72 223.514100 -16.000050 -100.089200 1.000000 0.000000 0.000000 0.000000 1.000000 0.000000 0.000000 0.000000 1.000000 4282.dat
1 28 323.514100 -24.000050 -110.089100 1.000000 0.000000 0.000000 0.000000 1.000000 0.000000 0.000000 0.000000 1.000000 3710.dat
1 71 223.514100 -24.000050 -110.089100 1.000000 0.000000 0.000000 0.000000 1.000000 0.000000 0.000000 0.000000 1.000000 3666.dat
1 28 323.514200 -24.000000 59.910780 0.000000 0.000000 -1.000000 0.000000 1.000000 0.000000 1.000000 0.000000 0.000000 3027.dat
1 71 233.514100 -24.000030 -60.089140 0.000000 0.000000 1.000000 0.000000 1.000000 0.000000 -1.000000 0.000000 0.000000 88646.dat
1 2 263.514200 -16.000030 19.910800 0.000000 0.000000 1.000000 0.000000 1.000000 0.000000 -1.000000 0.000000 0.000000 3832.dat
1 2 143.514100 -16.000030 -60.089160 -1.000000 0.000000 0.000000 0.000000 1.000000 0.000000 0.000000 0.000000 -1.000000 3832.dat
1 72 343.514100 -16.000010 39.910780 0.000000 0.000000 -1.000000 0.000000 1.000000 0.000000 1.000000 0.000000 0.000000 3020.dat
1 15 273.514200 -15.999990 149.910700 1.000000 0.000000 0.000000 0.000000 1.000000 0.000001 0.000000 -0.000001 1.000000 11212.dat
1 72 363.514200 -15.999970 199.910700 0.000000 0.000000 -1.000000 0.000000 1.000000 0.000000 1.000000 0.000000 0.000000 3020.dat
1 72 263.514200 -15.999970 209.910700 0.000000 0.000000 1.000000 0.000000 1.000000 0.000000 -1.000000 0.000000 0.000000 50304.dat
1 71 343.514400 -15.999950 269.911100 0.000000 0.000000 1.000004 0.000000 1.000000 0.000000 -1.000004 0.000000 0.000000 54383.dat
1 71 323.514200 -23.999950 249.910700 0.000000 0.000000 1.000000 0.000000 1.000000 0.000000 -1.000000 0.000000 0.000000 54383.dat
1 15 213.514000 -15.999990 149.911100 1.000007 0.000000 0.000000 0.000000 1.000000 0.000000 0.000000 0.000000 1.000007 11212.dat
1 71 233.514200 -23.999990 149.910700 0.000000 0.000000 1.000000 0.000000 1.000000 0.000000 -1.000000 0.000000 0.000000 14719.dat
1 71 203.514000 -23.999980 189.911500 0.000001 0.000000 1.000007 0.000000 1.000000 0.000000 -1.000007 0.000000 0.000001 54383.dat
1 71 253.514200 -24.000020 59.910780 0.000000 0.000000 -1.000000 0.000000 1.000000 0.000000 1.000000 0.000000 0.000000 4162.dat
1 1 183.514100 -24.000040 -80.089190 1.000000 0.000000 0.000000 0.000000 1.000000 0.000000 0.000000 0.000000 1.000000 3022.dat
1 71 123.513600 -15.999990 169.911300 0.000000 0.000000 1.000000 0.000000 1.000000 0.000000 -1.000000 0.000000 0.000000 54383.dat
1 71 103.514100 -24.000030 -60.089140 -1.000000 0.000000 0.000000 0.000000 1.000000 0.000000 0.000000 0.000000 -1.000000 6180.dat
1 71 83.514130 -24.000050 -110.089200 1.000000 0.000000 0.000000 0.000000 1.000000 0.000000 0.000000 0.000000 1.000000 3460.dat
1 71 183.513900 -23.999990 139.911000 1.000000 0.000000 0.000000 0.000000 1.000000 0.000000 0.000000 0.000000 1.000000 87079.dat
1 71 83.513640 -23.999990 149.911300 0.000001 0.000000 1.000000 0.000000 1.000000 0.000000 -1.000000 0.000000 0.000001 54383.dat
1 71 3.513610 -16.000000 129.911300 0.000000 0.000000 1.000000 0.000000 1.000000 0.000000 -1.000000 0.000000 0.000000 54383.dat
1 28 143.513600 -16.000000 129.911300 1.000000 0.000000 0.000000 0.000000 1.000000 0.000000 0.000000 0.000000 1.000000 3710.dat
1 1 83.513640 -16.000000 119.911300 1.000000 0.000000 0.000000 0.000000 1.000000 0.000000 0.000000 0.000000 1.000000 3022.dat
1 320 53.514130 -16.000040 -110.089100 0.000000 0.000000 -1.000000 0.000000 1.000000 0.000000 1.000000 0.000000 0.000000 2420.dat
1 71 83.514130 -24.000010 19.910900 0.000000 0.000000 -1.000000 0.000000 1.000000 0.000000 1.000006 0.000000 0.000000 87079.dat
1 72 63.514130 -16.000040 -0.089160 0.000000 0.000000 1.000000 0.000000 1.000000 0.000000 -1.000006 0.000000 0.000000 3020.dat
1 28 93.514130 -16.000070 -0.089160 0.000000 0.000000 -1.000000 0.000000 1.000000 0.000000 1.000006 0.000000 0.000000 3710.dat
1 15 73.514130 -16.000060 69.911140 0.000000 0.000000 -1.000000 0.000000 1.000000 0.000000 1.000000 0.000000 0.000000 11212.dat
1 28 83.514130 -24.000010 69.911250 -1.000000 0.000000 0.000000 0.000000 1.000000 0.000000 0.000000 0.000000 -1.000006 3023b.dat
1 71 53.514130 -23.999990 19.910900 0.000000 0.000000 -1.000000 0.000000 1.000000 0.000000 1.000006 0.000000 0.000000 92593.dat
1 72 123.514100 -16.000030 -30.089150 -1.000000 0.000000 0.000000 0.000000 1.000000 0.000000 0.000000 0.000000 -1.000000 99780.dat
1 72 163.514100 -16.000030 -30.089150 -1.000000 0.000000 0.000000 0.000000 1.000000 0.000000 0.000000 0.000000 -1.000000 99780.dat
1 72 203.514100 -16.000030 -30.089160 -1.000000 0.000000 0.000000 0.000000 1.000000 0.000000 0.000000 0.000000 -1.000000 99780.dat
1 28 263.514200 -8.000050 -40.089180 0.000000 0.000000 -1.000000 0.000000 1.000000 0.000000 1.000000 0.000000 0.000000 2639.dat
1 28 263.514000 -8.000000 139.911100 -1.000000 0.000000 0.000000 0.000000 1.000000 0.000000 0.000000 0.000000 -1.000000 2639.dat
1 71 143.514100 -8.000080 -40.089370 1.000000 0.000000 0.000000 0.000000 1.000000 0.000000 0.000000 0.000000 1.000000 3795.dat
1 71 93.514130 -8.000070 39.911140 0.000000 0.000000 -1.000000 0.000000 1.000000 0.000000 1.000000 0.000000 0.000000 3666.dat
1 320 93.513640 -8.000000 129.911300 0.000000 0.000000 1.000000 0.000000 1.000000 0.000000 -1.000000 0.000000 0.000000 2420.dat
1 1 63.513630 -8.000010 99.911330 1.000000 0.000000 0.000000 0.000000 1.000000 0.000000 0.000000 0.000000 1.000000 3022.dat
1 28 63.514130 -8.000060 59.911140 -1.000000 0.000000 0.000000 0.000000 1.000000 0.000000 0.000000 0.000000 -1.000000 2639.dat
1 71 63.514130 -8.000040 -30.089210 0.000000 0.000000 1.000000 0.000000 1.000000 0.000000 -1.000000 0.000000 0.000000 3021.dat
1 71 283.514100 -32.000030 -110.089200 1.000000 0.000000 0.000000 0.000000 1.000000 0.000000 0.000000 0.000000 1.000000 4162.dat
1 71 173.514100 -32.000050 -90.089080 0.000000 0.000000 1.000000 0.000000 1.000000 0.000000 -1.000000 0.000000 0.000000 63864.dat
1 71 113.514100 -32.000050 -110.089200 1.000000 0.000000 0.000000 0.000000 1.000000 0.000000 0.000000 0.000000 1.000000 63864.dat
1 71 353.514200 -31.999970 189.910700 0.000000 0.000000 1.000000 0.000000 1.000000 0.000000 -1.000000 0.000000 0.000000 63864.dat
1 71 73.514130 -32.000050 -100.089200 0.000000 0.000000 1.000000 0.000000 1.000000 0.000000 -1.000000 0.000000 0.000000 99563.dat
1 71 53.514130 -32.000030 -40.089160 0.000000 0.000000 1.000000 0.000000 1.000000 0.000000 -1.000000 0.000000 0.000000 99563.dat
1 71 123.513600 -31.999990 149.911300 -1.000000 0.000000 0.000000 0.000000 1.000000 0.000000 0.000000 0.000000 -1.000000 99563.dat
1 71 273.514200 -31.999970 199.910700 0.000000 0.000000 -1.000000 0.000000 1.000000 0.000000 1.000000 0.000000 0.000000 99563.dat
1 28 53.514130 -31.999990 -10.089300 1.000000 0.000000 0.000000 0.000000 1.000000 0.000000 0.000000 0.000000 1.000000 3070b.dat
1 28 193.513900 -31.999990 169.911300 1.000000 0.000000 0.000000 0.000000 1.000000 0.000000 0.000000 0.000000 1.000000 3070b.dat
1 71 183.514100 -24.000030 -40.089160 1.000000 0.000000 0.000000 0.000000 1.000000 0.000000 0.000000 0.000000 1.000000 3068b.dat
1 71 83.514130 -24.000060 99.911140 1.000000 0.000000 0.000000 0.000000 1.000000 0.000000 0.000000 0.000000 1.000000 3068b.dat
1 71 273.514200 -31.999970 169.910700 1.000000 0.000000 0.000000 0.000000 1.000000 0.000000 0.000000 0.000000 1.000000 98138.dat
0 STEP
1 71 -76.475160 -8.000140 -110.089400 1.000000 0.000000 0.000000 0.000000 1.000000 0.000000 0.000000 0.000000 1.000000 3460.dat
1 28 -86.475160 -16.000140 -110.089400 1.000000 0.000000 0.000000 0.000000 1.000000 0.000000 0.000000 0.000000 1.000000 3024.dat
1 28 -26.475190 -16.000140 -110.089400 1.000000 0.000000 0.000000 0.000000 1.000000 0.000000 0.000000 0.000000 1.000000 3024.dat
1 72 -56.475160 -16.000140 -110.089400 -1.000000 0.000000 0.000000 0.000000 1.000000 0.000000 0.000000 0.000000 -1.000000 99780.dat
1 72 3.524840 -16.000140 -110.089400 -1.000000 0.000000 0.000000 0.000000 1.000000 0.000000 0.000000 0.000000 -1.000000 99780.dat
1 71 -26.475220 -24.000140 -120.089400 0.000000 0.000000 -1.000000 0.000000 1.000000 0.000000 1.000000 0.000000 0.000000 43722b.dat
0 STEP
0 NOFILE
0 FILE SubModel Group 2 Copy 15
0 SubModel Group 2
0 Name: SubModel Group 2
0 Author: 
0 CustomBrick
0 FlexibleBrickControlPointUnitLength -1
0 FlexibleBrickLockedControlPoint 
0 NumOfBricks 13
1 71 60.000000 -10.000040 -23.538420 -1.000000 0.000000 0.000000 0.000000 0.000000 1.000000 0.000000 1.000000 0.000000 18653.dat
1 72 -60.000000 -30.000000 -23.538420 -1.000000 0.000000 0.000000 0.000000 0.000000 1.000000 0.000000 1.000000 0.000000 3005.dat
1 72 -60.000000 -30.000000 0.461580 0.000000 0.000000 -1.000000 -1.000000 0.000000 0.000000 0.000000 1.000000 0.000000 3040b.dat
1 72 59.999640 -29.999980 0.461580 0.000000 0.000000 1.000000 1.000000 0.000000 0.000000 0.000000 1.000000 0.000000 3040b.dat
1 71 10.000000 -20.000000 32.461580 -1.000000 0.000000 0.000000 0.000000 0.000000 1.000000 0.000000 1.000000 0.000000 3795.dat
1 28 -60.000000 -20.000000 32.461580 0.000000 0.000000 -1.000000 -1.000000 0.000000 0.000000 0.000000 1.000000 0.000000 3023b.dat
1 71 -10.000000 -20.000040 24.461580 1.000000 0.000000 0.000000 0.000000 0.000000 -1.000000 0.000000 1.000000 0.000000 3795.dat
1 28 60.000000 -20.000040 24.461580 0.000000 0.000000 1.000000 1.000000 0.000000 0.000000 0.000000 1.000000 0.000000 3023b.dat
1 71 -60.000000 -10.000040 -23.538420 1.000000 0.000000 0.000000 0.000000 0.000000 -1.000000 0.000000 1.000000 0.000000 18653.dat
1 71 0.000000 -10.000030 16.461580 -1.000000 0.000000 0.000000 0.000000 0.000000 1.000000 0.000000 1.000000 0.000000 3070b.dat
1 72 60.000000 -30.000000 -23.538420 -1.000000 0.000000 0.000000 0.000000 0.000000 1.000000 0.000000 1.000000 0.000000 3005.dat
1 71 60.000060 -20.000010 -31.538420 0.000000 0.000000 1.000000 1.000000 0.000000 0.000000 0.000000 1.000000 0.000000 3069b.dat
1 71 -59.999970 -20.000010 -31.538420 0.000000 0.000000 1.000000 1.000000 0.000000 0.000000 0.000000 1.000000 0.000000 3069b.dat
0 NOFILE
0 FILE SubModel Group 3 Copy 14
0 SubModel Group 3
0 Name: SubModel Group 3
0 Author: 
0 CustomBrick
0 FlexibleBrickControlPointUnitLength -1
0 FlexibleBrickLockedControlPoint 
0 NumOfBricks 12
1 19 -16.333040 -24.000000 -16.333250 -1.000000 0.000000 0.000000 0.000000 1.000000 0.000000 0.000000 0.000000 -1.000000 30414.dat
0 STEP
1 71 -66.333400 -80.000000 3.666690 1.000000 0.000000 0.000000 0.000000 1.000000 0.000000 0.000000 0.000000 1.000000 18653.dat
1 72 53.666600 -80.000000 -16.333310 1.000000 0.000000 0.000000 0.000000 1.000000 0.000000 0.000000 0.000000 1.000000 3005.dat
1 72 53.666600 -56.000000 -16.333310 0.000000 0.000000 1.000000 0.000000 1.000000 0.000000 -1.000000 0.000000 0.000000 3040b.dat
1 72 -66.333040 -56.000000 -16.333250 0.000000 0.000000 -1.000000 0.000000 1.000000 0.000000 1.000000 0.000000 0.000000 3040b.dat
1 71 -16.333040 -32.000000 -6.333250 1.000000 0.000000 0.000000 0.000000 1.000000 0.000000 0.000000 0.000000 1.000000 3795.dat
1 28 53.666600 -32.000000 -6.333310 0.000000 0.000000 1.000000 0.000000 1.000000 0.000000 -1.000000 0.000000 0.000000 3023b.dat
1 71 53.666600 -80.000000 3.666630 -1.000000 0.000000 0.000000 0.000000 1.000000 0.000000 0.000000 0.000000 -1.000000 18653.dat
1 71 -6.333400 -39.999990 3.666630 1.000000 0.000000 0.000000 0.000000 1.000000 0.000000 0.000000 0.000000 1.000000 3070b.dat
1 72 -66.333400 -80.000000 -16.333310 1.000000 0.000000 0.000000 0.000000 1.000000 0.000000 0.000000 0.000000 1.000000 3005.dat
1 71 -66.333460 -87.999980 -6.333310 0.000000 0.000000 -1.000000 0.000000 1.000000 0.000000 1.000000 0.000000 0.000000 3069b.dat
1 71 53.666560 -87.999980 -6.333310 0.000000 0.000000 -1.000000 0.000000 1.000000 0.000000 1.000000 0.000000 0.000000 3069b.dat
0 STEP
0 NOFILE
0 FILE SubModel Group 4 Copy 12
0 SubModel Group 4
0 Name: SubModel Group 4
0 Author: 
0 CustomBrick
0 FlexibleBrickControlPointUnitLength -1
0 FlexibleBrickLockedControlPoint 
0 NumOfBricks 13
1 71 59.999970 -40.000000 -1.769240 0.000000 0.000000 1.000000 0.000000 1.000000 0.000000 -1.000000 0.000000 0.000000 4286.dat
1 71 -60.000000 -40.000000 -1.769240 0.000000 0.000000 -1.000000 0.000000 1.000000 0.000000 1.000000 0.000000 0.000000 4286.dat
0 STEP
1 71 -9.999969 -8.000000 18.230790 1.000000 0.000000 0.000000 0.000000 1.000000 0.000000 0.000000 0.000000 1.000000 3666.dat
1 28 60.000000 -8.000000 8.230770 0.000000 0.000000 1.000000 0.000000 1.000000 0.000000 -1.000000 0.000000 0.000000 3023b.dat
1 71 10.000000 -16.000000 8.230770 1.000000 0.000000 0.000000 0.000000 1.000000 0.000000 0.000000 0.000000 1.000000 3795.dat
1 28 -59.999970 -16.000000 18.230790 1.000000 0.000000 0.000000 0.000000 1.000000 0.000000 0.000000 0.000000 1.000000 3024.dat
1 71 -60.000000 -64.000000 18.230780 1.000000 0.000000 0.000000 0.000000 1.000000 0.000000 0.000000 0.000000 1.000000 18653.dat
1 71 60.000000 -64.000000 18.230780 -1.000000 0.000000 0.000000 0.000000 1.000000 0.000000 0.000000 0.000000 -1.000000 18653.dat
1 71 0.000000 -24.000000 18.230780 1.000000 0.000000 0.000000 0.000000 1.000000 0.000000 0.000000 0.000000 1.000000 3070b.dat
1 72 59.999970 -64.000000 -1.769240 1.000000 0.000000 0.000000 0.000000 1.000000 0.000000 0.000000 0.000000 1.000000 3005.dat
1 72 -60.000000 -64.000000 -1.769240 1.000000 0.000000 0.000000 0.000000 1.000000 0.000000 0.000000 0.000000 1.000000 3005.dat
1 71 59.999940 -72.000000 8.230740 0.000000 0.000000 1.000000 0.000000 1.000000 0.000000 -1.000000 0.000000 0.000000 3069b.dat
1 71 -60.000030 -72.000000 8.230740 0.000000 0.000000 1.000000 0.000000 1.000000 0.000000 -1.000000 0.000000 0.000000 3069b.dat
0 STEP
0 NOFILE
0 FILE SubModel Group 3_Mirrored Copy 2
0 SubModel Group 3_Mirrored
0 Name: SubModel Group 3_Mirrored
0 Author: 
0 CustomBrick
0 FlexibleBrickControlPointUnitLength -1
0 FlexibleBrickLockedControlPoint 
0 NumOfBricks 12
1 19 9.999570 20.000000 -9.999969 -1.000000 0.000000 0.000000 0.000000 1.000000 0.000000 0.000000 0.000000 -1.000000 30414.dat
0 STEP
1 71 59.999940 -36.000010 9.999969 -1.000000 0.000000 0.000000 0.000000 1.000000 0.000000 0.000000 0.000000 -1.000000 18653.dat
1 72 -60.000060 -36.000000 -10.000030 1.000000 0.000000 0.000000 0.000000 1.000000 0.000000 0.000000 0.000000 1.000000 3005.dat
1 72 -60.000060 -12.000000 -10.000030 0.000000 0.000000 -1.000000 0.000000 1.000000 0.000000 1.000000 0.000000 0.000000 3040b.dat
1 72 59.999580 -12.000000 -9.999980 0.000000 0.000000 1.000000 0.000000 1.000000 0.000000 -1.000000 0.000000 0.000000 3040b.dat
1 71 9.999570 12.000000 0.000030 1.000000 0.000000 0.000000 0.000000 1.000000 0.000000 0.000000 0.000000 1.000000 3795.dat
1 28 -60.000060 12.000000 -0.000030 0.000000 0.000000 -1.000000 0.000000 1.000000 0.000000 1.000000 0.000000 0.000000 3023b.dat
1 72 -60.000060 -36.000010 9.999900 1.000000 0.000000 0.000000 0.000000 1.000000 0.000000 0.000000 0.000000 1.000000 18653.dat
1 71 -0.000060 4.000010 9.999909 1.000000 0.000000 0.000000 0.000000 1.000000 0.000000 0.000000 0.000000 1.000000 3070b.dat
1 72 59.999940 -36.000000 -10.000030 1.000000 0.000000 0.000000 0.000000 1.000000 0.000000 0.000000 0.000000 1.000000 3005.dat
1 72 60.000000 -43.999980 -0.000040 0.000000 0.000000 1.000000 0.000000 1.000000 0.000000 -1.000000 0.000000 0.000000 3069b.dat
1 72 -60.000000 -43.999980 -0.000040 0.000000 0.000000 1.000000 0.000000 1.000000 0.000000 -1.000000 0.000000 0.000000 3069b.dat
0 STEP
0 NOFILE
0 FILE SubModel Group 4_Mirrored Copy
0 SubModel Group 4_Mirrored
0 Name: SubModel Group 4_Mirrored
0 Author: 
0 CustomBrick
0 FlexibleBrickControlPointUnitLength -1
0 FlexibleBrickLockedControlPoint 
0 NumOfBricks 13
1 71 -60.000020 -4.000000 -10.000010 0.000000 0.000000 -1.000000 0.000000 1.000000 0.000000 1.000000 0.000000 0.000000 4286.dat
1 71 60.000000 -4.000000 -10.000010 0.000000 0.000000 1.000000 0.000000 1.000000 0.000000 -1.000000 0.000000 0.000000 4286.dat
0 STEP
1 71 9.999940 28.000000 10.000010 1.000000 0.000000 0.000000 0.000000 1.000000 0.000000 0.000000 0.000000 1.000000 3666.dat
1 28 -60.000060 28.000000 -0.000010 0.000000 0.000000 -1.000000 0.000000 1.000000 0.000000 1.000000 0.000000 0.000000 3023b.dat
1 71 -10.000060 20.000000 0.000000 1.000000 0.000000 0.000000 0.000000 1.000000 0.000000 0.000000 0.000000 1.000000 3795.dat
1 28 59.999940 20.000000 10.000010 1.000000 0.000000 0.000000 0.000000 1.000000 0.000000 0.000000 0.000000 1.000000 3024.dat
1 72 60.000000 -28.000000 10.000010 -1.000000 0.000000 0.000000 0.000000 1.000000 0.000000 0.000000 0.000000 -1.000000 18653.dat
1 72 -60.000070 -28.000010 10.000020 1.000000 0.000000 0.000000 0.000000 1.000000 0.000000 0.000000 0.000000 1.000000 18653.dat
1 72 -0.000070 12.000000 10.000000 1.000000 0.000000 0.000000 0.000000 1.000000 0.000000 0.000000 0.000000 1.000000 3070b.dat
1 72 -60.000020 -28.000000 -10.000000 1.000000 0.000000 0.000000 0.000000 1.000000 0.000000 0.000000 0.000000 1.000000 3005.dat
1 72 60.000000 -28.000010 -10.000000 1.000000 0.000000 0.000000 0.000000 1.000000 0.000000 0.000000 0.000000 1.000000 3005.dat
1 72 -59.999950 -36.000000 -0.000010 0.000000 0.000000 -1.000000 0.000000 1.000000 0.000000 1.000000 0.000000 0.000000 3069b.dat
1 72 59.999990 -36.000000 -0.000010 0.000000 0.000000 -1.000000 0.000000 1.000000 0.000000 1.000000 0.000000 0.000000 3069b.dat
0 STEP
0 NOFILE
0 FILE SubModel Group 3_Mirrored Copy Copy
0 SubModel Group 3_Mirrored Copy
0 Name: SubModel Group 3_Mirrored Copy
0 Author: 
0 CustomBrick
0 FlexibleBrickControlPointUnitLength -1
0 FlexibleBrickLockedControlPoint 
0 NumOfBricks 12
1 19 9.999630 19.999980 -9.999969 -1.000000 0.000000 0.000000 0.000000 1.000000 0.000000 0.000000 0.000000 -1.000000 30414.dat
0 STEP
1 72 60.000000 -36.000040 9.999960 -1.000000 0.000000 0.000000 0.000000 1.000000 0.000000 0.000000 0.000000 -1.000000 18653.dat
1 72 -60.000000 -36.000020 -10.000030 1.000000 0.000000 0.000000 0.000000 1.000000 0.000000 0.000000 0.000000 1.000000 3005.dat
1 72 -60.000000 -12.000020 -10.000030 0.000000 0.000000 -1.000000 0.000000 1.000000 0.000000 1.000000 0.000000 0.000000 3040b.dat
1 72 59.999640 -12.000020 -9.999969 0.000000 0.000000 1.000000 0.000000 1.000000 0.000000 -1.000000 0.000000 0.000000 3040b.dat
1 71 9.999630 11.999980 0.000030 1.000000 0.000000 0.000000 0.000000 1.000000 0.000000 0.000000 0.000000 1.000000 3795.dat
1 28 -60.000000 11.999980 -0.000030 0.000000 0.000000 -1.000000 0.000000 1.000000 0.000000 1.000000 0.000000 0.000000 3023b.dat
1 72 -60.000000 -36.000040 9.999900 1.000000 0.000000 0.000000 0.000000 1.000000 0.000000 0.000000 0.000000 1.000000 18653.dat
1 71 0.000000 3.999980 9.999909 1.000000 0.000000 0.000000 0.000000 1.000000 0.000000 0.000000 0.000000 1.000000 3070b.dat
1 72 60.000000 -36.000020 -10.000030 1.000000 0.000000 0.000000 0.000000 1.000000 0.000000 0.000000 0.000000 1.000000 3005.dat
1 72 60.000000 -44.000000 -0.000040 0.000000 0.000000 1.000000 0.000000 1.000000 0.000000 -1.000000 0.000000 0.000000 3069b.dat
1 72 -60.000000 -44.000000 -0.000040 0.000000 0.000000 1.000000 0.000000 1.000000 0.000000 -1.000000 0.000000 0.000000 3069b.dat
0 STEP
0 NOFILE
0 FILE SubModel Group 2_Mirrored_Mirrored
0 SubModel Group 2_Mirrored_Mirrored
0 Name: SubModel Group 2_Mirrored_Mirrored
0 Author: 
0 CustomBrick
0 FlexibleBrickControlPointUnitLength -1
0 FlexibleBrickLockedControlPoint 
0 NumOfBricks 13
1 72 59.999970 9.999990 -27.999990 -1.000000 0.000000 0.000000 0.000000 0.000000 1.000000 0.000000 1.000000 0.000000 18653.dat
1 72 -60.000030 -9.999969 -27.999980 -1.000000 0.000000 0.000000 0.000000 0.000000 1.000000 0.000000 1.000000 0.000000 3005.dat
1 72 -60.000030 -9.999969 -3.999980 0.000000 0.000000 -1.000000 -1.000000 0.000000 0.000000 0.000000 1.000000 0.000000 3040b.dat
1 72 59.999600 -9.999949 -3.999980 0.000000 0.000000 1.000000 1.000000 0.000000 0.000000 0.000000 1.000000 0.000000 3040b.dat
1 71 9.999969 0.000030 28.000010 -1.000000 0.000000 0.000000 0.000000 0.000000 1.000000 0.000000 1.000000 0.000000 3795.dat
1 28 -60.000030 0.000030 28.000010 0.000000 0.000000 -1.000000 -1.000000 0.000000 0.000000 0.000000 1.000000 0.000000 3023b.dat
1 71 -10.000030 -0.000010 20.000010 1.000000 0.000000 0.000000 0.000000 0.000000 -1.000000 0.000000 1.000000 0.000000 3795.dat
1 28 59.999970 -0.000020 20.000010 0.000000 0.000000 1.000000 1.000000 0.000000 0.000000 0.000000 1.000000 0.000000 3023b.dat
1 72 -60.000060 9.999980 -27.999990 1.000000 0.000000 0.000000 0.000000 0.000000 -1.000000 0.000000 1.000000 0.000000 18653.dat
1 72 -0.000030 9.999990 12.000010 -1.000000 0.000000 0.000000 0.000000 0.000000 1.000000 0.000000 1.000000 0.000000 3070b.dat
1 72 59.999970 -9.999969 -27.999980 -1.000000 0.000000 0.000000 0.000000 0.000000 1.000000 0.000000 1.000000 0.000000 3005.dat
1 72 60.000030 0.000020 -35.999990 0.000000 0.000000 1.000000 1.000000 0.000000 0.000000 0.000000 1.000000 0.000000 3069b.dat
1 72 -60.000000 0.000020 -35.999990 0.000000 0.000000 1.000000 1.000000 0.000000 0.000000 0.000000 1.000000 0.000000 3069b.dat
0 NOFILE
0 FILE SubModel Group 1 Copy 25
0 SubModel Group 1
0 Name: SubModel Group 1
0 Author: 
0 CustomBrick
0 FlexibleBrickControlPointUnitLength -1
0 FlexibleBrickLockedControlPoint 
0 NumOfBricks 14
1 0 -18.212140 -10.000000 20.000000 1.000000 0.000000 0.000000 0.000000 1.000000 0.000000 0.000000 0.000000 1.000000 3705.dat
1 71 -28.212140 -10.000010 -20.000020 1.000000 0.000000 0.000000 0.000000 1.000000 0.000000 0.000000 0.000000 1.000000 32073.dat
1 71 -7.772140 -10.000000 0.000000 1.000000 0.000000 0.000000 0.000000 1.000000 0.000000 0.000000 0.000000 1.000000 32073.dat
1 72 52.227860 -10.000000 0.000000 0.000000 0.000000 1.000000 1.000000 0.000000 0.000000 0.000000 1.000000 0.000000 32013.dat
1 72 -88.212150 -10.000010 -20.000020 0.000000 0.000000 -1.000000 -1.000000 0.000000 0.000000 0.000000 1.000000 0.000000 32013.dat
1 179 -28.782140 -10.000000 20.000000 1.000000 0.000000 0.000000 0.000000 1.000000 0.000000 0.000000 0.000000 1.000000 62462.dat
1 179 -28.342140 -10.000000 0.000000 1.000000 0.000000 0.000000 0.000000 1.000000 0.000000 0.000000 0.000000 1.000000 62462.dat
1 179 -28.782140 -10.000010 -20.000020 1.000000 0.000000 0.000000 0.000000 1.000000 0.000000 0.000000 0.000000 1.000000 62462.dat
1 71 6.787860 -10.000000 19.999980 0.000000 0.000000 1.000000 0.000000 1.000000 0.000000 -1.000000 0.000000 0.000000 32123a.dat
1 71 6.147860 -10.000000 -0.000020 0.000000 0.000000 1.000000 0.000000 1.000000 0.000000 -1.000000 0.000000 0.000000 32123a.dat
1 71 6.787860 -10.000010 -20.000030 0.000000 0.000000 1.000000 0.000000 1.000000 0.000000 -1.000000 0.000000 0.000000 32123a.dat
1 72 16.787860 -10.000000 20.000000 0.000000 1.000000 0.000000 1.000000 0.000000 0.000000 0.000000 0.000000 -1.000000 6632.dat
1 72 -3.212140 -10.000010 -20.000020 0.000000 -1.000000 0.000000 1.000000 0.000000 0.000000 0.000000 0.000000 1.000000 6632.dat
1 72 -53.212140 -10.000010 20.000000 0.000000 1.000000 0.000000 1.000000 0.000000 0.000000 0.000000 0.000000 -1.000000 6632.dat
0 NOFILE
0 FILE SubModel Group 6 Copy 6
0 SubModel Group 6
0 Name: SubModel Group 6
0 Author: 
0 CustomBrick
0 FlexibleBrickControlPointUnitLength -1
0 FlexibleBrickLockedControlPoint 
0 NumOfBricks 4
1 71 -31.500000 -7.447970 -6.142520 1.000000 0.000000 0.000000 0.000000 0.000000 1.000000 0.000000 -1.000000 0.000000 87994.dat
1 71 -25.500000 -7.447950 5.857480 1.000000 0.000000 0.000000 0.000000 1.000000 0.000000 0.000000 0.000000 1.000000 30162.dat
1 72 0.499980 -9.447949 4.427490 0.000000 0.000000 1.000000 0.000000 1.000000 0.000000 -1.000000 0.000000 0.000000 61252.dat
1 71 -7.500000 -7.447950 -16.142460 0.000000 1.000000 0.000000 -1.000000 0.000000 0.000000 0.000000 0.000000 1.000000 60849.dat
0 NOFILE
0 FILE SubModel Group 6_Mirrored Copy
0 SubModel Group 6_Mirrored
0 Name: SubModel Group 6_Mirrored
0 Author: 
0 CustomBrick
0 FlexibleBrickControlPointUnitLength -1
0 FlexibleBrickLockedControlPoint 
0 NumOfBricks 4
1 71 18.000060 -0.000030 18.999840 1.000000 0.000000 0.000000 0.000000 0.000000 1.000000 0.000000 -1.000000 0.000000 87994.dat
1 71 12.000040 0.000000 30.999930 1.000000 0.000000 0.000000 0.000000 1.000000 0.000000 0.000000 0.000000 1.000000 30162.dat
1 72 -13.999960 -2.000000 29.569940 0.000000 0.000000 -1.000000 0.000000 1.000000 0.000000 1.000000 0.000000 0.000000 61252.dat
1 71 -5.999960 -0.000030 8.999940 0.000000 -1.000000 0.000000 1.000000 0.000000 0.000000 0.000000 0.000000 1.000000 60849.dat
0 NOFILE
0 FILE SubModel Group 5 Copy 7
0 SubModel Group 5
0 Name: SubModel Group 5
0 Author: 
0 CustomBrick
0 FlexibleBrickControlPointUnitLength -1
0 FlexibleBrickLockedControlPoint 
0 NumOfBricks 3
1 71 0.000000 -9.000020 -24.380000 1.000000 0.000000 0.000000 0.000000 0.000000 1.000000 0.000000 -1.000000 0.000000 3957b.dat
1 71 0.000020 -9.000020 -24.380130 0.000000 0.000000 -1.000000 0.000000 1.000000 0.000000 1.000000 0.000000 0.000000 4274.dat
1 71 0.000000 -8.999990 61.460000 1.000000 0.000000 0.000000 0.000000 1.000000 0.000000 0.000000 0.000000 1.000000 32123a.dat
0 NOFILE
0 FILE SubModel Group 2 Copy 18
0 SubModel Group 2
0 Name: SubModel Group 2
0 Author: 
0 CustomBrick
0 FlexibleBrickControlPointUnitLength -1
0 FlexibleBrickLockedControlPoint 
0 NumOfBricks 31
1 4 0.000000 -24.000000 38.032260 1.000000 0.000000 0.000000 0.000000 1.000000 0.000000 0.000000 0.000000 1.000000 3894.dat
1 19 20.000030 -24.000000 68.032230 0.000000 0.000000 1.000000 0.000000 1.000000 0.000000 -1.000000 0.000000 0.000000 6232.dat
1 19 -19.999970 -24.000000 68.032230 0.000000 0.000000 1.000000 0.000000 1.000000 0.000000 -1.000000 0.000000 0.000000 6232.dat
1 71 0.000030 -32.000000 68.032230 1.000000 0.000000 0.000000 0.000000 1.000000 0.000000 0.000000 0.000000 1.000000 3020.dat
1 14 40.000000 -32.000000 38.032260 1.000000 0.000000 0.000000 0.000000 1.000000 0.000000 0.000000 0.000000 1.000000 63868.dat
1 14 -40.000000 -32.000000 38.032260 -1.000000 0.000000 0.000000 0.000000 1.000000 0.000000 0.000000 0.000000 -1.000000 63868.dat
1 28 0.000000 -32.000000 38.032260 1.000000 0.000000 0.000000 0.000000 1.000000 0.000000 0.000000 0.000000 1.000000 3023b.dat
1 71 0.000030 -40.000000 28.032230 0.000000 0.000000 -1.000000 0.000000 1.000000 0.000000 1.000000 0.000000 0.000000 3795.dat
1 28 40.000000 -40.000000 38.032260 1.000000 0.000000 0.000000 0.000000 1.000000 0.000000 0.000000 0.000000 1.000000 3023b.dat
1 28 -40.000000 -40.000000 38.032260 1.000000 0.000000 0.000000 0.000000 1.000000 0.000000 0.000000 0.000000 1.000000 3023b.dat
1 28 30.000060 -40.000000 68.032200 0.000000 0.000000 -1.000000 0.000000 1.000000 0.000000 1.000000 0.000000 0.000000 3023b.dat
1 28 -29.999940 -40.000000 68.032160 0.000000 0.000000 -1.000000 0.000000 1.000000 0.000000 1.000000 0.000000 0.000000 3023b.dat
1 19 0.000000 -48.000000 48.032260 1.000000 0.000000 0.000000 0.000000 1.000000 0.000000 0.000000 0.000000 1.000000 3032.dat
1 72 0.000030 -48.000000 -11.967770 1.000000 0.000000 0.000000 0.000000 1.000000 0.000000 0.000000 0.000000 1.000000 3034.dat
1 71 0.000000 -56.000000 68.032260 1.000000 0.000000 0.000000 0.000000 1.000000 0.000000 0.000000 0.000000 1.000000 3020.dat
1 72 0.000000 -56.000000 38.032260 1.000000 0.000000 0.000000 0.000000 1.000000 0.000000 0.000000 0.000000 1.000000 3710.dat
1 71 30.000000 -72.000000 18.032260 1.000000 0.000000 0.000000 0.000000 1.000000 0.000000 0.000000 0.000000 1.000000 3038.dat
1 71 -29.999970 -72.000000 18.032230 1.000000 0.000000 0.000000 0.000000 1.000000 0.000000 0.000000 0.000000 1.000000 3038.dat
1 71 -59.999970 -56.000000 -51.967780 1.000000 0.000000 0.000000 0.000000 1.000000 0.000000 0.000000 0.000000 1.000000 30503.dat
1 71 60.000030 -56.000000 -51.967800 0.000000 0.000000 1.000000 0.000000 1.000000 0.000000 -1.000000 0.000000 0.000000 30503.dat
1 28 0.000030 -56.000000 -21.967780 1.000000 0.000000 0.000000 0.000000 1.000000 0.000000 0.000000 0.000000 1.000000 3023b.dat
1 71 70.000030 -48.000000 -1.967770 1.000000 0.000000 0.000000 0.000000 1.000000 0.000000 0.000000 0.000000 1.000000 54200.dat
1 71 -69.999970 -48.000000 -1.967770 1.000000 0.000000 0.000000 0.000000 1.000000 0.000000 0.000000 0.000000 1.000000 54200.dat
1 71 0.000030 -64.000000 -31.967800 1.000000 0.000000 0.000000 0.000000 1.000000 0.000000 0.000000 0.000000 1.000000 87079.dat
1 71 0.000000 -80.000000 18.032260 1.000000 0.000000 0.000000 0.000000 1.000000 0.000000 0.000000 0.000000 1.000000 3069b.dat
1 71 -69.999940 -64.000000 -51.967780 0.000000 0.000000 1.000000 0.000000 1.000000 0.000000 -1.000000 0.000000 0.000000 43722b.dat
1 71 70.000030 -64.000000 -51.967840 0.000000 0.000000 -1.000000 0.000000 1.000000 0.000000 1.000000 0.000000 0.000000 43723b.dat
1 71 -89.999940 -80.000000 -61.967780 1.000000 0.000000 0.000000 0.000000 1.000000 0.000000 0.000000 0.000000 1.000000 98138.dat
1 71 90.000030 -80.000000 -61.967840 1.000000 0.000000 0.000000 0.000000 1.000000 0.000000 0.000000 0.000000 1.000000 98138.dat
1 71 90.000030 -72.000000 -61.967840 1.000000 0.000000 0.000000 0.000000 1.000000 0.000000 0.000000 0.000000 1.000000 85861.dat
1 71 -89.999940 -72.000000 -61.967780 1.000000 0.000000 0.000000 0.000000 1.000000 0.000000 0.000000 0.000000 1.000000 85861.dat
0 NOFILE
0 FILE SubModel Group 1 Copy 27
0 SubModel Group 1
0 Name: SubModel Group 1
0 Author: 
0 CustomBrick
0 FlexibleBrickControlPointUnitLength -1
0 FlexibleBrickLockedControlPoint 
0 NumOfBricks 26
1 71 0.000090 -31.999950 -26.461550 1.000000 0.000000 0.000000 0.000000 1.000000 0.000000 0.000000 0.000000 1.000000 6179.dat
1 72 30.000090 -23.999950 -26.461550 0.000000 0.000000 1.000000 0.000000 1.000000 0.000000 -1.000000 0.000000 0.000000 3460.dat
1 19 0.000120 -23.999950 -26.461560 0.000000 0.000000 1.000000 0.000000 1.000000 0.000000 -1.000000 0.000000 0.000000 91988.dat
1 71 -29.999850 -23.999950 -126.461500 0.000000 0.000000 1.000000 0.000000 1.000000 0.000000 -1.000000 0.000000 0.000000 4477.dat
1 71 -29.999820 -23.999950 73.538480 0.000000 0.000000 1.000000 0.000000 1.000000 0.000000 -1.000000 0.000000 0.000000 4477.dat
1 71 0.000120 -31.999950 -106.461600 1.000000 0.000000 0.000000 0.000000 1.000000 0.000000 0.000000 0.000000 1.000000 6179.dat
1 71 0.000150 -31.999950 -186.461500 1.000000 0.000000 0.000000 0.000000 1.000000 0.000000 0.000000 0.000000 1.000000 6179.dat
1 71 0.000090 -31.999950 53.538460 1.000000 0.000000 0.000000 0.000000 1.000000 0.000000 0.000000 0.000000 1.000000 6179.dat
1 71 0.000060 -31.999950 133.538400 1.000000 0.000000 0.000000 0.000000 1.000000 0.000000 0.000000 0.000000 1.000000 3031.dat
1 71 0.000150 -39.999950 -156.461500 1.000000 0.000000 0.000000 0.000000 1.000000 0.000000 0.000000 0.000000 1.000000 2431.dat
1 71 0.000090 -39.999950 3.538450 1.000000 0.000000 0.000000 0.000000 1.000000 0.000000 0.000000 0.000000 1.000000 2431.dat
1 71 0.000090 -39.999950 83.538460 1.000000 0.000000 0.000000 0.000000 1.000000 0.000000 0.000000 0.000000 1.000000 2431.dat
1 71 -19.999880 -39.999950 -76.461560 1.000000 0.000000 0.000000 0.000000 1.000000 0.000000 0.000000 0.000000 1.000000 3069b.dat
1 71 -29.999880 -39.999950 133.538500 0.000000 0.000000 1.000000 0.000000 1.000000 0.000000 -1.000000 0.000000 0.000000 2431.dat
1 71 -9.999940 -39.999950 113.538400 0.000000 0.000000 1.000000 0.000000 1.000000 0.000000 -1.000000 0.000000 0.000000 2412b.dat
1 71 -9.999940 -39.999950 153.538500 0.000000 0.000000 1.000000 0.000000 1.000000 0.000000 -1.000000 0.000000 0.000000 2412b.dat
1 71 10.000060 -39.999950 113.538400 0.000000 0.000000 1.000000 0.000000 1.000000 0.000000 -1.000000 0.000000 0.000000 2412b.dat
1 71 10.000090 -39.999950 153.538400 0.000000 0.000000 1.000000 0.000000 1.000000 0.000000 -1.000000 0.000000 0.000000 2412b.dat
1 71 40.000030 -39.999960 133.538400 1.000000 0.000000 0.000000 0.000000 1.000000 0.000000 0.000000 0.000000 1.000000 41770b.dat
1 320 10.000180 -23.999950 -216.461500 1.000000 0.000000 0.000000 0.000000 1.000000 0.000000 0.000000 0.000000 1.000000 3623.dat
1 320 10.000060 -23.999950 163.538400 1.000000 0.000000 0.000000 0.000000 1.000000 0.000000 0.000000 0.000000 1.000000 3623.dat
1 15 10.000120 -5.999950 133.538400 0.000000 -1.000000 0.000000 0.000000 0.000000 1.000000 -1.000000 0.000000 0.000000 30166.dat
1 15 10.000210 -5.999950 -186.461500 0.000000 -1.000000 0.000000 0.000000 0.000000 1.000000 -1.000000 0.000000 0.000000 30166.dat
1 4 -9.999849 -15.999950 -186.461500 0.000000 0.000000 -1.000000 0.000000 1.000000 0.000000 1.000000 0.000000 0.000000 92593.dat
1 4 -9.999909 -15.999950 133.538400 0.000000 0.000000 -1.000000 0.000000 1.000000 0.000000 1.000000 0.000000 0.000000 92593.dat
1 71 20.000150 -39.999960 -76.461580 0.000000 0.000000 -1.000000 0.000000 1.000000 0.000000 1.000000 0.000000 0.000000 92946.dat
0 NOFILE
0 FILE SubModel Group 1_Mirrored Copy 4
0 SubModel Group 1_Mirrored
0 Name: SubModel Group 1_Mirrored
0 Author: 
0 CustomBrick
0 FlexibleBrickControlPointUnitLength -1
0 FlexibleBrickLockedControlPoint 
0 NumOfBricks 26
1 71 9.624889 -3.999960 -0.000030 1.000000 0.000000 0.000000 0.000000 1.000000 0.000000 0.000000 0.000000 1.000000 6179.dat
1 72 -20.374910 3.999980 -0.000030 0.000000 0.000000 -1.000000 0.000000 1.000000 0.000000 1.000000 0.000000 0.000000 3460.dat
1 19 9.624860 3.999990 -0.000040 0.000000 0.000000 -1.000000 0.000000 1.000000 0.000000 1.000000 0.000000 0.000000 91988.dat
1 71 39.624620 3.999970 -100.000000 0.000000 0.000000 -1.000000 0.000000 1.000000 0.000000 1.000000 0.000000 0.000000 4477.dat
1 71 39.624590 3.999970 100.000000 0.000000 0.000000 -1.000000 0.000000 1.000000 0.000000 1.000000 0.000000 0.000000 4477.dat
1 71 9.624860 -3.999970 -80.000060 1.000000 0.000000 0.000000 0.000000 1.000000 0.000000 0.000000 0.000000 1.000000 6179.dat
1 71 9.624820 -3.999970 -160.000000 1.000000 0.000000 0.000000 0.000000 1.000000 0.000000 0.000000 0.000000 1.000000 6179.dat
1 71 9.624889 -3.999960 79.999970 1.000000 0.000000 0.000000 0.000000 1.000000 0.000000 0.000000 0.000000 1.000000 6179.dat
1 71 9.624909 -3.999980 160.000000 1.000000 0.000000 0.000000 0.000000 1.000000 0.000000 0.000000 0.000000 1.000000 3031.dat
1 72 9.624820 -11.999930 -130.000000 1.000000 0.000000 0.000000 0.000000 1.000000 0.000000 0.000000 0.000000 1.000000 2431.dat
1 71 9.624880 -11.999940 29.999970 1.000000 0.000000 0.000000 0.000000 1.000000 0.000000 0.000000 0.000000 1.000000 2431.dat
1 71 9.624889 -11.999920 110.000000 1.000000 0.000000 0.000000 0.000000 1.000000 0.000000 0.000000 0.000000 1.000000 2431.dat
1 71 29.624720 -11.999920 -50.000040 1.000000 0.000000 0.000000 0.000000 1.000000 0.000000 0.000000 0.000000 1.000000 3069b.dat
1 71 39.624660 -11.999930 160.000000 0.000000 0.000000 -1.000000 0.000000 1.000000 0.000000 1.000000 0.000000 0.000000 2431.dat
1 71 19.624850 -11.999940 140.000000 0.000000 0.000000 -1.000000 0.000000 1.000000 0.000000 1.000000 0.000000 0.000000 2412b.dat
1 71 19.624850 -11.999940 180.000000 0.000000 0.000000 -1.000000 0.000000 1.000000 0.000000 1.000000 0.000000 0.000000 2412b.dat
1 71 -0.375010 -11.999920 140.000000 0.000000 0.000000 -1.000000 0.000000 1.000000 0.000000 1.000000 0.000000 0.000000 2412b.dat
1 71 -0.375050 -11.999920 179.999900 0.000000 0.000000 -1.000000 0.000000 1.000000 0.000000 1.000000 0.000000 0.000000 2412b.dat
1 71 -30.374780 -11.999900 160.000000 1.000000 0.000000 0.000000 0.000000 1.000000 0.000000 0.000000 0.000000 1.000000 41769b.dat
1 320 -0.375130 3.999980 -190.000000 1.000000 0.000000 0.000000 0.000000 1.000000 0.000000 0.000000 0.000000 1.000000 3623.dat
1 320 -0.375010 3.999990 189.999900 1.000000 0.000000 0.000000 0.000000 1.000000 0.000000 0.000000 0.000000 1.000000 3623.dat
1 15 -0.375080 21.999920 160.000000 0.000000 1.000000 0.000000 0.000000 0.000000 1.000000 1.000000 0.000000 0.000000 30166.dat
1 15 -0.375170 21.999910 -160.000000 0.000000 1.000000 0.000000 0.000000 0.000000 1.000000 1.000000 0.000000 0.000000 30166.dat
1 4 19.624760 11.999920 -160.000000 0.000000 0.000000 1.000000 0.000000 1.000000 0.000000 -1.000000 0.000000 0.000000 92593.dat
1 4 19.624820 11.999920 160.000000 0.000000 0.000000 1.000000 0.000000 1.000000 0.000000 -1.000000 0.000000 0.000000 92593.dat
1 71 -10.375040 -11.999880 -50.000060 0.000000 0.000000 1.000000 0.000000 1.000000 0.000000 -1.000000 0.000000 0.000000 92946.dat
0 NOFILE
0 FILE SubModel Group 95
0 SubModel Group 95
0 Name: SubModel Group 95
0 Author: 
0 CustomBrick
0 FlexibleBrickControlPointUnitLength -1
0 FlexibleBrickLockedControlPoint 
0 NumOfBricks 1922
1 16 -532.160000 0.000000 -10.248660 1.000000 0.000000 0.000000 0.000000 1.000000 0.000000 0.000000 0.000000 1.000000 submodel group 57
0 STEP
1 16 -42.039620 -368.788300 458.086900 0.000000 0.000000 -1.000000 0.000000 1.000000 0.000000 1.000000 0.000000 0.000000 234_
1 16 -22.039610 -368.788300 -281.912300 0.000000 0.000000 1.000000 0.000000 1.000000 0.000000 -1.000000 0.000000 0.000000 242
1 16 -132.039700 -275.178300 -13.388120 0.000000 0.000000 1.000000 0.000000 1.000000 0.000000 -1.000000 0.000000 0.000000 submodel group 88
1 16 333.960500 -229.788300 -61.913240 1.000000 0.000000 0.000000 0.000000 1.000000 0.000000 0.000000 0.000000 1.000000 submodel group 89
1 16 333.960400 -229.788300 258.086900 1.000000 0.000000 0.000000 0.000000 1.000000 0.000000 0.000000 0.000000 1.000000 submodel group 90
1 16 117.960500 -217.262400 -78.503120 1.000000 0.000000 0.000000 0.000000 1.000000 0.000000 0.000000 0.000000 1.000000 250
1 16 -90.483980 -344.788200 -71.913120 1.000000 0.000000 0.000000 0.000000 1.000000 0.000000 0.000000 0.000000 1.000000 submodel group 91
1 16 107.960600 -344.788200 46.531190 0.000000 0.000000 1.000000 0.000000 1.000000 0.000000 -1.000000 0.000000 0.000000 submodel group 91
1 16 -4.039640 -344.788200 38.086860 0.000000 0.000000 -1.000000 0.000000 1.000000 0.000000 1.000000 0.000000 0.000000 submodel group 94
1 16 -82.039460 -344.788300 -183.913200 -1.000000 0.000000 0.000000 0.000000 1.000000 0.000000 0.000000 0.000000 -1.000000 submodel group 94
0 STEP
0 NOFILE
0 FILE SubModel Group 96
0 SubModel Group 96
0 Name: SubModel Group 96
0 Author: 
0 CustomBrick
0 FlexibleBrickControlPointUnitLength -1
0 FlexibleBrickLockedControlPoint 
0 NumOfBricks 11
1 72 10.000000 -32.000000 -9.909120 -1.000000 0.000000 0.000000 0.000000 1.000000 0.000000 0.000000 0.000000 -1.000000 4070.dat
1 72 -10.000000 -32.000000 -9.909120 -1.000000 0.000000 0.000000 0.000000 1.000000 0.000000 0.000000 0.000000 -1.000000 4070.dat
1 71 0.000000 -8.000000 -9.909120 1.000000 0.000000 0.000000 0.000000 1.000000 0.000000 0.000000 0.000000 1.000000 3023b.dat
1 71 0.000000 -40.000000 -9.909120 1.000000 0.000000 0.000000 0.000000 1.000000 0.000000 0.000000 0.000000 1.000000 3023b.dat
1 71 0.000000 -64.000000 -9.909120 -1.000000 0.000000 0.000000 0.000000 1.000000 0.000000 0.000000 0.000000 -1.000000 11211.dat
1 71 0.000000 -88.000000 -9.909120 1.000000 0.000000 0.000000 0.000000 1.000000 0.000000 0.000000 0.000000 1.000000 3700.dat
1 71 0.000000 -88.000000 -9.909120 1.000000 0.000000 0.000000 0.000000 1.000000 0.000000 0.000000 0.000000 1.000000 85984.dat
1 0 0.000000 -78.000000 0.090820 0.000000 0.000000 1.000000 0.000000 1.000000 0.000000 -1.000000 0.000000 0.000000 4459.dat
1 19 0.000020 -54.000020 0.090880 -1.000000 0.000000 0.000000 0.000000 0.000000 -1.000000 0.000000 -1.000000 0.000000 85984.dat
1 19 0.000000 -21.999970 4.090820 1.000000 0.000000 0.000000 0.000000 0.000000 1.000000 0.000000 -1.000000 0.000000 3069b.dat
1 71 0.000000 -68.000000 10.090820 -1.000000 0.000000 0.000000 0.000000 -1.000000 0.000000 0.000000 0.000000 1.000000 3700.dat
0 NOFILE
0 FILE SubModel Group 97
0 SubModel Group 97
0 Name: SubModel Group 97
0 Author: 
0 CustomBrick
0 FlexibleBrickControlPointUnitLength -1
0 FlexibleBrickLockedControlPoint 
0 NumOfBricks 5
1 71 0.000000 -24.000000 8.000000 1.000000 0.000000 0.000000 0.000000 1.000000 0.000000 0.000000 0.000000 1.000000 11211.dat
1 71 0.000000 -48.000000 8.000000 1.000000 0.000000 0.000000 0.000000 1.000000 0.000000 0.000000 0.000000 1.000000 3700.dat
1 71 0.000000 -48.000000 8.000060 -1.000000 0.000000 0.000000 0.000000 1.000000 0.000000 0.000000 0.000000 -1.000000 85984.dat
1 0 0.000000 -38.000000 -2.000000 0.000000 0.000000 -1.000000 0.000000 1.000000 0.000000 1.000000 0.000000 0.000000 4459.dat
1 19 0.000000 -14.000030 -2.000000 1.000000 0.000000 0.000000 0.000000 0.000000 -1.000000 0.000000 1.000000 0.000000 85984.dat
0 NOFILE
0 FILE SubModel Group 98
0 SubModel Group 98
0 Name: SubModel Group 98
0 Author: 
0 CustomBrick
0 FlexibleBrickControlPointUnitLength -1
0 FlexibleBrickLockedControlPoint 
0 NumOfBricks 5
1 71 -20.000000 -8.000000 0.000000 1.000000 0.000000 0.000000 0.000000 1.000000 0.000000 0.000000 0.000000 1.000000 11203.dat
1 71 20.000000 -8.000000 0.000000 1.000000 0.000000 0.000000 0.000000 1.000000 0.000000 0.000000 0.000000 1.000000 11203.dat
1 71 0.000000 -16.000000 10.000000 1.000000 0.000000 0.000000 0.000000 1.000000 0.000000 0.000000 0.000000 1.000000 15573.dat
1 71 0.000000 -16.000000 -10.000000 1.000000 0.000000 0.000000 0.000000 1.000000 0.000000 0.000000 0.000000 1.000000 15573.dat
1 19 0.000030 -24.000000 -0.000030 0.000000 0.000000 1.000000 0.000000 1.000000 0.000000 -1.000000 0.000000 0.000000 3069b.dat
0 NOFILE
0 FILE SubModel Group 99
0 SubModel Group 99
0 Name: SubModel Group 99
0 Author: 
0 CustomBrick
0 FlexibleBrickControlPointUnitLength -1
0 FlexibleBrickLockedControlPoint 
0 NumOfBricks 5
1 71 -20.000000 -8.000000 0.000000 1.000000 0.000000 0.000000 0.000000 1.000000 0.000000 0.000000 0.000000 1.000000 11203.dat
1 71 20.000000 -8.000000 0.000000 1.000000 0.000000 0.000000 0.000000 1.000000 0.000000 0.000000 0.000000 1.000000 11203.dat
1 71 0.000000 -16.000000 0.000000 1.000000 0.000000 0.000000 0.000000 1.000000 0.000000 0.000000 0.000000 1.000000 3022.dat
1 19 -9.999969 -16.000000 0.000000 0.000000 0.000000 -1.000000 0.000000 1.000000 0.000000 1.000000 0.000000 0.000000 85984.dat
1 19 10.000000 -16.000000 0.000000 0.000000 0.000000 1.000000 0.000000 1.000000 0.000000 -1.000000 0.000000 0.000000 85984.dat
0 NOFILE
0 FILE 288
0 288
0 Name: 288
0 Author: 
0 CustomBrick
0 FlexibleBrickControlPointUnitLength -1
0 FlexibleBrickLockedControlPoint 
0 NumOfBricks 45
1 16 -78.482170 -2.444480 -77.523850 1.000000 0.000000 0.000000 0.000000 1.000000 0.000000 0.000000 0.000000 1.000000 submodel group 4 copy 4
0 NOFILE
0 FILE 299
0 299
0 Name: 299
0 Author: 
0 CustomBrick
0 FlexibleBrickControlPointUnitLength -1
0 FlexibleBrickLockedControlPoint 
0 NumOfBricks 30
1 16 -211.039500 -119.121000 8.204430 0.342021 0.939695 0.000000 0.939695 -0.342021 0.000000 0.000000 0.000000 -1.000000 submodel group 3 copy 6
1 16 -24.375010 -101.772600 48.516980 1.000000 0.000000 0.000000 0.000000 -1.000000 0.000000 0.000000 0.000000 -1.000000 submodel group 4 copy 5
0 NOFILE
0 FILE 299_Mirrored
0 299_Mirrored
0 Name: 299_Mirrored
0 Author: 
0 CustomBrick
0 FlexibleBrickControlPointUnitLength -1
0 FlexibleBrickLockedControlPoint 
0 NumOfBricks 30
1 16 159.872400 -64.386170 0.000000 0.358368 -0.933582 0.000000 -0.933582 -0.358368 0.000000 0.000000 0.000000 -1.000000 submodel group 3 copy 6_mirrored
1 16 -82.985080 0.000000 0.000000 1.000000 0.000000 0.000000 0.000000 -1.000000 0.000000 0.000000 0.000000 -1.000000 submodel group 4 copy 5_mirrored
0 NOFILE
0 FILE 317_
0 317_
0 Name: 317_
0 Author: 
0 CustomBrick
0 FlexibleBrickControlPointUnitLength -1
0 FlexibleBrickLockedControlPoint 
0 NumOfBricks 44
1 16 60.000000 0.000000 -29.909090 1.000000 0.000000 0.000000 0.000000 1.000000 0.000000 0.000000 0.000000 1.000000 submodel group 1 copy 8
0 NOFILE
0 FILE 328
0 328
0 Name: 328
0 Author: 
0 CustomBrick
0 FlexibleBrickControlPointUnitLength -1
0 FlexibleBrickLockedControlPoint 
0 NumOfBricks 170
0 STEP
0 STEP
1 16 19.951280 -76.000040 -78.422480 0.000000 0.000000 1.000000 0.000000 -1.000000 0.000000 1.000000 0.000000 0.000000 submodel group 4 copy 10
1 16 -10.259610 13.352590 180.945800 1.000000 0.000000 0.000000 0.000000 0.997563 0.069756 0.000000 -0.069756 0.997563 submodel group 5 copy 8
0 STEP
0 STEP
1 16 -29.500040 -33.360020 -374.883500 -1.000000 0.000000 0.000000 0.000000 0.997563 0.069756 0.000000 0.069756 -0.997563 submodel group 5_mirrored copy 4
0 STEP
0 STEP
0 NOFILE
0 FILE SubModel Group 104
0 SubModel Group 104
0 Name: SubModel Group 104
0 Author: 
0 CustomBrick
0 FlexibleBrickControlPointUnitLength -1
0 FlexibleBrickLockedControlPoint 
0 NumOfBricks 107
1 16 62.268310 -310.007500 63.464290 0.999994 0.000000 0.000001 0.000001 0.000000 -1.000000 0.000000 0.999994 0.000000 submodel group 100
0 STEP
1 16 -75.514000 -310.015100 -27.847760 0.937282 -0.348572 0.000001 0.000001 0.000001 -1.000000 0.348572 0.937282 0.000001 submodel group 102
0 STEP
0 NOFILE
0 FILE SubModel Group 104_Mirrored
0 SubModel Group 104_Mirrored
0 Name: SubModel Group 104_Mirrored
0 Author: 
0 CustomBrick
0 FlexibleBrickControlPointUnitLength -1
0 FlexibleBrickLockedControlPoint 
0 NumOfBricks 107
1 16 0.000020 0.000020 -0.000030 1.000000 0.000000 -0.000001 -0.000001 0.000000 -1.000000 0.000000 1.000000 0.000000 submodel group 100_mirrored
0 STEP
1 16 -12.944800 -140.007500 148.217500 0.937282 0.348572 -0.000001 -0.000001 0.000001 -1.000000 -0.348572 0.937282 0.000001 submodel group 102_mirrored
0 STEP
0 NOFILE
0 FILE SubModel Group 111_Mirrored
0 SubModel Group 111_Mirrored
0 Name: SubModel Group 111_Mirrored
0 Author: 
0 CustomBrick
0 FlexibleBrickControlPointUnitLength -1
0 FlexibleBrickLockedControlPoint 
0 NumOfBricks 11
1 71 -20.000530 27.999040 -6.001090 1.000000 0.000000 0.000000 0.000000 1.000000 0.000016 0.000000 -0.000016 1.000000 2430.dat
0 STEP
1 43 0.000090 11.998880 3.999230 1.000000 -0.000035 0.000000 0.000035 1.000000 0.000016 0.000000 -0.000016 1.000000 3023.dat
1 43 0.000560 3.998880 4.000060 1.000000 -0.000035 0.000000 0.000035 1.000000 0.000016 0.000000 -0.000016 1.000000 3023.dat
1 43 -0.000300 19.998890 3.998960 1.000000 -0.000036 0.000001 0.000036 1.000000 0.000016 -0.000001 -0.000016 1.000000 3023.dat
0 STEP
1 71 20.000430 -4.000870 -5.999700 1.000000 -0.000002 0.000001 0.000002 1.000000 0.000016 -0.000001 -0.000016 1.000000 2429.dat
0 STEP
1 43 0.000760 -12.001120 4.000490 1.000000 -0.000035 0.000000 0.000035 1.000000 0.000016 0.000000 -0.000016 1.000000 3023.dat
1 43 0.000950 -20.001120 4.000560 1.000000 -0.000035 0.000000 0.000035 1.000000 0.000016 0.000000 -0.000016 1.000000 3023.dat
1 43 0.001600 -27.999610 4.000970 1.000000 -0.000036 0.000001 0.000036 1.000000 0.000016 -0.000001 -0.000016 1.000000 3023.dat
0 STEP
1 71 -19.998340 -36.000160 -5.998940 1.000000 0.000000 0.000000 0.000000 1.000000 0.000016 0.000000 -0.000016 1.000000 2430.dat
0 STEP
1 71 0.001640 -43.999920 4.001210 1.000000 0.000004 0.000001 -0.000004 1.000000 0.000016 -0.000001 -0.000016 1.000000 3069b.dat
1 71 -0.000400 35.999480 3.998780 1.000000 0.000025 0.000001 -0.000025 1.000000 0.000016 -0.000001 -0.000016 1.000000 3023.dat
0 STEP
0 NOFILE
0 FILE SubModel Group 14 Copy 2
0 SubModel Group 14
0 Name: SubModel Group 14
0 Author: 
0 CustomBrick
0 FlexibleBrickControlPointUnitLength -1
0 FlexibleBrickLockedControlPoint 
0 NumOfBricks 67
1 16 32.938400 -0.000010 -46.336760 0.000000 0.000000 1.000001 0.000000 1.000000 0.000000 -1.000001 0.000000 0.000000 submodel group 7 copy 3
0 STEP
1 16 -17.225580 -30.001130 9.552139 0.000000 0.000001 1.000000 -1.000000 0.000000 0.000000 0.000000 -1.000000 0.000001 submodel group 13 copy 2
0 STEP
0 NOFILE
0 FILE SubModel Group 15 Copy 3
0 SubModel Group 15
0 Name: SubModel Group 15
0 Author: 
0 CustomBrick
0 FlexibleBrickControlPointUnitLength -1
0 FlexibleBrickLockedControlPoint 
0 NumOfBricks 15
1 71 0.000060 -8.000000 -30.000010 1.000000 0.000000 0.000000 0.000000 1.000000 0.000000 0.000000 0.000000 1.000000 3021.dat
1 71 0.000060 -8.000000 9.999990 1.000000 0.000000 0.000000 0.000000 1.000000 0.000000 0.000000 0.000000 1.000000 3021.dat
1 71 0.000000 -16.000000 -10.000010 0.000000 0.000000 1.000000 0.000000 1.000000 0.000000 -1.000000 0.000000 0.000000 3710.dat
1 71 -19.999940 -16.000000 -40.000010 1.000000 0.000000 0.000000 0.000000 1.000000 0.000000 0.000000 0.000000 1.000000 85861.dat
1 71 -19.999940 -16.000000 -20.000010 1.000000 0.000000 0.000000 0.000000 1.000000 0.000000 0.000000 0.000000 1.000000 85861.dat
1 71 -19.999940 -16.000000 -0.000010 1.000000 0.000000 0.000000 0.000000 1.000000 0.000000 0.000000 0.000000 1.000000 85861.dat
1 71 -19.999940 -16.000000 19.999990 1.000000 0.000000 0.000000 0.000000 1.000000 0.000000 0.000000 0.000000 1.000000 85861.dat
1 71 20.000060 -16.000000 -40.000010 1.000000 0.000000 0.000000 0.000000 1.000000 0.000000 0.000000 0.000000 1.000000 85861.dat
1 71 20.000060 -16.000000 -20.000010 1.000000 0.000000 0.000000 0.000000 1.000000 0.000000 0.000000 0.000000 1.000000 85861.dat
1 71 20.000060 -16.000000 -0.000010 1.000000 0.000000 0.000000 0.000000 1.000000 0.000000 0.000000 0.000000 1.000000 85861.dat
1 71 20.000060 -16.000000 19.999990 1.000000 0.000000 0.000000 0.000000 1.000000 0.000000 0.000000 0.000000 1.000000 85861.dat
1 71 0.000000 -24.000000 -20.000010 1.000000 0.000000 0.000000 0.000000 1.000000 0.000000 0.000000 0.000000 1.000000 3070b.dat
1 36 0.000000 -24.000000 -0.000010 1.000000 0.000000 0.000000 0.000000 1.000000 0.000000 0.000000 0.000000 1.000000 98138.dat
1 71 0.000000 -24.000000 -40.000010 1.000000 0.000000 0.000000 0.000000 1.000000 0.000000 0.000000 0.000000 1.000000 24246.dat
1 71 0.000000 -24.000000 20.000000 -1.000000 0.000000 0.000000 0.000000 1.000000 0.000000 0.000000 0.000000 -1.000000 24246.dat
0 NOFILE
0 FILE SubModel Group 2 Copy 7
0 SubModel Group 2
0 Name: SubModel Group 2
0 Author: 
0 CustomBrick
0 FlexibleBrickControlPointUnitLength -1
0 FlexibleBrickLockedControlPoint 
0 NumOfBricks 20
1 320 9.999880 -8.000000 -0.000030 1.000000 0.000000 0.000000 0.000000 1.000000 0.000000 0.000000 0.000000 1.000000 3666.dat
1 71 9.999820 -40.000020 -0.000050 1.000004 0.000000 0.000000 0.000000 1.000000 0.000000 0.000000 0.000000 1.000004 3710.dat
1 71 60.000610 -22.000000 -10.000080 -1.000004 0.000000 0.000000 0.000000 0.000000 1.000000 0.000000 1.000004 0.000000 54200.dat
1 71 -40.000180 -22.000000 -10.000090 -1.000004 0.000000 0.000000 0.000000 0.000000 1.000000 0.000000 1.000004 0.000000 54200.dat
1 71 60.000610 -22.000000 9.999949 1.000004 0.000000 0.000000 0.000000 0.000000 1.000000 0.000000 -1.000004 0.000000 54200.dat
1 71 -40.000180 -22.000000 9.999969 1.000004 0.000000 0.000000 0.000000 0.000000 1.000000 0.000000 -1.000004 0.000000 54200.dat
1 71 60.001840 -32.000020 0.000520 0.000000 0.000000 -1.000000 0.000000 1.000000 0.000000 1.000000 0.000000 0.000000 54200.dat
1 71 -40.000180 -32.000000 -0.000050 0.000000 0.000000 1.000004 0.000000 1.000000 0.000000 -1.000004 0.000000 0.000000 54200.dat
1 71 -30.000180 -32.000000 -0.000050 1.000004 0.000000 0.000000 0.000000 1.000000 0.000000 0.000000 0.000000 1.000004 52107.dat
1 71 9.999820 -32.000000 -0.000050 1.000004 0.000000 0.000000 0.000000 1.000000 0.000000 0.000000 0.000000 1.000004 52107.dat
1 71 50.000060 -32.000000 -0.000050 1.000004 0.000000 0.000000 0.000000 1.000000 0.000000 0.000000 0.000000 1.000004 52107.dat
1 71 9.999700 -48.000020 -0.000050 1.000000 0.000000 0.000000 0.000000 1.000000 0.000000 0.000000 0.000000 1.000000 3743.dat
1 71 40.000000 -32.000000 -10.000090 -1.000000 0.000000 0.000000 0.000000 0.000000 1.000000 0.000000 1.000000 0.000000 61409b.dat
1 71 19.999880 -32.000000 -10.000090 -1.000000 0.000000 0.000000 0.000000 0.000000 1.000000 0.000000 1.000000 0.000000 61409b.dat
1 71 -0.000240 -32.000000 -10.000090 -1.000000 0.000000 0.000000 0.000000 0.000000 1.000000 0.000000 1.000000 0.000000 61409b.dat
1 71 -20.000120 -32.000000 -10.000090 -1.000000 0.000000 0.000000 0.000000 0.000000 1.000000 0.000000 1.000000 0.000000 61409b.dat
1 71 -20.000120 -32.000000 10.000030 1.000000 0.000000 0.000000 0.000000 0.000000 1.000000 0.000000 -1.000000 0.000000 61409b.dat
1 71 -0.000240 -32.000000 10.000030 1.000000 0.000000 0.000000 0.000000 0.000000 1.000000 0.000000 -1.000000 0.000000 61409b.dat
1 71 19.999880 -32.000000 10.000020 1.000000 0.000000 0.000000 0.000000 0.000000 1.000000 0.000000 -1.000000 0.000000 61409b.dat
1 71 40.000000 -32.000000 10.000020 1.000000 0.000000 0.000000 0.000000 0.000000 1.000000 0.000000 -1.000000 0.000000 61409b.dat
0 NOFILE
0 FILE SubModel Group 3 Copy 7
0 SubModel Group 3
0 Name: SubModel Group 3
0 Author: 
0 CustomBrick
0 FlexibleBrickControlPointUnitLength -1
0 FlexibleBrickLockedControlPoint 
0 NumOfBricks 5
1 71 -3.999510 -8.000000 -5.959880 1.000000 0.000000 0.000000 0.000000 1.000000 0.000000 0.000000 0.000000 1.000000 92280.dat
1 71 -4.000670 -8.000000 -25.960160 -1.000002 0.000000 0.000000 0.000000 1.000000 0.000000 0.000000 0.000000 -1.000002 32028.dat
1 72 -13.999510 -16.000000 -15.959880 0.000000 0.000000 -1.000000 0.000000 1.000000 0.000000 1.000000 0.000000 0.000000 15573.dat
1 72 5.999270 -16.000000 -25.960160 0.000000 0.000000 -1.000000 0.000000 1.000000 0.000000 1.000000 0.000000 0.000000 4081b.dat
1 71 6.000490 -14.000000 8.840119 0.000000 0.000000 -1.000000 1.000000 0.000000 0.000000 0.000000 -1.000000 0.000000 86208.dat
0 NOFILE
0 FILE SubModel Group 4 Copy 6
0 SubModel Group 4
0 Name: SubModel Group 4
0 Author: 
0 CustomBrick
0 FlexibleBrickControlPointUnitLength -1
0 FlexibleBrickLockedControlPoint 
0 NumOfBricks 44
1 72 -68.426410 -79.000220 19.977450 -1.000000 0.000000 0.000000 0.000000 1.000003 0.000000 0.000000 0.000000 -1.000003 30365.dat
1 71 -28.426420 -55.000140 19.977450 1.000000 0.000000 0.000000 0.000000 1.000003 0.000000 0.000000 0.000000 1.000003 3710.dat
1 71 31.573550 -79.000220 19.977450 1.000000 0.000000 0.000000 0.000000 1.000003 0.000000 0.000000 0.000000 1.000003 3702.dat
1 71 31.573550 -87.000200 19.977450 1.000000 0.000000 0.000000 0.000000 1.000003 0.000000 0.000000 0.000000 1.000003 4477.dat
1 1 -28.426480 -69.000200 -0.022580 0.000000 0.000000 1.000000 0.000000 1.000003 0.000000 -1.000003 0.000000 0.000000 6558.dat
1 1 -8.426479 -69.000200 -0.022580 0.000000 0.000000 1.000000 0.000000 1.000003 0.000000 -1.000003 0.000000 0.000000 6558.dat
1 1 91.573520 -69.000200 -0.022580 0.000000 0.000000 1.000000 0.000000 1.000003 0.000000 -1.000003 0.000000 0.000000 6558.dat
1 1 71.573520 -69.000200 -0.022580 0.000000 0.000000 1.000000 0.000000 1.000003 0.000000 -1.000003 0.000000 0.000000 6558.dat
1 1 51.573520 -69.000200 -0.022580 0.000000 0.000000 1.000000 0.000000 1.000003 0.000000 -1.000003 0.000000 0.000000 6558.dat
1 1 31.573520 -69.000200 -0.022580 0.000000 0.000000 1.000000 0.000000 1.000003 0.000000 -1.000003 0.000000 0.000000 6558.dat
1 0 -8.426479 -9.000040 -0.022130 -1.000000 0.000000 0.000000 0.000000 0.000000 -1.000000 0.000000 -1.000000 0.000000 32140.dat
1 0 91.573520 -9.000030 -0.022580 -1.000000 0.000000 0.000000 0.000000 0.000000 -1.000003 0.000000 -1.000003 0.000000 32140.dat
1 0 51.573520 -9.000030 0.977420 -1.000000 0.000000 0.000000 0.000000 0.000000 -1.000003 0.000000 -1.000003 0.000000 32140.dat
1 72 -68.426240 -79.000220 -20.022580 -1.000000 0.000000 0.000000 0.000000 1.000003 0.000000 0.000000 0.000000 -1.000003 30365.dat
1 71 -28.426360 -55.000140 -20.022580 1.000000 0.000000 0.000000 0.000000 1.000003 0.000000 0.000000 0.000000 1.000003 3710.dat
1 71 31.573520 -79.000220 -20.022580 1.000000 0.000000 0.000000 0.000000 1.000003 0.000000 0.000000 0.000000 1.000003 3702.dat
1 71 31.573520 -87.000200 -20.022580 1.000000 0.000000 0.000000 0.000000 1.000003 0.000000 0.000000 0.000000 1.000003 4477.dat
1 28 91.573550 -95.000200 19.977450 1.000000 0.000000 0.000000 0.000000 1.000000 0.000000 0.000000 0.000000 1.000000 3023b.dat
1 28 91.573520 -95.000200 -20.022580 1.000000 0.000000 0.000000 0.000000 1.000000 0.000000 0.000000 0.000000 1.000000 3023b.dat
1 71 131.573500 -95.000200 -0.022580 0.000000 0.000000 1.000000 0.000000 1.000000 0.000000 -1.000000 0.000000 0.000000 3021.dat
1 72 131.573500 -103.000200 -20.022580 1.000000 0.000000 0.000000 0.000000 1.000000 0.000000 0.000000 0.000000 1.000000 2412b.dat
1 71 131.573500 -103.000200 9.977420 1.000000 0.000000 0.000000 0.000000 1.000000 0.000000 0.000000 0.000000 1.000000 87580.dat
1 71 91.573520 -103.000200 -0.022580 0.000000 0.000000 1.000000 0.000000 1.000000 0.000000 -1.000000 0.000000 0.000000 3021.dat
1 71 91.572330 -111.000200 -0.024780 -1.000008 0.000000 0.000000 0.000000 1.000000 0.000000 0.000000 0.000000 -1.000008 92280.dat
1 72 91.572360 -111.000200 19.975340 1.000008 0.000000 0.000000 0.000000 1.000000 0.000000 0.000000 0.000000 1.000008 15573.dat
1 72 91.572330 -111.000200 -20.024810 1.000008 0.000000 0.000000 0.000000 1.000000 0.000000 0.000000 0.000000 1.000008 15573.dat
1 72 -28.426480 -111.000200 19.977450 1.000000 0.000000 0.000000 0.000000 1.000000 0.000000 0.000000 0.000000 1.000000 6111.dat
1 72 -28.426480 -111.000200 -20.022580 1.000000 0.000000 0.000000 0.000000 1.000000 0.000000 0.000000 0.000000 1.000000 6111.dat
1 71 -108.426500 -119.000200 -0.022610 0.000000 0.000000 1.000000 0.000000 1.000000 0.000000 -1.000000 0.000000 0.000000 3021.dat
1 71 -68.426540 -119.000200 -0.022580 0.000000 0.000000 1.000000 0.000000 1.000000 0.000000 -1.000000 0.000000 0.000000 3021.dat
1 71 -28.426540 -119.000200 -0.022610 0.000000 0.000000 1.000000 0.000000 1.000000 0.000000 -1.000000 0.000000 0.000000 3021.dat
1 72 11.573520 -119.000200 19.977450 1.000000 0.000000 0.000000 0.000000 1.000000 0.000000 0.000000 0.000000 1.000000 2540.dat
1 72 11.573520 -119.000200 -20.022580 1.000000 0.000000 0.000000 0.000000 1.000000 0.000000 0.000000 0.000000 1.000000 2412b.dat
1 72 51.573550 -119.000200 -20.022580 -1.000000 0.000000 0.000000 0.000000 1.000000 0.000000 0.000000 0.000000 -1.000000 2540.dat
1 71 51.573490 -111.000200 19.977420 0.000000 0.000000 -1.000000 0.000000 1.000000 0.000000 1.000000 0.000000 0.000000 61409b.dat
1 72 51.573550 -127.000200 -20.022580 1.000000 0.000000 0.000000 0.000000 1.000000 0.000000 0.000000 0.000000 1.000000 2412b.dat
1 72 -23.656590 -133.000200 19.977360 0.000000 1.000000 0.000000 0.000000 0.000000 1.000000 1.000000 0.000000 0.000000 63965.dat
1 72 -58.426540 -125.000200 -0.022580 1.000000 0.000000 0.000000 0.000000 1.000000 0.000000 0.000000 0.000000 1.000000 6190.dat
1 72 -78.426540 -125.000200 -20.022610 1.000000 0.000000 0.000000 0.000000 1.000000 0.000000 0.000000 0.000000 1.000000 6190.dat
1 72 -118.426600 -127.000200 -10.022640 0.000000 0.000000 1.000000 0.000000 1.000000 0.000000 -1.000000 0.000000 0.000000 99780.dat
1 28 -98.426540 -127.000200 -0.022610 1.000000 0.000000 0.000000 0.000000 1.000000 0.000000 0.000000 0.000000 1.000000 3070b.dat
1 71 81.572200 -117.000200 -0.024780 0.000000 0.000000 -1.000000 0.000000 1.000000 0.000000 1.000000 0.000000 0.000000 98397.dat
1 72 -118.426600 -127.000200 19.977360 0.000000 0.000000 -1.000000 0.000000 1.000000 0.000000 1.000000 0.000000 0.000000 15712.dat
1 72 -18.426540 -127.000200 19.977360 0.000000 0.000000 -1.000000 0.000000 1.000000 0.000000 1.000000 0.000000 0.000000 15712.dat
0 NOFILE
0 FILE SubModel Group 5 Copy 4
0 SubModel Group 5
0 Name: SubModel Group 5
0 Author: 
0 CustomBrick
0 FlexibleBrickControlPointUnitLength -1
0 FlexibleBrickLockedControlPoint 
0 NumOfBricks 17
1 71 -25.941160 -79.000000 22.176450 1.000000 0.000000 0.000000 0.000000 1.000000 0.000000 0.000000 0.000000 1.000000 3701.dat
1 71 -25.941220 -79.000000 -17.823610 1.000000 0.000000 0.000000 0.000000 1.000000 0.000000 0.000000 0.000000 1.000000 3701.dat
1 320 -25.941160 -55.000000 22.176450 1.000000 0.000000 0.000000 0.000000 1.000000 0.000000 0.000000 0.000000 1.000000 3666.dat
1 320 -25.941220 -55.000000 -17.823610 1.000000 0.000000 0.000000 0.000000 1.000000 0.000000 0.000000 0.000000 1.000000 3666.dat
1 1 -45.941220 -69.000000 2.176390 0.000000 0.000000 1.000000 0.000000 1.000000 0.000000 -1.000000 0.000000 0.000000 6558.dat
1 1 -25.941220 -69.000000 2.176390 0.000000 0.000000 1.000000 0.000000 1.000000 0.000000 -1.000000 0.000000 0.000000 6558.dat
1 0 -25.941220 -9.000000 2.176450 -1.000000 0.000000 0.000000 0.000000 0.000000 -1.000000 0.000000 -1.000000 0.000000 32140.dat
1 72 -85.941230 -79.000000 22.176480 -1.000000 0.000000 0.000000 0.000000 1.000000 0.000000 0.000000 0.000000 -1.000000 30365.dat
1 72 -85.941230 -79.000000 -17.823610 -1.000000 0.000000 0.000000 0.000000 1.000000 0.000000 0.000000 0.000000 -1.000000 30365.dat
1 0 34.058840 -79.000000 22.176450 1.000000 0.000000 0.000000 0.000000 1.000000 0.000000 0.000000 0.000000 1.000000 30364.dat
1 0 34.058780 -79.000000 -17.823610 1.000000 0.000000 0.000000 0.000000 1.000000 0.000000 0.000000 0.000000 1.000000 30364.dat
1 71 -65.941340 -87.000000 2.176390 0.000000 0.000000 -1.000000 0.000000 1.000000 0.000000 1.000000 0.000000 0.000000 3021.dat
1 71 -25.941280 -87.000000 2.176390 0.000000 0.000000 -1.000000 0.000000 1.000000 0.000000 1.000000 0.000000 0.000000 3021.dat
1 71 14.058720 -87.000000 2.176390 0.000000 0.000000 -1.000000 0.000000 1.000000 0.000000 1.000000 0.000000 0.000000 3021.dat
1 71 54.058720 -87.000000 2.176390 0.000000 0.000000 -1.000000 0.000000 1.000000 0.000000 1.000000 0.000000 0.000000 3021.dat
1 71 44.058720 -95.000000 -7.823610 1.000000 0.000000 0.000000 0.000000 1.000000 0.000000 0.000000 0.000000 1.000000 3021.dat
1 28 64.058720 -103.000000 -7.823670 0.000000 0.000000 1.000000 0.000000 1.000000 0.000000 -1.000000 0.000000 0.000000 3023b.dat
0 NOFILE
0 FILE SubModel Group 57
0 SubModel Group 57
0 Name: SubModel Group 57
0 Author: 
0 CustomBrick
0 FlexibleBrickControlPointUnitLength -1
0 FlexibleBrickLockedControlPoint 
0 NumOfBricks 1547
1 16 17.685980 0.933410 96.628890 1.000000 0.000000 0.000000 0.000000 1.000000 0.000000 0.000000 0.000000 1.000000 submodel group 37
0 STEP
1 16 -209.781000 -66.104280 108.336700 0.000000 0.000598 1.000000 0.000000 1.000000 -0.000598 -1.000000 0.000000 0.000000 75192 front leg_
1 16 -29.877440 -280.787900 -21.664610 1.000000 0.000000 0.000000 0.000000 1.000000 0.000000 0.000000 0.000000 1.000000 submodel group 38
1 16 -102.307000 -272.787900 -59.368800 0.573577 0.000000 -0.819152 0.000000 1.000000 0.000000 0.819152 0.000000 0.573577 submodel group 38
1 16 -112.965000 -280.787900 -140.325600 -0.342020 0.000000 -0.939693 0.000000 1.000000 0.000000 0.939693 0.000000 -0.342020 submodel group 38
1 16 270.122500 -430.566200 108.057800 0.000000 1.000000 0.000000 -1.000000 0.000000 0.000000 0.000000 0.000000 1.000000 submodel group 51
1 16 132.121400 -376.788000 6.335510 1.000000 0.000000 0.000000 0.000000 1.000000 0.000000 0.000000 0.000000 1.000000 submodel group 56
0 STEP
0 NOFILE
0 FILE 234_
0 234_
0 Name: 234_
0 Author: 
0 CustomBrick
0 FlexibleBrickControlPointUnitLength -1
0 FlexibleBrickLockedControlPoint 
0 NumOfBricks 32
1 16 33.794150 0.000000 -7.847440 1.000000 0.000000 0.000000 0.000000 1.000000 0.000000 0.000000 0.000000 1.000000 submodel group 6 copy 2
0 NOFILE
0 FILE 242
0 242
0 Name: 242
0 Author: 
0 CustomBrick
0 FlexibleBrickControlPointUnitLength -1
0 FlexibleBrickLockedControlPoint 
0 NumOfBricks 22
0 STEP
1 16 -6.022600 0.000000 -13.918120 1.000000 0.000000 0.000000 0.000000 1.000000 0.000000 0.000000 0.000000 1.000000 submodel group 1 copy 4
0 STEP
0 STEP
0 STEP
0 STEP
0 STEP
0 NOFILE
0 FILE SubModel Group 88
0 SubModel Group 88
0 Name: SubModel Group 88
0 Author: 
0 CustomBrick
0 FlexibleBrickControlPointUnitLength -1
0 FlexibleBrickLockedControlPoint 
0 NumOfBricks 4
1 71 -14.445010 -144.000000 10.000000 1.000000 0.000000 0.000000 0.000000 0.000000 1.000000 0.000000 -1.000000 0.000000 6020.dat
1 71 15.335020 -144.000000 10.000000 0.000000 -1.000000 0.000000 0.000000 0.000000 -1.000000 1.000000 0.000000 0.000000 87994.dat
1 72 11.554990 -113.950000 3.999940 1.000000 0.000000 0.000000 0.000000 0.000000 1.000000 0.000000 -1.000000 0.000000 15712.dat
1 179 11.554990 -113.950000 -4.000120 1.000000 0.000000 0.000000 0.000000 0.000000 1.000000 0.000000 -1.000000 0.000000 6141.dat
0 NOFILE
0 FILE SubModel Group 89
0 SubModel Group 89
0 Name: SubModel Group 89
0 Author: 
0 CustomBrick
0 FlexibleBrickControlPointUnitLength -1
0 FlexibleBrickLockedControlPoint 
0 NumOfBricks 5
1 71 -6.000000 -49.000000 0.000000 0.000000 1.000000 0.000000 0.000000 0.000000 -1.000000 -1.000000 0.000000 0.000000 14720.dat
1 0 4.000000 -9.000000 20.000000 1.000000 0.000000 0.000000 0.000000 1.000000 0.000000 0.000000 0.000000 1.000000 4459.dat
1 0 4.000000 -9.000000 -20.000000 1.000000 0.000000 0.000000 0.000000 1.000000 0.000000 0.000000 0.000000 1.000000 4459.dat
1 0 4.000000 -89.000000 -20.000000 1.000000 0.000000 0.000000 0.000000 1.000000 0.000000 0.000000 0.000000 1.000000 4459.dat
1 0 4.000000 -89.000000 20.000000 1.000000 0.000000 0.000000 0.000000 1.000000 0.000000 0.000000 0.000000 1.000000 4459.dat
0 NOFILE
0 FILE SubModel Group 90
0 SubModel Group 90
0 Name: SubModel Group 90
0 Author: 
0 CustomBrick
0 FlexibleBrickControlPointUnitLength -1
0 FlexibleBrickLockedControlPoint 
0 NumOfBricks 5
1 71 -6.000000 -49.000000 0.000000 0.000000 1.000000 0.000000 0.000000 0.000000 -1.000000 -1.000000 0.000000 0.000000 14720.dat
1 0 4.000000 -9.000000 -19.999990 1.000000 0.000000 0.000000 0.000000 1.000000 0.000000 0.000000 0.000000 1.000000 4459.dat
1 0 4.000000 -9.000000 20.000000 1.000000 0.000000 0.000000 0.000000 1.000000 0.000000 0.000000 0.000000 1.000000 4459.dat
1 0 4.000000 -89.000000 -20.000010 1.000000 0.000000 0.000000 0.000000 1.000000 0.000000 0.000000 0.000000 1.000000 4459.dat
1 0 4.000000 -89.000000 20.000000 1.000000 0.000000 0.000000 0.000000 1.000000 0.000000 0.000000 0.000000 1.000000 4459.dat
0 NOFILE
0 FILE 250
0 250
0 Name: 250
0 Author: 
0 CustomBrick
0 FlexibleBrickControlPointUnitLength -1
0 FlexibleBrickLockedControlPoint 
0 NumOfBricks 267
1 16 4.402280 4.801830 -67.816330 1.000000 0.000000 0.000000 0.000000 1.000000 0.000000 0.000000 0.000000 1.000000 submodel group 10 copy 2
1 71 -230.000000 -167.525800 -43.410160 0.000000 0.000000 1.000000 0.000000 1.000000 0.000000 -1.000000 0.000000 0.000000 m4d691e16_2026725_025929.dat
1 71 -110.000100 -47.525820 146.589900 1.000000 0.000000 0.000000 0.000000 1.000000 0.000000 0.000000 0.000000 1.000000 m4d691e16_2026725_030121.dat
1 72 -230.000100 -175.525800 -43.409790 0.000000 0.000000 1.000000 0.000000 1.000000 0.000000 -1.000000 0.000000 0.000000 3069b.dat
1 72 -60.000120 -175.525800 146.590000 -1.000000 0.000000 0.000000 0.000000 1.000000 0.000000 0.000000 0.000000 -1.000000 3069b.dat
0 STEP
0 STEP
0 NOFILE
0 FILE SubModel Group 91
0 SubModel Group 91
0 Name: SubModel Group 91
0 Author: 
0 CustomBrick
0 FlexibleBrickControlPointUnitLength -1
0 FlexibleBrickLockedControlPoint 
0 NumOfBricks 10
1 28 -1.555560 -52.000000 -10.000430 -1.000000 0.000000 0.000000 0.000000 -1.000000 0.000000 0.000000 0.000000 1.000000 3021.dat
1 71 8.444440 -28.000000 -0.000090 -1.000000 0.000000 0.000000 0.000000 -1.000000 0.000000 0.000000 0.000000 1.000000 3700.dat
1 72 8.444440 -44.000000 -19.999790 -1.000000 0.000000 0.000000 0.000000 -1.000000 0.000000 0.000000 0.000000 1.000000 32028.dat
1 179 -21.555560 -44.000000 -9.999790 0.000000 0.000000 -1.000000 0.000000 -1.000000 0.000000 -1.000000 0.000000 0.000000 2412b.dat
1 19 8.444440 -44.000000 -19.999790 -1.000000 0.000000 0.000000 0.000000 -1.000000 0.000000 0.000000 0.000000 1.000000 85984.dat
1 71 8.444449 -48.000000 19.999940 1.000000 0.000000 0.000000 0.000000 1.000000 0.000000 0.000000 0.000000 1.000000 3700.dat
1 71 8.444449 -24.000000 19.999940 1.000000 0.000000 0.000000 0.000000 1.000000 0.000000 0.000000 0.000000 1.000000 11211.dat
1 19 8.444449 -13.999970 9.999909 1.000000 0.000000 0.000000 0.000000 0.000000 -1.000000 0.000000 1.000000 0.000000 85984.dat
1 0 8.444440 -38.000000 9.999909 0.000000 0.000000 1.000000 0.000000 1.000000 0.000000 -1.000000 0.000000 0.000000 4459.dat
1 71 8.444449 -48.000000 19.999940 -1.000000 0.000000 0.000000 0.000000 1.000000 0.000000 0.000000 0.000000 -1.000000 85984.dat
0 NOFILE
0 FILE SubModel Group 94
0 SubModel Group 94
0 Name: SubModel Group 94
0 Author: 
0 CustomBrick
0 FlexibleBrickControlPointUnitLength -1
0 FlexibleBrickLockedControlPoint 
0 NumOfBricks 10
1 16 16.000000 -60.000000 -26.000000 -1.000000 0.000000 0.000000 0.000000 -1.000000 0.000000 0.000000 0.000000 1.000000 submodel group 92
1 16 0.000000 0.000000 0.000000 1.000000 0.000000 0.000000 0.000000 1.000000 0.000000 0.000000 0.000000 1.000000 submodel group 93
0 NOFILE
0 FILE SubModel Group 4 Copy 4
0 SubModel Group 4
0 Name: SubModel Group 4
0 Author: 
0 CustomBrick
0 FlexibleBrickControlPointUnitLength -1
0 FlexibleBrickLockedControlPoint 
0 NumOfBricks 45
1 16 58.482160 -8.000010 115.857100 1.000000 0.000000 0.000000 0.000000 1.000000 0.000000 0.000000 0.000000 1.000000 submodel group 1 copy 6
1 16 -41.517840 -12.999750 135.857100 0.000000 0.000000 1.000000 0.000000 1.000000 0.000000 -1.000000 0.000000 0.000000 submodel group 2 copy 5
1 16 -1.517840 -12.999750 135.857100 0.000000 0.000000 1.000000 0.000000 1.000000 0.000000 -1.000000 0.000000 0.000000 submodel group 2 copy 5
1 16 158.482200 -12.999750 135.857100 0.000000 0.000000 1.000000 0.000000 1.000000 0.000000 -1.000000 0.000000 0.000000 submodel group 2 copy 5
1 0 -101.517800 -32.000020 35.857160 1.000000 0.000000 0.000000 0.000000 1.000000 0.000000 0.000000 0.000000 1.000000 32532.dat
1 0 -61.517840 -22.000040 -24.142840 0.000000 0.000000 1.000000 0.000000 1.000000 0.000000 -1.000000 0.000000 0.000000 4459.dat
1 0 -101.517900 -22.000040 -24.142830 0.000000 0.000000 1.000000 0.000000 1.000000 0.000000 -1.000000 0.000000 0.000000 4459.dat
1 0 -81.517880 -32.000050 -64.142810 1.000000 0.000000 0.000000 0.000000 1.000000 0.000000 0.000000 0.000000 1.000000 32531.dat
1 1 -81.517900 -22.000060 -114.142800 0.000000 0.000000 1.000000 0.000000 1.000000 0.000000 -1.000000 0.000000 0.000000 6558.dat
1 1 -101.517900 -22.000060 -114.142800 0.000000 0.000000 1.000000 0.000000 1.000000 0.000000 -1.000000 0.000000 0.000000 6558.dat
1 16 58.482110 -8.000060 -104.142800 1.000000 0.000000 0.000000 0.000000 1.000000 0.000000 0.000000 0.000000 1.000000 submodel group copy
1 16 222.982100 -0.000040 -4.142850 1.000000 0.000000 0.000000 0.000000 1.000000 0.000000 0.000000 0.000000 1.000000 submodel group 3 copy 5
1 71 -141.517800 -8.000010 95.857120 1.000000 0.000000 0.000000 0.000000 1.000000 0.000000 0.000000 0.000000 1.000000 3032.dat
1 71 -91.517860 -8.000050 -64.142810 0.000000 0.000000 1.000000 0.000000 1.000000 0.000000 -1.000000 0.000000 0.000000 60479.dat
1 71 -161.517800 -8.000030 -4.142820 0.000000 0.000000 1.000000 0.000000 1.000000 0.000000 -1.000000 0.000000 0.000000 6106.dat
1 71 -121.517900 -8.000060 -104.142800 1.000000 0.000000 0.000000 0.000000 1.000000 0.000000 0.000000 0.000000 1.000000 41769.dat
1 71 -21.517880 -8.000040 -24.142850 0.000000 0.000000 1.000000 0.000000 1.000000 0.000000 -1.000000 0.000000 0.000000 3027.dat
1 71 98.482090 -8.000040 -24.142910 0.000000 0.000000 1.000000 0.000000 1.000000 0.000000 -1.000000 0.000000 0.000000 3027.dat
1 71 198.482100 -40.000060 -4.142810 0.000000 0.000000 1.000000 0.000000 1.000000 0.000000 -1.000000 0.000000 0.000000 3029.dat
1 71 -61.517920 -40.000060 -4.142810 0.000000 0.000000 1.000000 0.000000 1.000000 0.000000 -1.000000 0.000000 0.000000 3029.dat
1 71 -121.517900 -102.000100 -134.142800 1.000000 0.000000 0.000000 0.000000 0.000000 1.000000 0.000000 -1.000000 0.000000 32526.dat
1 71 138.482100 -102.000100 -134.142800 1.000000 0.000000 0.000000 0.000000 0.000000 1.000000 0.000000 -1.000000 0.000000 32526.dat
1 71 -101.517800 -102.000000 125.857100 1.000000 0.000000 0.000000 0.000000 0.000000 1.000000 0.000000 -1.000000 0.000000 32526.dat
1 71 98.482170 -102.000000 125.857100 1.000000 0.000000 0.000000 0.000000 0.000000 1.000000 0.000000 -1.000000 0.000000 32526.dat
1 71 98.482170 -102.000000 125.857100 0.000000 0.000000 -1.000000 0.000000 1.000000 0.000000 1.000000 0.000000 0.000000 32054.dat
1 71 -101.517800 -102.000000 125.857100 0.000000 0.000000 -1.000000 0.000000 1.000000 0.000000 1.000000 0.000000 0.000000 32054.dat
1 71 138.482100 -102.000100 -134.142800 0.000000 0.000000 1.000000 0.000000 1.000000 0.000000 -1.000000 0.000000 0.000000 32054.dat
1 71 -121.517900 -102.000100 -134.142800 0.000000 0.000000 1.000000 0.000000 1.000000 0.000000 -1.000000 0.000000 0.000000 32054.dat
1 71 -81.517880 -16.000040 -164.142900 1.000000 0.000000 0.000000 0.000000 1.000000 0.000000 0.000000 0.000000 1.000000 3709b.dat
0 NOFILE
0 FILE SubModel Group 3 Copy 6
0 SubModel Group 3
0 Name: SubModel Group 3
0 Author: 
0 CustomBrick
0 FlexibleBrickControlPointUnitLength -1
0 FlexibleBrickLockedControlPoint 
0 NumOfBricks 5
1 28 28.000000 -8.000170 -16.000000 -1.000000 0.000000 0.000000 0.000000 1.000000 0.000000 0.000000 0.000000 -1.000000 92099.dat
1 72 78.000000 -32.000170 -6.000000 1.000000 0.000000 0.000000 0.000000 1.000000 0.000000 0.000000 0.000000 1.000000 3040b.dat
1 71 28.000000 -16.000170 -16.000000 1.000000 0.000000 0.000000 0.000000 1.000000 0.000000 0.000000 0.000000 1.000000 6179.dat
1 71 -52.000000 -16.000170 -16.000000 1.000000 0.000000 0.000000 0.000000 1.000000 0.000000 0.000000 0.000000 1.000000 6179.dat
1 71 -12.000000 -24.000170 14.000000 1.000000 0.000000 0.000000 0.000000 1.000000 0.000000 0.000000 0.000000 1.000000 4162.dat
0 NOFILE
0 FILE SubModel Group 4 Copy 5
0 SubModel Group 4
0 Name: SubModel Group 4
0 Author: 
0 CustomBrick
0 FlexibleBrickControlPointUnitLength -1
0 FlexibleBrickLockedControlPoint 
0 NumOfBricks 25
1 72 24.375010 -60.000000 34.312540 1.000000 0.000000 0.000000 0.000000 1.000000 0.000000 0.000000 0.000000 1.000000 3703.dat
1 72 -115.625000 -60.000000 4.312550 0.000000 0.000000 -1.000000 0.000000 1.000000 0.000000 1.000000 0.000000 0.000000 6232.dat
1 72 84.375010 -60.000000 4.312550 0.000000 0.000000 -1.000000 0.000000 1.000000 0.000000 1.000000 0.000000 0.000000 6232.dat
1 72 44.375000 -60.000000 4.312550 0.000000 0.000000 -1.000000 0.000000 1.000000 0.000000 1.000000 0.000000 0.000000 6232.dat
1 19 24.375010 -68.000000 24.312550 1.000000 0.000000 0.000000 0.000000 1.000000 0.000000 0.000000 0.000000 1.000000 4282.dat
1 28 -115.625000 -68.000000 -5.687450 1.000000 0.000000 0.000000 0.000000 1.000000 0.000000 0.000000 0.000000 1.000000 3023b.dat
1 72 64.375000 -68.000000 -5.687440 1.000000 0.000000 0.000000 0.000000 1.000000 0.000000 0.000000 0.000000 1.000000 3710.dat
1 16 -133.625000 -36.000020 24.312540 1.000000 0.000000 0.000000 0.000000 1.000000 0.000000 0.000000 0.000000 1.000000 submodel group 1 copy 7
1 71 -35.624990 -76.000000 24.312550 1.000000 0.000000 0.000000 0.000000 1.000000 0.000000 0.000000 0.000000 1.000000 6179.dat
1 71 64.375000 -76.000000 24.312550 1.000000 0.000000 0.000000 0.000000 1.000000 0.000000 0.000000 0.000000 1.000000 6180.dat
1 71 184.375000 -76.000000 24.312550 1.000000 0.000000 0.000000 0.000000 1.000000 0.000000 0.000000 0.000000 1.000000 6180.dat
1 0 -145.625000 -36.000020 34.312530 0.000000 0.000000 1.000000 0.000000 1.000000 0.000000 -1.000000 0.000000 0.000000 2420.dat
1 71 234.375000 -68.000000 14.312550 0.000000 0.000000 -1.000000 0.000000 1.000000 0.000000 1.000000 0.000000 0.000000 3622.dat
1 16 44.375000 -40.000000 -4.687700 0.000000 0.000000 1.000000 -1.000000 0.000000 0.000000 0.000000 -1.000000 0.000000 submodel group 2 copy 6
1 16 84.375010 -40.000000 -4.687700 0.000000 0.000000 1.000000 -1.000000 0.000000 0.000000 0.000000 -1.000000 0.000000 submodel group 2 copy 6
1 16 -115.625000 -40.000000 -4.687690 0.000000 0.000000 1.000000 -1.000000 0.000000 0.000000 0.000000 -1.000000 0.000000 submodel group 2 copy 6
1 72 114.375000 -100.000000 54.312540 1.000000 0.000000 0.000000 0.000000 1.000000 0.000000 0.000000 0.000000 1.000000 3040b.dat
1 72 14.374990 -100.000000 54.312540 1.000000 0.000000 0.000000 0.000000 1.000000 0.000000 0.000000 0.000000 1.000000 3040b.dat
0 NOFILE
0 FILE SubModel Group 3 Copy 6_Mirrored
0 SubModel Group 3_Mirrored
0 Name: SubModel Group 3 Copy 6_Mirrored
0 Author: 
0 CustomBrick
0 FlexibleBrickControlPointUnitLength -1
0 FlexibleBrickLockedControlPoint 
0 NumOfBricks 5
1 28 -30.000000 9.999920 0.000000 1.000000 0.000000 0.000000 0.000000 1.000000 0.000000 0.000000 0.000000 1.000000 92099.dat
1 72 -80.000000 -14.000090 10.000000 1.000000 0.000000 0.000000 0.000000 1.000000 0.000000 0.000000 0.000000 1.000000 3040b.dat
1 71 -30.000000 1.999920 0.000000 1.000000 0.000000 0.000000 0.000000 1.000000 0.000000 0.000000 0.000000 1.000000 6179.dat
1 71 50.000000 1.999920 0.000000 1.000000 0.000000 0.000000 0.000000 1.000000 0.000000 0.000000 0.000000 1.000000 6179.dat
1 71 10.000000 -6.000080 30.000000 1.000000 0.000000 0.000000 0.000000 1.000000 0.000000 0.000000 0.000000 1.000000 4162.dat
0 NOFILE
0 FILE SubModel Group 4 Copy 5_Mirrored
0 SubModel Group 4_Mirrored
0 Name: SubModel Group 4 Copy 5_Mirrored
0 Author: 
0 CustomBrick
0 FlexibleBrickControlPointUnitLength -1
0 FlexibleBrickLockedControlPoint 
0 NumOfBricks 25
1 72 12.985070 -8.000000 9.999990 1.000000 0.000000 0.000000 0.000000 1.000000 0.000000 0.000000 0.000000 1.000000 3703.dat
1 72 152.985100 -8.000000 -20.000010 0.000000 0.000000 -1.000000 0.000000 1.000000 0.000000 1.000000 0.000000 0.000000 6232.dat
1 72 -47.014900 -8.000000 -20.000010 0.000000 0.000000 -1.000000 0.000000 1.000000 0.000000 1.000000 0.000000 0.000000 6232.dat
1 72 -7.014900 -8.000000 -20.000010 0.000000 0.000000 -1.000000 0.000000 1.000000 0.000000 1.000000 0.000000 0.000000 6232.dat
1 19 12.985070 -16.000010 -0.000010 1.000000 0.000000 0.000000 0.000000 1.000000 0.000000 0.000000 0.000000 1.000000 4282.dat
1 28 152.985100 -16.000010 -30.000000 1.000000 0.000000 0.000000 0.000000 1.000000 0.000000 0.000000 0.000000 1.000000 3023b.dat
1 72 -27.014900 -16.000010 -30.000000 1.000000 0.000000 0.000000 0.000000 1.000000 0.000000 0.000000 0.000000 1.000000 3710.dat
1 16 160.000000 -6.000020 -0.000010 1.000000 0.000000 0.000000 0.000000 1.000000 0.000000 0.000000 0.000000 1.000000 submodel group 1 copy 7_mirrored
1 71 72.985080 -24.000010 -0.000010 1.000000 0.000000 0.000000 0.000000 1.000000 0.000000 0.000000 0.000000 1.000000 6179.dat
1 71 -27.014900 -24.000010 -0.000010 1.000000 0.000000 0.000000 0.000000 1.000000 0.000000 0.000000 0.000000 1.000000 6180.dat
1 71 -147.014900 -24.000010 -0.000010 1.000000 0.000000 0.000000 0.000000 1.000000 0.000000 0.000000 0.000000 1.000000 6180.dat
1 0 182.985100 15.999980 9.999980 -1.000000 0.000000 0.000000 0.000000 1.000000 0.000000 0.000000 0.000000 -1.000000 2420.dat
1 71 -197.014900 -16.000010 -10.000000 0.000000 0.000000 1.000000 0.000000 1.000000 0.000000 -1.000000 0.000000 0.000000 3622.dat
1 16 -7.014900 22.000000 -19.999650 0.000000 0.000000 -1.000000 1.000000 0.000000 0.000000 0.000000 -1.000000 0.000000 submodel group 2 copy 6_mirrored
1 16 -47.014900 22.000000 -19.999660 0.000000 0.000000 -1.000000 1.000000 0.000000 0.000000 0.000000 -1.000000 0.000000 submodel group 2 copy 6_mirrored copy
1 16 152.985100 22.000000 -19.999640 0.000000 0.000000 -1.000000 1.000000 0.000000 0.000000 0.000000 -1.000000 0.000000 submodel group 2 copy 6_mirrored copy 2
1 72 -77.014900 -48.000020 29.999980 1.000000 0.000000 0.000000 0.000000 1.000000 0.000000 0.000000 0.000000 1.000000 3040b.dat
1 72 22.985110 -48.000020 29.999980 1.000000 0.000000 0.000000 0.000000 1.000000 0.000000 0.000000 0.000000 1.000000 3040b.dat
0 NOFILE
0 FILE SubModel Group 1 Copy 8
0 SubModel Group 1
0 Name: SubModel Group 1
0 Author: 
0 CustomBrick
0 FlexibleBrickControlPointUnitLength -1
0 FlexibleBrickLockedControlPoint 
0 NumOfBricks 44
1 19 20.000000 -64.000000 19.909090 1.000000 0.000000 0.000000 0.000000 1.000000 0.000000 0.000000 0.000000 1.000000 48336.dat
1 19 -20.000000 -64.000000 19.909090 1.000000 0.000000 0.000000 0.000000 1.000000 0.000000 0.000000 0.000000 1.000000 48336.dat
1 71 -100.000000 -64.000000 19.909090 1.000000 0.000000 0.000000 0.000000 1.000000 0.000000 0.000000 0.000000 1.000000 3666.dat
1 71 100.000000 -64.000000 19.909090 1.000000 0.000000 0.000000 0.000000 1.000000 0.000000 0.000000 0.000000 1.000000 3666.dat
1 71 0.000000 -56.000000 19.909090 1.000000 0.000000 0.000000 0.000000 1.000000 0.000000 0.000000 0.000000 1.000000 2465.dat
1 71 -140.000000 -32.000000 19.909090 1.000000 0.000000 0.000000 0.000000 1.000000 0.000000 0.000000 0.000000 1.000000 3702.dat
1 71 140.000000 -32.000000 19.909090 1.000000 0.000000 0.000000 0.000000 1.000000 0.000000 0.000000 0.000000 1.000000 3702.dat
1 72 0.000000 -32.000000 19.909090 1.000000 0.000000 0.000000 0.000000 1.000000 0.000000 0.000000 0.000000 1.000000 3009.dat
1 71 -140.000000 -8.000000 19.909090 1.000000 0.000000 0.000000 0.000000 1.000000 0.000000 0.000000 0.000000 1.000000 3666.dat
1 71 140.000000 -8.000000 19.909090 1.000000 0.000000 0.000000 0.000000 1.000000 0.000000 0.000000 0.000000 1.000000 3666.dat
1 0 60.000000 -8.000000 19.909090 1.000000 0.000000 0.000000 0.000000 1.000000 0.000000 0.000000 0.000000 1.000000 99207.dat
1 0 -60.000000 -8.000000 19.909090 1.000000 0.000000 0.000000 0.000000 1.000000 0.000000 0.000000 0.000000 1.000000 99207.dat
1 71 -200.000000 -40.000000 19.909090 1.000000 0.000000 0.000000 0.000000 1.000000 0.000000 0.000000 0.000000 1.000000 44728.dat
1 71 200.000000 -40.000000 19.909090 1.000000 0.000000 0.000000 0.000000 1.000000 0.000000 0.000000 0.000000 1.000000 44728.dat
1 179 -170.000000 -40.000000 19.909090 1.000000 0.000000 0.000000 0.000000 1.000000 0.000000 0.000000 0.000000 1.000000 6141.dat
1 179 170.000000 -40.000000 19.909090 1.000000 0.000000 0.000000 0.000000 1.000000 0.000000 0.000000 0.000000 1.000000 6141.dat
1 71 -190.000000 -64.000000 19.909090 1.000000 0.000000 0.000000 0.000000 1.000000 0.000000 0.000000 0.000000 1.000000 3622.dat
1 71 190.000000 -64.000000 19.909090 1.000000 0.000000 0.000000 0.000000 1.000000 0.000000 0.000000 0.000000 1.000000 3622.dat
1 71 -160.000000 -22.000000 9.909090 0.000000 0.000000 1.000000 0.000000 1.000000 0.000000 -1.000000 0.000000 0.000000 4274.dat
1 71 -100.000000 -22.000000 9.909090 0.000000 0.000000 1.000000 0.000000 1.000000 0.000000 -1.000000 0.000000 0.000000 4274.dat
1 71 100.000000 -22.000000 9.909090 0.000000 0.000000 1.000000 0.000000 1.000000 0.000000 -1.000000 0.000000 0.000000 4274.dat
1 71 160.000000 -22.000000 9.909090 0.000000 0.000000 1.000000 0.000000 1.000000 0.000000 -1.000000 0.000000 0.000000 4274.dat
1 72 -100.000000 -72.000000 19.909090 1.000000 0.000000 0.000000 0.000000 1.000000 0.000000 0.000000 0.000000 1.000000 4477.dat
1 72 100.000000 -72.000000 19.909090 1.000000 0.000000 0.000000 0.000000 1.000000 0.000000 0.000000 0.000000 1.000000 4477.dat
1 71 -60.000000 -80.000000 19.909090 1.000000 0.000000 0.000000 0.000000 1.000000 0.000000 0.000000 0.000000 1.000000 44728.dat
1 71 60.000000 -80.000000 19.909090 1.000000 0.000000 0.000000 0.000000 1.000000 0.000000 0.000000 0.000000 1.000000 44728.dat
1 19 -120.000000 -80.000000 19.909090 1.000000 0.000000 0.000000 0.000000 1.000000 0.000000 0.000000 0.000000 1.000000 3069b.dat
1 19 120.000000 -80.000000 19.909090 1.000000 0.000000 0.000000 0.000000 1.000000 0.000000 0.000000 0.000000 1.000000 3069b.dat
1 19 -60.000000 -88.000000 19.909090 1.000000 0.000000 0.000000 0.000000 1.000000 0.000000 0.000000 0.000000 1.000000 3069b.dat
1 19 60.000000 -88.000000 19.909090 1.000000 0.000000 0.000000 0.000000 1.000000 0.000000 0.000000 0.000000 1.000000 3069b.dat
1 72 -130.000000 -22.000000 1.909090 1.000000 0.000000 0.000000 0.000000 0.000000 -1.000000 0.000000 1.000000 0.000000 2431.dat
1 72 130.000000 -22.000000 1.909090 1.000000 0.000000 0.000000 0.000000 0.000000 -1.000000 0.000000 1.000000 0.000000 2431.dat
1 72 -210.000000 -20.000000 -2.090910 0.000000 0.000000 -1.000000 -1.000000 0.000000 0.000000 0.000000 1.000000 0.000000 15573.dat
1 72 -190.000000 -20.000000 -2.090910 0.000000 0.000000 -1.000000 -1.000000 0.000000 0.000000 0.000000 1.000000 0.000000 15573.dat
1 72 -70.000000 -20.000000 -2.090910 0.000000 0.000000 -1.000000 -1.000000 0.000000 0.000000 0.000000 1.000000 0.000000 15573.dat
1 72 70.000000 -20.000000 -2.090910 0.000000 0.000000 -1.000000 -1.000000 0.000000 0.000000 0.000000 1.000000 0.000000 15573.dat
1 72 210.000000 -20.000000 -2.090910 0.000000 0.000000 -1.000000 -1.000000 0.000000 0.000000 0.000000 1.000000 0.000000 15573.dat
1 72 190.000000 -20.000000 -2.090910 0.000000 0.000000 -1.000000 -1.000000 0.000000 0.000000 0.000000 1.000000 0.000000 15573.dat
1 72 -50.000000 -40.000000 -2.090910 0.000000 0.000000 -1.000000 -1.000000 0.000000 0.000000 0.000000 1.000000 0.000000 2431.dat
1 72 50.000020 -40.000000 -2.090910 0.000000 0.000000 -1.000000 -1.000000 0.000000 0.000000 0.000000 1.000000 0.000000 2431.dat
1 71 200.000000 -19.999990 -26.090940 0.000000 0.000000 -1.000000 -1.000000 0.000000 0.000000 0.000000 1.000000 0.000000 61409b.dat
1 71 -200.000000 -20.000000 -26.090910 0.000000 0.000000 1.000000 1.000000 0.000000 0.000000 0.000000 1.000000 0.000000 61409b.dat
1 72 -200.000000 -20.000000 -26.090910 0.000000 0.000000 -1.000000 -1.000000 0.000000 0.000000 0.000000 1.000000 0.000000 30359b.dat
1 72 200.000000 -19.999990 -26.090940 0.000000 0.000000 1.000000 1.000000 0.000000 0.000000 0.000000 1.000000 0.000000 30359b.dat
0 NOFILE
0 FILE SubModel Group 4 Copy 10
0 SubModel Group 4
0 Name: SubModel Group 4
0 Author: 
0 CustomBrick
0 FlexibleBrickControlPointUnitLength -1
0 FlexibleBrickLockedControlPoint 
0 NumOfBricks 44
1 28 -1.577510 -44.000000 -9.951230 1.000000 0.000000 0.000000 0.000000 -1.000000 0.000000 0.000000 0.000000 -1.000000 3023b.dat
1 16 -76.642160 -41.999940 58.474360 0.992546 0.000000 0.121869 0.000000 -1.000000 0.000000 0.121869 0.000000 -0.992546 submodel group_mirrored copy copy 4
1 320 58.422550 -44.000000 -19.951230 0.000000 0.000000 1.000000 0.000000 -1.000000 0.000000 1.000000 0.000000 0.000000 3020.dat
0 STEP
1 71 -1.577510 -68.000060 -49.951260 -1.000000 0.000000 0.000000 0.000000 -1.000000 0.000000 0.000000 0.000000 1.000000 3666.dat
1 71 -41.577580 -43.999940 90.048740 -1.000000 0.000000 0.000000 0.000000 -1.000000 0.000000 0.000000 0.000000 1.000000 2431.dat
0 STEP
1 71 -1.577510 -52.000000 -19.951230 1.000000 0.000000 0.000000 0.000000 -1.000000 0.000000 0.000000 0.000000 -1.000000 3032.dat
1 15 -21.577580 -60.000060 -49.951240 -1.000000 0.000000 0.000000 0.000000 -1.000000 0.000000 0.000000 0.000000 1.000000 60470b.dat
1 15 18.422420 -59.999940 -49.951240 -1.000000 0.000000 0.000000 0.000000 -1.000000 0.000000 0.000000 0.000000 1.000000 60470b.dat
1 320 -21.577580 -60.000060 0.048770 0.000000 0.000000 1.000000 0.000000 -1.000000 0.000000 1.000000 0.000000 0.000000 3020.dat
1 320 18.422360 -59.999940 0.048740 0.000000 0.000000 1.000000 0.000000 -1.000000 0.000000 1.000000 0.000000 0.000000 3020.dat
1 19 -51.577520 -60.000060 -39.951260 0.000000 0.000000 1.000000 0.000000 -1.000000 0.000000 1.000000 0.000000 0.000000 48336.dat
1 19 48.422420 -59.999940 -39.951240 0.000000 0.000000 -1.000000 0.000000 -1.000000 0.000000 -1.000000 0.000000 0.000000 48336.dat
1 19 -51.577520 -60.000060 0.048740 0.000000 0.000000 1.000000 0.000000 -1.000000 0.000000 1.000000 0.000000 0.000000 48336.dat
1 19 48.422360 -59.999940 0.048740 0.000000 0.000000 -1.000000 0.000000 -1.000000 0.000000 -1.000000 0.000000 0.000000 48336.dat
1 71 -1.577640 -51.999940 60.048740 1.000000 0.000000 0.000000 0.000000 -1.000000 0.000000 0.000000 0.000000 -1.000000 3035.dat
1 320 -61.577460 -44.000000 -19.951230 0.000000 0.000000 -1.000000 0.000000 -1.000000 0.000000 -1.000000 0.000000 0.000000 3020.dat
1 71 18.422490 -44.000000 20.048770 0.000000 0.000000 -1.000000 0.000000 -1.000000 0.000000 -1.000000 0.000000 0.000000 87580.dat
1 71 -21.577520 -44.000000 20.048770 0.000000 0.000000 -1.000000 0.000000 -1.000000 0.000000 -1.000000 0.000000 0.000000 87580.dat
1 320 -1.577510 -44.000000 -39.951240 1.000000 0.000000 0.000000 0.000000 -1.000000 0.000000 0.000000 0.000000 -1.000000 3020.dat
1 71 38.422360 -43.999940 90.048740 -1.000000 0.000000 0.000000 0.000000 -1.000000 0.000000 0.000000 0.000000 1.000000 2431.dat
1 15 -1.577510 -36.000000 -49.951240 -1.000000 0.000000 0.000000 0.000000 -1.000000 0.000000 0.000000 0.000000 1.000000 4510.dat
1 72 -1.577510 -36.000000 -19.951230 0.000000 0.000000 -1.000000 0.000000 -1.000000 0.000000 -1.000000 0.000000 0.000000 3022.dat
1 72 -21.577520 -36.000000 20.048740 0.000000 0.000000 1.000001 0.000000 -1.000000 0.000000 1.000001 0.000000 0.000000 15712.dat
1 72 18.421750 -36.000000 20.049130 0.000000 0.000000 1.000000 0.000000 -1.000000 0.000000 1.000000 0.000000 0.000000 15712.dat
1 72 -61.577460 -20.000000 -29.951230 1.000000 0.000000 0.000000 0.000000 -1.000000 0.000000 0.000000 0.000000 -1.000000 3039.dat
1 72 58.422550 -20.000000 -29.951230 1.000000 0.000000 0.000000 0.000000 -1.000000 0.000000 0.000000 0.000000 -1.000000 3039.dat
1 71 22.421820 -30.000000 20.049130 0.000000 -1.000000 0.000000 -1.000000 0.000000 0.000000 0.000000 0.000000 -1.000000 87994.dat
1 72 -1.577450 -12.000000 -29.951230 0.000000 0.000000 1.000000 0.000000 -1.000000 0.000000 1.000000 0.000000 0.000000 3002.dat
1 72 28.422480 -12.000000 -49.951260 0.000000 0.000000 -1.000000 0.000000 -1.000000 0.000000 -1.000000 0.000000 0.000000 3062b.dat
1 72 -31.577520 -12.000000 -49.951240 0.000000 0.000000 -1.000000 0.000000 -1.000000 0.000000 -1.000000 0.000000 0.000000 3062b.dat
1 16 67.054440 -43.999940 79.768740 0.987690 0.000000 -0.156435 0.000000 -1.000000 0.000000 -0.156435 0.000000 -0.987690 submodel group 3 copy 11
1 71 -1.577450 -4.000000 -19.951260 1.000000 0.000000 0.000000 0.000000 -1.000000 0.000000 0.000000 0.000000 -1.000000 6179.dat
1 72 5.622500 -30.000000 20.048740 0.000000 0.000000 -1.000001 -1.000000 0.000000 0.000000 0.000000 1.000001 0.000000 11090.dat
1 72 -6.587520 -30.000000 20.048740 0.000000 0.000000 -1.000001 -1.000000 0.000000 0.000000 0.000000 1.000001 0.000000 11090.dat
1 71 -6.587520 -30.000000 100.048800 0.000000 0.000000 1.000000 -1.000000 0.000000 0.000000 0.000000 -1.000000 0.000000 87994.dat
1 71 5.622500 -30.000000 40.048770 0.000000 0.000000 -1.000000 -1.000000 0.000000 0.000000 0.000000 1.000000 0.000000 87994.dat
1 0 -41.577580 -68.000060 -19.951260 0.000000 0.000000 -1.000000 0.000000 -1.000000 0.000000 -1.000000 0.000000 0.000000 2654.dat
1 0 38.422300 -67.999940 -19.951230 0.000000 0.000000 -1.000000 0.000000 -1.000000 0.000000 -1.000000 0.000000 0.000000 2654.dat
0 STEP
0 NOFILE
0 FILE SubModel Group 5 Copy 8
0 SubModel Group 5
0 Name: SubModel Group 5
0 Author: 
0 CustomBrick
0 FlexibleBrickControlPointUnitLength -1
0 FlexibleBrickLockedControlPoint 
0 NumOfBricks 63
1 71 -99.852970 -40.000050 177.630200 0.000000 0.000000 1.000000 0.000000 1.000000 0.000000 -1.000000 0.000000 0.000000 2431.dat
1 71 -9.852960 -40.000080 -142.369900 0.000000 0.000000 1.000000 0.000000 1.000000 0.000000 -1.000000 0.000000 0.000000 41862.dat
1 71 -9.854090 -64.000080 -142.370100 0.000000 0.000000 1.000007 0.000000 1.000000 0.000000 -1.000007 0.000000 0.000000 30367c.dat
0 STEP
1 28 50.146940 -31.999980 -72.369830 1.000000 0.000000 0.000000 0.000000 1.000000 0.000000 0.000000 0.000000 1.000000 3023b.dat
1 71 110.146900 -31.999970 -92.369850 -1.000000 0.000000 0.000000 0.000000 1.000000 0.000000 0.000000 0.000000 -1.000000 43722.dat
1 71 120.146900 -31.999970 -152.369800 0.000000 0.000000 1.000000 0.000000 1.000000 0.000000 -1.000000 0.000000 0.000000 63864.dat
1 72 60.146210 -31.999980 37.630150 -1.000000 0.000000 0.000000 0.000000 1.000000 0.000000 0.000000 0.000000 -1.000000 50304.dat
1 72 -39.852360 -32.000010 37.630160 1.000000 0.000000 0.000000 0.000000 1.000000 0.000000 0.000000 0.000000 1.000000 50304.dat
1 71 10.146940 -32.000010 57.630160 0.000000 0.000000 1.000000 0.000000 1.000000 0.000000 -1.000000 0.000000 0.000000 3034.dat
1 28 10.146940 -32.000010 -32.369840 1.000000 0.000000 0.000000 0.000000 1.000000 0.000000 0.000000 0.000000 1.000000 3023b.dat
1 72 10.146940 -24.000010 67.630160 1.000000 0.000000 0.000000 0.000000 1.000000 0.000000 0.000000 0.000000 1.000000 3710.dat
1 71 -69.852970 -32.000040 197.630200 0.000000 0.000000 -1.000000 0.000000 1.000000 0.000000 1.000000 0.000000 0.000000 6106.dat
1 320 -89.852920 -24.000050 157.630200 0.000000 0.000000 1.000000 0.000000 1.000000 0.000000 -1.000000 0.000000 0.000000 3020.dat
1 72 -69.852970 -32.000040 127.630100 1.000000 0.000000 0.000000 0.000000 1.000000 0.000000 0.000000 0.000000 1.000000 3710.dat
1 71 -9.853030 -24.000010 137.630200 0.000000 0.000000 -1.000000 0.000000 1.000000 0.000000 1.000000 0.000000 0.000000 6106.dat
1 71 50.146940 -31.999980 -92.369830 1.000000 0.000000 0.000000 0.000000 1.000000 0.000000 0.000000 0.000000 1.000000 88072.dat
1 71 -59.852420 -40.000040 97.630180 0.000000 0.000000 -1.000000 0.000000 1.000000 0.000000 1.000000 0.000000 0.000000 88072.dat
1 71 70.146930 -31.999980 -132.369800 -1.000000 0.000000 0.000000 0.000000 1.000000 0.000000 0.000000 0.000000 -1.000000 2431.dat
1 71 -139.852900 -40.000050 197.630200 -1.000000 0.000000 0.000000 0.000000 1.000000 0.000000 0.000000 0.000000 -1.000000 54384.dat
1 71 -19.853060 -40.000040 -62.369840 0.000000 0.000000 -1.000000 0.000000 1.000000 0.000000 1.000000 0.000000 0.000000 2431.dat
1 179 -19.852360 -40.000000 107.630200 1.000000 0.000000 0.000000 0.000000 1.000000 0.000000 0.000000 0.000000 1.000000 6141.dat
1 16 28.834810 -40.000010 75.513460 -0.453991 0.000000 -0.891006 0.000000 1.000000 0.000000 0.891007 0.000000 -0.453991 submodel group 1 copy 13
1 16 -34.183040 -40.000040 162.669800 -0.669131 0.000000 -0.743146 0.000000 1.000000 0.000000 0.743146 0.000000 -0.669131 submodel group 1 copy 13
1 16 88.692840 -39.999980 -83.987120 -0.469472 0.000000 -0.882948 0.000000 1.000000 0.000000 0.882948 0.000000 -0.469472 submodel group copy 6
1 16 64.103560 -39.999980 5.270580 -0.743145 0.000000 -0.669131 0.000000 1.000000 0.000000 0.669131 0.000000 -0.743146 submodel group copy 6
1 320 10.146880 -16.000010 -142.369800 1.000000 0.000000 0.000000 0.000000 1.000000 0.000000 0.000000 0.000000 1.000000 3020.dat
1 15 30.146880 -16.000010 -172.369800 1.000000 0.000000 0.000000 0.000000 1.000000 0.000000 0.000000 0.000000 1.000000 60470b.dat
1 15 -9.853030 -16.000010 -172.369800 1.000000 0.000000 0.000000 0.000000 1.000000 0.000000 0.000000 0.000000 1.000000 60470b.dat
1 72 30.146880 -16.000010 -2.369840 1.000000 0.000000 0.000000 0.000000 1.000000 0.000000 0.000000 0.000000 1.000000 3022.dat
1 16 40.229310 -69.767620 -134.838200 0.342020 -0.939693 0.000000 0.000000 0.000000 1.000000 -0.939693 -0.342020 0.000000 submodel group 2 copy 11
1 16 -46.941280 -72.500020 74.096980 0.453990 -0.891007 0.000000 0.000000 0.000000 1.000000 -0.891007 -0.453990 0.000000 submodel group 2 copy 11
0 STEP
1 320 10.146880 -8.000010 -162.369800 -1.000000 0.000000 0.000000 0.000000 1.000000 0.000000 0.000000 0.000000 -1.000000 3020.dat
1 71 70.146880 -23.999980 -62.369840 -1.000000 0.000000 0.000000 0.000000 1.000000 0.000000 0.000000 0.000000 -1.000000 30356.dat
1 72 -9.853030 -24.000010 -62.369840 0.000000 0.000000 1.000000 0.000000 1.000000 0.000000 -1.000000 0.000000 0.000000 2445.dat
1 72 0.147000 -32.000010 -152.369800 1.000000 0.000000 0.000000 0.000000 1.000000 0.000000 0.000000 0.000000 1.000000 11212.dat
1 72 0.146940 -32.000010 -92.369830 1.000000 0.000000 0.000000 0.000000 1.000000 0.000000 0.000000 0.000000 1.000000 11212.dat
1 71 30.146940 -32.000010 -52.369840 1.000000 0.000000 0.000000 0.000000 1.000000 0.000000 0.000000 0.000000 1.000000 3666.dat
0 STEP
0 NOFILE
0 FILE SubModel Group 5_Mirrored Copy 4
0 SubModel Group 5_Mirrored
0 Name: SubModel Group 5_Mirrored
0 Author: 
0 CustomBrick
0 FlexibleBrickControlPointUnitLength -1
0 FlexibleBrickLockedControlPoint 
0 NumOfBricks 63
1 71 80.499940 8.999969 147.014900 0.000000 0.000000 -1.000000 0.000000 1.000000 0.000000 1.000000 0.000000 0.000000 2431.dat
1 71 -9.498870 -14.999980 -172.984800 0.000000 0.000000 -1.000007 0.000000 1.000000 0.000000 1.000007 0.000000 0.000000 30367c.dat
1 71 -9.500000 9.000020 -172.985100 0.000000 0.000000 -1.000000 0.000000 1.000000 0.000000 1.000000 0.000000 0.000000 41862.dat
0 STEP
1 28 -69.499970 17.000040 -102.985100 1.000000 0.000000 0.000000 0.000000 1.000000 0.000000 0.000000 0.000000 1.000000 3023b.dat
1 71 -129.499900 17.000040 -122.985100 -1.000000 0.000000 0.000000 0.000000 1.000000 0.000000 0.000000 0.000000 -1.000000 43723.dat
1 71 -139.499900 17.000040 -182.985100 0.000000 0.000000 -1.000000 0.000000 1.000000 0.000000 1.000000 0.000000 0.000000 63864.dat
1 72 -79.499240 17.000040 7.014860 -1.000000 0.000000 0.000000 0.000000 1.000000 0.000000 0.000000 0.000000 -1.000000 50305.dat
1 72 20.499330 17.000000 7.014880 1.000000 0.000000 0.000000 0.000000 1.000000 0.000000 0.000000 0.000000 1.000000 50305.dat
1 71 -29.499970 17.000010 27.014880 0.000000 0.000000 -1.000000 0.000000 1.000000 0.000000 1.000000 0.000000 0.000000 3034.dat
1 28 -29.499970 17.000010 -62.985120 1.000000 0.000000 0.000000 0.000000 1.000000 0.000000 0.000000 0.000000 1.000000 3023b.dat
1 72 -29.499940 25.000010 37.014880 1.000000 0.000000 0.000000 0.000000 1.000000 0.000000 0.000000 0.000000 1.000000 3710.dat
1 71 50.499940 16.999970 167.014900 -1.000000 0.000000 0.000000 0.000000 1.000000 0.000000 0.000000 0.000000 -1.000000 6106.dat
1 320 70.499880 24.999970 127.014900 0.000000 0.000000 -1.000000 0.000000 1.000000 0.000000 1.000000 0.000000 0.000000 3020.dat
1 72 50.499940 16.999970 97.014850 1.000000 0.000000 0.000000 0.000000 1.000000 0.000000 0.000000 0.000000 1.000000 3710.dat
1 71 -9.500000 25.000010 107.014900 -1.000000 0.000000 0.000000 0.000000 1.000000 0.000000 0.000000 0.000000 -1.000000 6106.dat
1 71 -69.499970 17.000040 -122.985100 1.000000 0.000000 0.000000 0.000000 1.000000 0.000000 0.000000 0.000000 1.000000 88072.dat
1 71 40.499390 8.999980 67.014860 0.000000 0.000000 1.000000 0.000000 1.000000 0.000000 -1.000000 0.000000 0.000000 88072.dat
1 71 -89.499970 17.000040 -162.985100 -1.000000 0.000000 0.000000 0.000000 1.000000 0.000000 0.000000 0.000000 -1.000000 2431.dat
1 71 120.499900 8.999969 167.014900 -1.000000 0.000000 0.000000 0.000000 1.000000 0.000000 0.000000 0.000000 -1.000000 54383.dat
1 71 0.500060 8.999980 -92.985130 0.000000 0.000000 1.000000 0.000000 1.000000 0.000000 -1.000000 0.000000 0.000000 2431.dat
1 179 0.499330 9.000020 77.014880 1.000000 0.000000 0.000000 0.000000 1.000000 0.000000 0.000000 0.000000 1.000000 6141.dat
1 16 -29.343900 7.000000 37.541350 -0.453991 0.000000 0.891006 0.000000 1.000000 0.000000 -0.891006 0.000000 -0.453991 submodel group 1_mirrored copy 5
1 16 31.127810 6.999970 120.071200 -0.669130 0.000000 0.743145 0.000000 1.000000 0.000000 -0.743145 0.000000 -0.669130 submodel group 1_mirrored copy copy 4
1 16 -85.550940 7.000030 -115.237500 -0.469472 0.000000 0.882948 0.000000 1.000000 0.000000 -0.882948 0.000000 -0.469472 submodel group_mirrored copy 5
1 16 -62.535430 7.000030 -33.635220 -0.743145 0.000000 0.669130 0.000000 1.000000 0.000000 -0.669130 0.000000 -0.743145 submodel group_mirrored copy 2 copy 4
1 320 -29.499880 33.000010 -172.985100 1.000000 0.000000 0.000000 0.000000 1.000000 0.000000 0.000000 0.000000 1.000000 3020.dat
1 15 -49.499910 33.000010 -202.985100 1.000000 0.000000 0.000000 0.000000 1.000000 0.000000 0.000000 0.000000 1.000000 60470b.dat
1 15 -9.500000 33.000000 -202.985100 1.000000 0.000000 0.000000 0.000000 1.000000 0.000000 0.000000 0.000000 1.000000 60470b.dat
1 72 -49.499910 33.000010 -32.985130 1.000000 0.000000 0.000000 0.000000 1.000000 0.000000 0.000000 0.000000 1.000000 3022.dat
1 16 -96.083010 -16.267600 -144.985100 0.342020 0.939693 0.000000 0.000000 0.000000 1.000000 0.939693 -0.342020 0.000000 submodel group 2_mirrored copy 5
1 16 -6.145870 -19.000010 68.245790 0.453990 0.891007 0.000000 0.000000 0.000000 1.000000 0.891007 -0.453990 0.000000 submodel group 2_mirrored copy copy 4
0 STEP
1 320 -29.499880 41.000010 -192.985100 -1.000000 0.000000 0.000000 0.000000 1.000000 0.000000 0.000000 0.000000 -1.000000 3020.dat
1 71 -89.499910 25.000040 -92.985130 -1.000000 0.000000 0.000000 0.000000 1.000000 0.000000 0.000000 0.000000 -1.000000 30355.dat
1 72 -9.500000 25.000000 -92.985130 0.000000 0.000000 -1.000000 0.000000 1.000000 0.000000 1.000000 0.000000 0.000000 2445.dat
1 72 -19.500000 17.000010 -182.985100 1.000000 0.000000 0.000000 0.000000 1.000000 0.000000 0.000000 0.000000 1.000000 11212.dat
1 72 -19.499940 17.000010 -122.985100 1.000000 0.000000 0.000000 0.000000 1.000000 0.000000 0.000000 0.000000 1.000000 11212.dat
1 71 -49.499940 17.000010 -82.985120 1.000000 0.000000 0.000000 0.000000 1.000000 0.000000 0.000000 0.000000 1.000000 3666.dat
0 STEP
0 NOFILE
0 FILE SubModel Group 100
0 SubModel Group 100
0 Name: SubModel Group 100
0 Author: 
0 CustomBrick
0 FlexibleBrickControlPointUnitLength -1
0 FlexibleBrickLockedControlPoint 
0 NumOfBricks 101
1 16 44.846710 -12.281010 0.000010 1.000000 0.000000 0.000000 0.000000 1.000000 0.000000 0.000000 0.000000 1.000000 submodel group 103
0 STEP
0 STEP
0 NOFILE
0 FILE SubModel Group 102
0 SubModel Group 102
0 Name: SubModel Group 102
0 Author: 
0 CustomBrick
0 FlexibleBrickControlPointUnitLength -1
0 FlexibleBrickLockedControlPoint 
0 NumOfBricks 6
1 0 0.000010 -50.000040 0.000020 0.000000 0.000000 -1.000000 -1.000000 0.000000 0.000000 0.000000 1.000000 0.000000 32140.dat
1 0 0.000000 -30.000030 -20.000010 0.000000 1.000000 0.000000 0.000000 0.000000 1.000000 1.000000 0.000000 0.000000 32039.dat
1 0 -0.000010 -29.999980 20.000000 0.000000 1.000000 0.000000 0.000000 0.000000 1.000000 1.000000 0.000000 0.000000 32039.dat
1 1 0.000000 -20.000010 -20.000010 0.000000 1.000000 0.000000 -1.000000 0.000000 0.000000 0.000000 0.000000 1.000000 43093.dat
1 1 0.000010 -20.000000 20.000000 0.000000 1.000000 0.000000 -1.000000 0.000000 0.000000 0.000000 0.000000 1.000000 43093.dat
1 14 0.000320 -49.999260 -0.000020 0.000001 -1.000000 -0.000004 0.000000 -0.000004 1.000000 -1.000000 -0.000001 0.000000 4519.dat
0 NOFILE
0 FILE SubModel Group 100_Mirrored
0 SubModel Group 100_Mirrored
0 Name: SubModel Group 100_Mirrored
0 Author: 
0 CustomBrick
0 FlexibleBrickControlPointUnitLength -1
0 FlexibleBrickLockedControlPoint 
0 NumOfBricks 101
1 16 -0.000010 0.000050 0.000000 1.000000 0.000000 0.000000 0.000000 1.000000 0.000000 0.000000 0.000000 1.000000 submodel group 103_mirrored
0 STEP
0 STEP
0 NOFILE
0 FILE SubModel Group 102_Mirrored
0 SubModel Group 102_Mirrored
0 Name: SubModel Group 102_Mirrored
0 Author: 
0 CustomBrick
0 FlexibleBrickControlPointUnitLength -1
0 FlexibleBrickLockedControlPoint 
0 NumOfBricks 6
1 0 -30.000080 -10.499960 0.000030 0.000000 0.000000 1.000000 -1.000000 0.000000 0.000000 0.000000 -1.000000 0.000000 32140.dat
1 0 -30.000060 9.500060 -20.000000 0.000000 -1.000000 0.000000 0.000000 0.000000 1.000000 -1.000000 0.000000 0.000000 32039.dat
1 0 -30.000070 9.500150 20.000000 0.000000 -1.000000 0.000000 0.000000 0.000000 1.000000 -1.000000 0.000000 0.000000 32039.dat
1 1 -30.000060 19.500120 -20.000000 0.000000 -1.000000 0.000000 -1.000000 0.000000 0.000000 0.000000 0.000000 -1.000000 43093.dat
1 1 -30.000070 19.500090 20.000000 0.000000 -1.000000 0.000000 -1.000000 0.000000 0.000000 0.000000 0.000000 -1.000000 43093.dat
1 14 -30.000390 -10.499170 -0.000020 0.000001 1.000000 0.000004 0.000000 -0.000004 1.000000 1.000000 -0.000001 0.000000 4519.dat
0 NOFILE
0 FILE SubModel Group 7 Copy 3
0 SubModel Group 7
0 Name: SubModel Group 7
0 Author: 
0 CustomBrick
0 FlexibleBrickControlPointUnitLength -1
0 FlexibleBrickLockedControlPoint 
0 NumOfBricks 64
1 16 -19.909080 0.000000 -100.059200 1.000000 0.000000 0.000000 0.000000 1.000000 0.000000 0.000000 0.000000 1.000000 submodel group 11 copy 3
0 STEP
0 STEP
0 NOFILE
0 FILE SubModel Group 13 Copy 2
0 SubModel Group 13
0 Name: SubModel Group 13
0 Author: 
0 CustomBrick
0 FlexibleBrickControlPointUnitLength -1
0 FlexibleBrickLockedControlPoint 
0 NumOfBricks 3
1 71 0.000000 -24.000000 0.000000 0.000000 0.000000 -1.000000 0.000000 1.000000 0.000000 1.000000 0.000000 0.000000 15535.dat
1 71 0.000000 -8.000000 -0.000010 1.000000 0.000000 0.000000 0.000000 1.000000 0.000000 0.000000 0.000000 1.000000 3021.dat
1 72 -0.000030 -16.000000 0.000000 0.000000 0.000000 1.000000 0.000000 1.000000 0.000000 -1.000000 0.000000 0.000000 15573.dat
0 NOFILE
0 FILE SubModel Group 37
0 SubModel Group 37
0 Name: SubModel Group 37
0 Author: 
0 CustomBrick
0 FlexibleBrickControlPointUnitLength -1
0 FlexibleBrickLockedControlPoint 
0 NumOfBricks 1459
1 16 560.661500 -297.721600 -28.289760 1.000000 0.000000 0.000000 0.000000 1.000000 0.000000 0.000000 0.000000 1.000000 submodel group 29
0 STEP
1 16 -201.234600 -305.721600 -54.070160 1.000000 0.000000 0.000000 0.000000 1.000000 0.000000 0.000000 0.000000 1.000000 submodel group 36
1 72 -427.604400 -339.480600 -78.292390 1.000000 0.000000 -0.000524 -0.000524 0.000000 -1.000000 0.000000 1.000000 0.000000 32523.dat
1 1 -427.620200 -359.480800 -58.292340 0.000000 0.000524 -1.000005 0.000000 1.000005 0.000524 1.000000 0.000000 0.000000 6558.dat
1 1 -427.599300 -319.480600 -58.292360 0.000000 0.000524 -1.000005 0.000000 1.000005 0.000524 1.000000 0.000000 0.000000 6558.dat
1 72 -367.574200 -339.721600 -78.292590 1.000006 0.000000 0.000000 0.000000 0.000000 -1.000000 0.000000 1.000006 0.000000 32523.dat
1 0 -367.574300 -319.721600 -68.292700 0.000000 0.000000 -1.000006 0.000000 1.000000 0.000000 1.000006 0.000000 0.000000 4459.dat
1 0 -367.568100 -359.721600 -68.292300 0.000000 0.000000 -1.000000 0.000000 1.000000 0.000000 1.000000 0.000000 0.000000 4459.dat
1 4 -327.573300 -339.721600 -78.294860 -1.000005 0.000000 0.000000 0.000000 0.000000 1.000000 0.000000 1.000005 0.000000 32523.dat
1 0 -327.573300 -319.721600 -68.294900 0.000000 0.000000 -1.000005 0.000000 1.000000 0.000000 1.000005 0.000000 0.000000 4459.dat
1 0 -327.568100 -359.721600 -68.292300 0.000000 0.000000 -1.000000 0.000000 1.000000 0.000000 1.000000 0.000000 0.000000 4459.dat
1 4 -207.567800 -339.721600 -78.292000 -1.000000 0.000000 0.000000 0.000000 0.000000 1.000000 0.000000 1.000000 0.000000 32523.dat
1 0 -207.567900 -319.721600 -68.292330 0.000000 0.000000 -1.000000 0.000000 1.000000 0.000000 1.000000 0.000000 0.000000 4459.dat
1 0 -207.567900 -359.721600 -68.292300 0.000000 0.000000 -1.000000 0.000000 1.000000 0.000000 1.000000 0.000000 0.000000 4459.dat
1 70 -167.592000 -305.616900 11.707700 0.000000 0.000524 -1.000000 0.000000 1.000000 0.000524 1.000000 0.000000 0.000000 3832.dat
0 STEP
1 0 -197.604400 -329.601200 101.707700 -1.000000 0.000524 0.000000 0.000524 1.000000 0.000000 0.000000 0.000000 -1.000000 32555.dat
1 1 -227.599200 -319.585400 61.707630 0.000000 0.000524 -1.000000 0.000000 1.000000 0.000524 1.000000 0.000000 0.000000 6558.dat
1 1 -187.599200 -319.606400 61.707630 0.000000 0.000524 -1.000000 0.000000 1.000000 0.000524 1.000000 0.000000 0.000000 6558.dat
1 0 -307.604400 -329.543600 81.707630 1.000000 0.000524 0.000000 -0.000524 1.000000 0.000000 0.000000 0.000000 1.000000 32018.dat
1 71 -127.567800 -329.721600 41.707640 1.000000 0.000000 0.000000 0.000000 1.000000 0.000000 0.000000 0.000000 1.000000 3895.dat
1 71 -27.567810 -319.721600 41.707580 0.000000 0.000000 1.000000 0.000000 1.000000 0.000000 -1.000000 0.000000 0.000000 32054.dat
1 71 -107.567800 -319.721600 41.707580 0.000000 0.000000 1.000000 0.000000 1.000000 0.000000 -1.000000 0.000000 0.000000 32054.dat
1 72 32.432190 -329.721600 21.707580 1.000000 0.000000 0.000000 0.000000 1.000000 0.000000 0.000000 0.000000 1.000000 3703.dat
1 0 -67.567880 -319.721600 11.707520 0.000000 0.000000 1.000000 0.000000 1.000000 0.000000 -1.000000 0.000000 0.000000 4459.dat
1 0 92.432130 -319.721600 11.707520 0.000000 0.000000 1.000000 0.000000 1.000000 0.000000 -1.000000 0.000000 0.000000 4459.dat
1 71 -157.599200 -319.622100 131.707700 -1.000000 0.000524 0.000000 0.000524 1.000000 0.000000 0.000000 0.000000 -1.000000 32054.dat
1 71 -157.599200 -319.622100 111.707700 -1.000000 0.000524 0.000000 0.000524 1.000000 0.000000 0.000000 0.000000 -1.000000 32054.dat
1 72 32.432010 -329.721600 1.707520 1.000000 0.000000 0.000000 0.000000 1.000000 0.000000 0.000000 0.000000 1.000000 3703.dat
1 71 -387.608600 -337.501700 81.707630 1.000000 0.000524 0.000000 -0.000524 1.000000 0.000000 0.000000 0.000000 1.000000 3666.dat
1 71 -387.612900 -345.501700 81.707630 1.000000 0.000524 0.000000 -0.000524 1.000000 0.000000 0.000000 0.000000 1.000000 3666.dat
1 28 -117.568100 -337.721600 11.707460 0.000000 0.000000 1.000000 0.000000 1.000000 0.000000 -1.000000 0.000000 0.000000 3023b.dat
1 28 -117.568200 -345.721600 11.707400 0.000000 0.000000 1.000000 0.000000 1.000000 0.000000 -1.000000 0.000000 0.000000 3023b.dat
1 28 -177.608800 -337.611600 71.707630 0.000000 0.000524 1.000000 0.000000 1.000000 -0.000524 -1.000000 0.000000 0.000000 3023b.dat
1 28 -177.613100 -345.611600 71.707560 0.000000 0.000524 1.000000 0.000000 1.000000 -0.000524 -1.000000 0.000000 0.000000 3023b.dat
1 0 -197.625300 -369.601200 101.707700 -1.000000 0.000524 0.000000 0.000524 1.000000 0.000000 0.000000 0.000000 -1.000000 32555.dat
1 1 -187.620200 -359.606400 61.707640 0.000000 0.000524 1.000000 0.000000 1.000000 -0.000524 -1.000000 0.000000 0.000000 6558.dat
1 1 -227.620200 -359.585400 61.707640 0.000000 0.000524 1.000000 0.000000 1.000000 -0.000524 -1.000000 0.000000 0.000000 6558.dat
1 0 -307.625300 -369.543500 81.707630 1.000000 0.000524 0.000000 -0.000524 1.000000 0.000000 0.000000 0.000000 1.000000 32018.dat
1 71 -127.567900 -369.721600 41.707640 1.000000 0.000000 0.000000 0.000000 1.000000 0.000000 0.000000 0.000000 1.000000 3895.dat
1 71 -27.568060 -359.721600 41.707580 0.000000 0.000000 1.000000 0.000000 1.000000 0.000000 -1.000000 0.000000 0.000000 32054.dat
1 71 -107.568100 -359.721600 41.707580 0.000000 0.000000 1.000000 0.000000 1.000000 0.000000 -1.000000 0.000000 0.000000 32054.dat
1 72 32.431950 -369.721600 21.707580 1.000000 0.000000 0.000000 0.000000 1.000000 0.000000 0.000000 0.000000 1.000000 3703.dat
1 71 -157.620100 -359.622100 131.707700 -1.000000 0.000524 0.000000 0.000524 1.000000 0.000000 0.000000 0.000000 -1.000000 32054.dat
1 71 -157.620100 -359.622100 111.707700 -1.000000 0.000524 0.000000 0.000524 1.000000 0.000000 0.000000 0.000000 -1.000000 32054.dat
1 0 -67.568180 -359.721600 11.707520 0.000000 0.000000 1.000000 0.000000 1.000000 0.000000 -1.000000 0.000000 0.000000 4459.dat
1 0 92.431960 -359.721600 11.707520 0.000000 0.000000 1.000000 0.000000 1.000000 0.000000 -1.000000 0.000000 0.000000 4459.dat
1 72 32.431820 -369.721600 1.707520 1.000000 0.000000 0.000000 0.000000 1.000000 0.000000 0.000000 0.000000 1.000000 3703.dat
1 19 12.431700 -359.721600 -8.292540 0.000000 0.000000 1.000000 0.000000 1.000000 0.000000 -1.000000 0.000000 0.000000 32002.dat
1 14 -87.567920 -377.721600 41.707640 1.000000 0.000000 0.000000 0.000000 1.000000 0.000000 0.000000 0.000000 1.000000 3710.dat
1 14 -157.629600 -377.622100 111.707600 0.000000 0.000524 1.000000 0.000000 1.000000 -0.000524 -1.000000 0.000000 0.000000 3710.dat
1 16 32.431640 -310.721600 -18.294800 1.000000 0.000000 0.000000 0.000000 1.000000 0.000000 0.000000 0.000000 1.000000 submodel group 30
1 16 32.432190 -310.721600 41.709900 -1.000000 0.000000 0.000000 0.000000 1.000000 0.000000 0.000000 0.000000 -1.000000 submodel group 30
0 STEP
1 16 -367.594300 -310.512100 98.041000 1.000000 0.000524 0.000000 -0.000524 1.000000 0.000000 0.000000 0.000000 1.000000 submodel group 31
1 16 -327.594500 -310.533100 98.041000 1.000000 0.000524 0.000000 -0.000524 1.000000 0.000000 0.000000 0.000000 1.000000 submodel group 32
1 16 -307.591500 -305.543600 11.707820 1.000000 0.000524 0.000000 -0.000524 1.000000 0.000000 0.000000 0.000000 1.000000 submodel group 33
1 16 -373.605400 -331.223200 11.707640 0.000000 1.000000 -0.000524 0.000000 -0.000524 -1.000000 -1.000000 0.000000 0.000000 submodel group 34
1 16 -427.594300 -310.480700 95.374500 1.000000 0.000524 0.000000 -0.000524 1.000000 0.000000 0.000000 0.000000 1.000000 submodel group 35
1 72 -446.915000 -314.294300 61.707810 0.259325 0.000000 0.965791 0.965790 0.000000 -0.259325 0.000000 1.000000 0.000000 32523.dat
1 72 -446.915100 -314.294300 -38.292240 0.259324 0.000000 0.965791 0.965790 0.000000 -0.259324 0.000000 1.000000 -0.000001 32523.dat
0 STEP
1 71 -157.567800 -319.721600 -88.292330 -1.000000 0.000000 0.000000 0.000000 1.000000 0.000000 0.000000 0.000000 -1.000000 32054.dat
1 71 -157.567800 -319.721600 -108.292300 -1.000000 0.000000 0.000000 0.000000 1.000000 0.000000 0.000000 0.000000 -1.000000 32054.dat
1 71 -157.567900 -359.721600 -88.292300 -1.000000 0.000000 0.000000 0.000000 1.000000 0.000000 0.000000 0.000000 -1.000000 32054.dat
1 71 -157.567900 -359.721600 -108.292300 -1.000000 0.000000 0.000000 0.000000 1.000000 0.000000 0.000000 0.000000 -1.000000 32054.dat
1 19 -177.629700 -377.611600 11.707610 0.000000 0.000524 -1.000000 0.000000 1.000000 0.000524 1.000000 0.000000 0.000000 3460.dat
0 STEP
1 19 -87.567580 -329.721600 351.706900 0.000000 0.000000 -1.000000 0.000000 1.000000 0.000000 1.000000 0.000000 0.000000 6232.dat
1 0 -87.567580 -337.721600 351.706900 1.000000 0.000000 0.000000 0.000000 1.000000 0.000000 0.000000 0.000000 1.000000 32001.dat
1 0 -87.567580 -345.721600 351.706900 1.000000 0.000000 0.000000 0.000000 1.000000 0.000000 0.000000 0.000000 1.000000 32001.dat
1 72 -47.567700 -369.721500 351.706900 0.000000 0.000000 1.000000 0.000000 1.000000 0.000000 -1.000000 0.000000 0.000000 30000.dat
1 72 -127.567700 -369.721500 351.706900 0.000000 0.000000 1.000000 0.000000 1.000000 0.000000 -1.000000 0.000000 0.000000 30000.dat
1 72 -87.567690 -369.721500 321.707000 1.000000 0.000000 0.000000 0.000000 1.000000 0.000000 0.000000 0.000000 1.000000 3894.dat
1 72 -177.629500 -377.611600 191.707700 0.000000 0.000524 1.000000 0.000000 1.000000 -0.000524 -1.000000 0.000000 0.000000 4477.dat
1 0 -177.604300 -329.611600 231.707700 0.000000 0.000524 -1.000000 0.000000 1.000000 0.000524 1.000000 0.000000 0.000000 32018.dat
1 0 -177.625300 -369.611600 231.707700 0.000000 0.000524 -1.000000 0.000000 1.000000 0.000524 1.000000 0.000000 0.000000 32018.dat
1 320 -177.591700 -305.611700 141.707700 0.000000 0.000524 -1.000000 0.000000 1.000000 0.000524 1.000000 0.000000 0.000000 3623.dat
1 28 -177.608600 -337.611600 111.707700 0.000000 0.000524 -1.000000 0.000000 1.000000 0.000524 1.000000 0.000000 0.000000 3023b.dat
1 28 -177.612700 -345.611600 111.707700 0.000000 0.000524 -1.000000 0.000000 1.000000 0.000524 1.000000 0.000000 0.000000 3023b.dat
1 71 -177.591700 -305.611600 231.707700 0.000000 0.000524 -1.000000 0.000000 1.000000 0.000524 1.000000 0.000000 0.000000 3666.dat
1 19 -177.629500 -377.611600 371.707600 0.000000 0.000524 -1.000000 0.000000 1.000000 0.000524 1.000000 0.000000 0.000000 3460.dat
1 0 -47.567750 -329.721500 381.707500 1.000000 0.000000 0.000000 0.000000 1.000000 0.000000 0.000000 0.000000 1.000000 32018.dat
1 19 -207.567700 -377.721500 381.706700 1.000000 0.000000 0.000000 0.000000 1.000000 0.000000 0.000000 0.000000 1.000000 3069b.dat
1 0 -167.609700 -339.616800 311.707900 -1.000000 0.000524 0.000000 0.000524 1.000000 0.000000 0.000000 0.000000 -1.000000 15461.dat
1 72 -67.567690 -369.721500 381.706900 -1.000000 0.000000 0.000000 0.000000 1.000000 0.000000 0.000000 0.000000 -1.000000 3703.dat
1 19 92.432430 -345.721500 381.706900 1.000000 0.000000 0.000000 0.000000 1.000000 0.000000 0.000000 0.000000 1.000000 3460.dat
1 70 -177.604300 -329.611600 431.707600 0.000000 0.000524 -1.000000 0.000000 1.000000 0.000524 1.000000 0.000000 0.000000 3701.dat
1 19 -177.608600 -337.611600 371.707600 0.000000 0.000524 -1.000000 0.000000 1.000000 0.000524 1.000000 0.000000 0.000000 3460.dat
1 70 -177.625300 -369.611500 431.707600 0.000000 0.000524 -1.000000 0.000000 1.000000 0.000524 1.000000 0.000000 0.000000 3701.dat
1 19 -87.567690 -377.721500 351.706700 1.000000 0.000000 0.000000 0.000000 1.000000 0.000000 0.000000 0.000000 1.000000 3032.dat
1 19 -177.612700 -345.611600 371.707600 0.000000 0.000524 -1.000000 0.000000 1.000000 0.000524 1.000000 0.000000 0.000000 3460.dat
1 0 72.432320 -339.721500 391.707000 0.000000 0.000000 1.000000 0.000000 1.000000 0.000000 -1.000000 0.000000 0.000000 15461.dat
1 0 142.432400 -369.721500 421.707000 -1.000000 0.000000 0.000000 0.000000 1.000000 0.000000 0.000000 0.000000 -1.000000 32555.dat
1 71 182.432400 -359.721500 411.707000 1.000000 0.000000 0.000000 0.000000 1.000000 0.000000 0.000000 0.000000 1.000000 32054.dat
1 19 -177.591700 -305.611600 371.707600 0.000000 0.000524 -1.000000 0.000000 1.000000 0.000524 1.000000 0.000000 0.000000 3460.dat
1 19 92.432300 -337.721500 381.707200 1.000000 0.000000 0.000000 0.000000 1.000000 0.000000 0.000000 0.000000 1.000000 3460.dat
0 STEP
1 0 -87.568300 -337.721700 -328.292400 -1.000000 0.000000 0.000000 0.000000 1.000000 0.000000 0.000000 0.000000 -1.000000 32001.dat
1 0 -87.568300 -345.721700 -328.292400 -1.000000 0.000000 0.000000 0.000000 1.000000 0.000000 0.000000 0.000000 -1.000000 32001.dat
1 19 -87.568300 -329.721700 -328.292400 0.000000 0.000000 1.000000 0.000000 1.000000 0.000000 -1.000000 0.000000 0.000000 6232.dat
1 72 -47.568300 -369.721700 -328.292400 0.000000 0.000000 -1.000000 0.000000 1.000000 0.000000 1.000000 0.000000 0.000000 30000.dat
1 72 -127.568300 -369.721700 -328.292400 0.000000 0.000000 -1.000000 0.000000 1.000000 0.000000 1.000000 0.000000 0.000000 30000.dat
1 72 -87.568300 -369.721600 -298.292400 -1.000000 0.000000 0.000000 0.000000 1.000000 0.000000 0.000000 0.000000 -1.000000 3894.dat
1 0 142.431800 -369.721700 -398.292400 0.000000 0.000000 1.000000 0.000000 1.000000 0.000000 -1.000000 0.000000 0.000000 32555.dat
1 0 -47.568300 -329.721700 -358.292400 -1.000000 0.000000 0.000000 0.000000 1.000000 0.000000 0.000000 0.000000 -1.000000 32018.dat
1 19 92.431690 -337.721700 -358.292400 -1.000000 0.000000 0.000000 0.000000 1.000000 0.000000 0.000000 0.000000 -1.000000 3460.dat
1 19 92.431690 -345.721700 -358.292400 -1.000000 0.000000 0.000000 0.000000 1.000000 0.000000 0.000000 0.000000 -1.000000 3460.dat
1 72 -67.568300 -369.721700 -358.292400 -1.000000 0.000000 0.000000 0.000000 1.000000 0.000000 0.000000 0.000000 -1.000000 3703.dat
1 71 182.431800 -359.721700 -388.292400 1.000000 0.000000 0.000000 0.000000 1.000000 0.000000 0.000000 0.000000 1.000000 32054.dat
1 19 -87.568300 -377.721600 -328.292400 -1.000000 0.000000 0.000000 0.000000 1.000000 0.000000 0.000000 0.000000 -1.000000 3032.dat
1 0 72.431820 -339.721700 -368.292300 0.000000 0.000000 -1.000000 0.000000 1.000000 0.000000 1.000000 0.000000 0.000000 15461.dat
1 0 -167.567800 -339.721700 -288.292300 -1.000000 0.000000 0.000000 0.000000 1.000000 0.000000 0.000000 0.000000 -1.000000 15461.dat
1 19 -177.568300 -305.721700 -348.292400 0.000000 0.000000 -1.000000 0.000000 1.000000 0.000000 1.000000 0.000000 0.000000 3460.dat
1 0 -177.568200 -329.721600 -208.292400 0.000000 0.000000 -1.000000 0.000000 1.000000 0.000000 1.000000 0.000000 0.000000 32018.dat
1 71 -177.568200 -319.721700 -268.292400 1.000000 0.000000 0.000000 0.000000 1.000000 0.000000 0.000000 0.000000 1.000000 32054.dat
1 71 -177.568400 -305.721600 -208.292500 0.000000 0.000000 -1.000000 0.000000 1.000000 0.000000 1.000000 0.000000 0.000000 3666.dat
1 70 -177.568300 -329.721700 -408.292300 0.000000 0.000000 1.000000 0.000000 1.000000 0.000000 -1.000000 0.000000 0.000000 3701.dat
1 19 -177.568200 -337.721700 -348.292300 0.000000 0.000000 -1.000000 0.000000 1.000000 0.000000 1.000000 0.000000 0.000000 3460.dat
1 19 -177.568100 -345.721700 -348.292300 0.000000 0.000000 -1.000000 0.000000 1.000000 0.000000 1.000000 0.000000 0.000000 3460.dat
1 0 -177.567800 -369.721600 -208.292300 0.000000 0.000000 -1.000000 0.000000 1.000000 0.000000 1.000000 0.000000 0.000000 32018.dat
1 70 -177.568100 -369.721700 -408.292200 0.000000 0.000000 1.000000 0.000000 1.000000 0.000000 -1.000000 0.000000 0.000000 3701.dat
1 72 -177.567700 -377.721600 -168.292200 0.000000 0.000000 -1.000000 0.000000 1.000000 0.000000 1.000000 0.000000 0.000000 4477.dat
1 19 -177.567700 -377.721700 -348.292200 0.000000 0.000000 -1.000000 0.000000 1.000000 0.000000 1.000000 0.000000 0.000000 3460.dat
1 4 -197.568100 -339.721700 -388.292300 0.000000 1.000000 0.000000 0.000000 0.000000 -1.000000 -1.000000 0.000000 0.000000 32523.dat
1 4 -197.568100 -339.721700 -428.292200 0.000000 1.000000 0.000000 0.000000 0.000000 -1.000000 -1.000000 0.000000 0.000000 32523.dat
1 0 -187.567800 -359.721600 -228.292300 -1.000000 0.000000 0.000000 0.000000 1.000000 0.000000 0.000000 0.000000 -1.000000 4459.dat
1 0 -187.567800 -319.721600 -228.292500 -1.000000 0.000000 0.000000 0.000000 1.000000 0.000000 0.000000 0.000000 -1.000000 4459.dat
1 0 -187.568100 -359.721700 -428.292200 -1.000000 0.000000 0.000000 0.000000 1.000000 0.000000 0.000000 0.000000 -1.000000 4459.dat
1 0 -187.568100 -319.721700 -428.292200 -1.000000 0.000000 0.000000 0.000000 1.000000 0.000000 0.000000 0.000000 -1.000000 4459.dat
1 0 -187.568100 -359.721700 -388.292200 -1.000000 0.000000 0.000000 0.000000 1.000000 0.000000 0.000000 0.000000 -1.000000 4459.dat
1 0 -187.568100 -319.721700 -388.292300 -1.000000 0.000000 0.000000 0.000000 1.000000 0.000000 0.000000 0.000000 -1.000000 4459.dat
1 320 -177.568300 -305.721600 -118.292500 0.000000 0.000000 -1.000000 0.000000 1.000000 0.000000 1.000000 0.000000 0.000000 3623.dat
1 71 -177.568200 -319.721600 -148.292400 1.000000 0.000000 0.000000 0.000000 1.000000 0.000000 0.000000 0.000000 1.000000 32054.dat
1 19 -207.568300 -377.721700 -358.292400 -1.000000 0.000000 0.000000 0.000000 1.000000 0.000000 0.000000 0.000000 -1.000000 3069b.dat
1 4 -197.567800 -339.721600 -228.292500 0.000000 1.000000 0.000000 0.000000 0.000000 -1.000000 -1.000000 0.000000 0.000000 32523.dat
1 4 -197.567800 -339.721600 -188.292300 0.000000 1.000000 0.000000 0.000000 0.000000 -1.000000 -1.000000 0.000000 0.000000 32523.dat
1 0 -187.567800 -359.721600 -188.292300 -1.000000 0.000000 0.000000 0.000000 1.000000 0.000000 0.000000 0.000000 -1.000000 4459.dat
1 0 -187.567800 -319.721600 -188.292300 -1.000000 0.000000 0.000000 0.000000 1.000000 0.000000 0.000000 0.000000 -1.000000 4459.dat
1 28 -177.568100 -337.721600 -88.292390 0.000000 0.000000 -1.000000 0.000000 1.000000 0.000000 1.000000 0.000000 0.000000 3023b.dat
1 28 -177.567900 -345.721600 -88.292300 0.000000 0.000000 -1.000000 0.000000 1.000000 0.000000 1.000000 0.000000 0.000000 3023b.dat
0 STEP
1 19 172.434900 -305.721600 11.708440 1.000000 0.000000 0.000000 0.000000 1.000000 0.000000 0.000000 0.000000 1.000000 3032.dat
1 0 142.431600 -329.721900 -398.292100 0.000000 0.000000 1.000000 0.000000 1.000000 0.000000 -1.000000 0.000000 0.000000 32555.dat
1 71 182.436700 -319.721900 -388.292900 1.000000 0.000000 0.000000 0.000000 -1.000000 0.000000 0.000000 0.000000 -1.000000 32054.dat
1 0 142.434900 -329.721200 421.708200 -1.000000 0.000000 0.000000 0.000000 1.000000 0.000000 0.000000 0.000000 -1.000000 32555.dat
1 71 182.434900 -319.721300 411.708200 1.000000 0.000000 0.000000 0.000000 -1.000000 0.000000 0.000000 0.000000 -1.000000 32054.dat
1 72 272.434900 -289.721600 41.708330 1.000000 0.000000 0.000000 0.000000 1.000000 0.000000 0.000000 0.000000 1.000000 3703.dat
1 72 272.434900 -289.721600 -18.291560 1.000000 0.000000 0.000000 0.000000 1.000000 0.000000 0.000000 0.000000 1.000000 3703.dat
1 19 192.431600 -305.722000 -378.292100 0.000000 0.000000 -1.000000 0.000000 1.000000 0.000000 1.000000 0.000000 0.000000 3021.dat
1 16 182.431600 -297.722000 -428.292100 1.000000 0.000000 0.000000 0.000000 1.000000 0.000000 0.000000 0.000000 1.000000 submodel group 39
1 19 92.431580 -305.721900 -358.292100 -1.000000 0.000000 0.000000 0.000000 1.000000 0.000000 0.000000 0.000000 -1.000000 3460.dat
1 19 92.432130 -305.721300 381.707100 -1.000000 0.000000 0.000000 0.000000 1.000000 0.000000 0.000000 0.000000 -1.000000 3460.dat
1 16 182.434900 -297.721300 451.708100 -1.000000 0.000000 0.000000 0.000000 1.000000 0.000000 0.000000 0.000000 -1.000000 submodel group 40
1 19 192.434900 -305.721300 401.708200 0.000000 0.000000 1.000000 0.000000 1.000000 0.000000 -1.000000 0.000000 0.000000 3021.dat
1 19 192.434900 -297.721600 41.708420 1.000000 0.000000 0.000000 0.000000 1.000000 0.000000 0.000000 0.000000 1.000000 3460.dat
1 19 192.434900 -297.721600 -18.291560 1.000000 0.000000 0.000000 0.000000 1.000000 0.000000 0.000000 0.000000 1.000000 3460.dat
1 19 352.434900 -297.721600 -18.291560 1.000000 0.000000 0.000000 0.000000 1.000000 0.000000 0.000000 0.000000 1.000000 3460.dat
1 19 352.434900 -297.721600 41.708330 1.000000 0.000000 0.000000 0.000000 1.000000 0.000000 0.000000 0.000000 1.000000 3460.dat
1 16 412.435100 -270.721600 -32.791600 -1.000000 0.000000 0.000000 0.000000 1.000000 0.000000 0.000000 0.000000 -1.000000 submodel group 41
1 16 412.435000 -270.721600 56.208300 1.000000 0.000000 0.000000 0.000000 1.000000 0.000000 0.000000 0.000000 1.000000 submodel group 41
1 16 132.434900 -270.721600 56.208300 1.000000 0.000000 0.000000 0.000000 1.000000 0.000000 0.000000 0.000000 1.000000 submodel group 41
1 16 132.435100 -270.721600 -32.791600 -1.000000 0.000000 0.000000 0.000000 1.000000 0.000000 0.000000 0.000000 -1.000000 submodel group 41
1 15 162.436600 -369.722000 -428.293000 0.000000 0.000000 1.000000 0.000000 1.000000 0.000000 -1.000000 0.000000 0.000000 30541.dat
1 15 382.437700 -369.722000 -428.187800 0.000000 0.000000 1.000000 0.000000 1.000000 0.000000 -1.000000 0.000000 0.000000 30541.dat
1 15 382.434900 -369.721200 451.708200 0.000000 0.000000 -1.000000 0.000000 1.000000 0.000000 1.000000 0.000000 0.000000 30541.dat
1 15 162.435100 -369.721200 451.708200 0.000000 0.000000 -1.000000 0.000000 1.000000 0.000000 1.000000 0.000000 0.000000 30541.dat
1 28 202.434900 -377.721300 291.708600 0.000000 0.000000 -1.000000 0.000000 1.000000 0.000000 1.000000 0.000000 0.000000 6636.dat
1 19 352.434900 -377.721200 411.708200 1.000000 0.000000 0.000000 0.000000 1.000000 0.000000 0.000000 0.000000 1.000000 3068b.dat
1 19 192.432300 -377.721200 411.706700 1.000000 0.000000 0.000000 0.000000 1.000000 0.000000 0.000000 0.000000 1.000000 3068b.dat
1 19 352.434300 -377.721300 251.706600 1.000000 0.000000 0.000000 0.000000 1.000000 0.000000 0.000000 0.000000 1.000000 3068b.dat
1 28 342.434300 -377.721300 331.706300 0.000000 0.000000 -1.000000 0.000000 1.000000 0.000000 1.000000 0.000000 0.000000 6636.dat
1 72 72.432130 -377.721300 381.706700 1.000000 0.000000 0.000000 0.000000 1.000000 0.000000 0.000000 0.000000 1.000000 4477.dat
1 72 72.431580 -377.721900 -358.292100 1.000000 0.000000 0.000000 0.000000 1.000000 0.000000 0.000000 0.000000 1.000000 4477.dat
1 19 182.435100 -377.721200 451.708200 1.000000 0.000000 0.000000 0.000000 1.000000 0.000000 0.000000 0.000000 1.000000 3021.dat
1 19 362.434900 -377.721200 451.708200 1.000000 0.000000 0.000000 0.000000 1.000000 0.000000 0.000000 0.000000 1.000000 3021.dat
1 19 172.436600 -377.721600 11.706640 1.000000 0.000000 0.000000 0.000000 1.000000 0.000000 0.000000 0.000000 1.000000 3032.dat
1 19 372.434100 -377.721500 11.706850 1.000000 0.000000 0.000000 0.000000 1.000000 0.000000 0.000000 0.000000 1.000000 3032.dat
1 71 192.436600 -377.721600 -68.293300 0.000000 0.000000 1.000000 0.000000 1.000000 0.000000 -1.000000 0.000000 0.000000 3020.dat
1 71 352.434300 -377.721600 -68.293060 0.000000 0.000000 1.000000 0.000000 1.000000 0.000000 -1.000000 0.000000 0.000000 3020.dat
1 71 192.432000 -377.721500 91.707530 0.000000 0.000000 1.000000 0.000000 1.000000 0.000000 -1.000000 0.000000 0.000000 3020.dat
1 71 352.434100 -377.721500 91.706740 0.000000 0.000000 1.000000 0.000000 1.000000 0.000000 -1.000000 0.000000 0.000000 3020.dat
1 28 202.434300 -377.721800 -268.294200 0.000000 0.000000 1.000000 0.000000 1.000000 0.000000 -1.000000 0.000000 0.000000 6636.dat
1 28 342.437900 -377.721800 -308.188000 0.000000 0.000000 1.000000 0.000000 1.000000 0.000000 -1.000000 0.000000 0.000000 6636.dat
1 19 352.434300 -377.721800 -228.293000 1.000000 0.000000 0.000000 0.000000 1.000000 0.000000 0.000000 0.000000 1.000000 3068b.dat
1 19 352.437900 -377.721900 -388.187900 1.000000 0.000000 0.000000 0.000000 1.000000 0.000000 0.000000 0.000000 1.000000 3068b.dat
1 19 192.431600 -377.721900 -388.292100 1.000000 0.000000 0.000000 0.000000 1.000000 0.000000 0.000000 0.000000 1.000000 3068b.dat
1 19 362.437900 -377.722000 -428.187900 1.000000 0.000000 0.000000 0.000000 1.000000 0.000000 0.000000 0.000000 1.000000 3021.dat
1 19 182.436700 -377.722000 -428.293000 1.000000 0.000000 0.000000 0.000000 1.000000 0.000000 0.000000 0.000000 1.000000 3021.dat
1 28 -107.567700 -385.721500 361.706600 1.000000 0.000000 0.000000 0.000000 1.000000 0.000000 0.000000 0.000000 1.000000 3023b.dat
1 28 -137.567700 -385.721500 371.706600 0.000000 0.000000 1.000000 0.000000 1.000000 0.000000 -1.000000 0.000000 0.000000 3023b.dat
1 28 -37.567810 -385.721500 331.706600 0.000000 0.000000 1.000000 0.000000 1.000000 0.000000 -1.000000 0.000000 0.000000 3023b.dat
1 28 72.431580 -385.721900 -358.292100 1.000000 0.000000 0.000000 0.000000 1.000000 0.000000 0.000000 0.000000 1.000000 3023b.dat
1 0 112.431800 -339.721700 -368.292400 0.000000 0.000000 -1.000000 0.000000 1.000000 0.000000 1.000000 0.000000 0.000000 15461.dat
1 28 752.434600 -385.721700 -298.293300 1.000000 0.000000 0.000000 0.000000 1.000000 0.000000 0.000000 0.000000 1.000000 3023b.dat
1 72 702.434600 -385.721700 -318.293300 0.000000 0.000000 1.000000 0.000000 1.000000 0.000000 -1.000000 0.000000 0.000000 63864.dat
1 0 112.432400 -339.721500 391.706900 0.000000 0.000000 1.000000 0.000000 1.000000 0.000000 -1.000000 0.000000 0.000000 15461.dat
1 16 -127.553400 -5.280100 -326.229900 -0.000001 0.309017 -0.951057 0.000000 0.951057 0.309017 1.000000 0.000000 -0.000001 submodel group 50
1 16 -127.552700 -5.279970 353.769300 -0.000001 0.309017 -0.951057 0.000000 0.951057 0.309017 1.000000 0.000000 -0.000001 submodel group 50
1 16 432.449400 -4.000000 353.769100 -0.000001 0.309017 -0.951057 0.000000 0.951057 0.309017 1.000000 0.000000 -0.000001 submodel group 50
1 16 432.447900 -0.933380 -326.217100 -0.000001 0.309017 -0.951057 0.000000 0.951057 0.309017 1.000000 0.000000 -0.000001 submodel group 50
1 16 632.449500 -1.780180 -326.230900 -0.000001 0.309017 -0.951057 0.000000 0.951057 0.309017 1.000000 0.000000 -0.000001 submodel group 50
1 16 632.449300 -2.130130 353.768900 -0.000001 0.309017 -0.951057 0.000000 0.951057 0.309017 1.000000 0.000000 -0.000001 submodel group 50
0 STEP
1 71 32.431820 -339.721600 -38.292510 -1.000000 0.000000 0.000000 0.000000 0.000000 -1.000000 0.000000 -1.000000 0.000000 40490.dat
1 0 32.431820 -419.721600 -28.292480 0.000000 0.000000 -1.000000 0.000000 1.000000 0.000000 1.000000 0.000000 0.000000 4459.dat
1 0 32.431820 -259.721600 -28.292570 0.000000 0.000000 -1.000000 0.000000 1.000000 0.000000 1.000000 0.000000 0.000000 4459.dat
1 71 32.431950 -339.721500 61.707560 -1.000000 0.000000 0.000000 0.000000 0.000000 -1.000000 0.000000 -1.000000 0.000000 40490.dat
1 0 32.431950 -419.721500 51.707640 0.000000 0.000000 -1.000000 0.000000 1.000000 0.000000 1.000000 0.000000 0.000000 4459.dat
1 0 32.431950 -259.721600 51.707540 0.000000 0.000000 -1.000000 0.000000 1.000000 0.000000 1.000000 0.000000 0.000000 4459.dat
0 STEP
1 16 -17.568180 -381.721600 11.707520 1.000000 0.000000 0.000000 0.000000 1.000000 0.000000 0.000000 0.000000 1.000000 submodel group 53
1 16 32.431820 -250.721600 58.040720 -1.000000 0.000000 0.000000 0.000000 1.000000 0.000000 0.000000 0.000000 -1.000000 submodel group 54
1 16 32.431820 -250.721600 -34.625860 1.000000 0.000000 0.000000 0.000000 1.000000 0.000000 0.000000 0.000000 1.000000 submodel group 55
0 STEP
1 19 -35.842280 -280.569100 11.707490 0.000000 0.098799 -0.995108 -0.000001 -0.995107 -0.098799 -1.000000 0.000001 0.000000 3010.dat
0 STEP
1 72 362.437900 -401.721900 -428.187900 0.000000 0.000000 -1.000000 0.000000 1.000000 0.000000 1.000000 0.000000 0.000000 4865b.dat
1 16 212.436600 -377.721600 11.706700 1.000000 0.000000 0.000000 0.000000 1.000000 0.000000 0.000000 0.000000 1.000000 submodel group 58
1 72 362.434900 -401.721200 451.708300 0.000000 0.000000 -1.000000 0.000000 1.000000 0.000000 1.000000 0.000000 0.000000 4865b.dat
1 72 182.436600 -401.721900 -428.293100 0.000000 0.000000 1.000000 0.000000 1.000000 0.000000 -1.000000 0.000000 0.000000 4865b.dat
1 72 182.435100 -401.721200 451.708300 0.000000 0.000000 1.000000 0.000000 1.000000 0.000000 -1.000000 0.000000 0.000000 4865b.dat
1 1 192.434100 -359.721700 -208.294400 -1.000000 0.000000 0.000000 0.000000 1.000000 0.000000 0.000000 0.000000 -1.000000 4274.dat
1 1 192.434200 -359.721700 -248.294600 -1.000000 0.000000 0.000000 0.000000 1.000000 0.000000 0.000000 0.000000 -1.000000 4274.dat
1 1 192.434100 -359.721600 -148.294400 -1.000000 0.000000 0.000000 0.000000 1.000000 0.000000 0.000000 0.000000 -1.000000 4274.dat
1 1 192.436800 -359.721700 -328.293600 -1.000000 0.000000 0.000000 0.000000 1.000000 0.000000 0.000000 0.000000 -1.000000 4274.dat
1 1 -167.567600 -359.721600 -208.292200 1.000000 0.000000 0.000000 0.000000 1.000000 0.000000 0.000000 0.000000 1.000000 4274.dat
1 1 -187.567600 -359.721600 -148.292400 -1.000000 0.000000 0.000000 0.000000 1.000000 0.000000 0.000000 0.000000 -1.000000 4274.dat
1 15 152.436600 -377.721600 11.706700 0.000000 0.000000 -1.000000 0.000000 1.000000 0.000000 1.000000 0.000000 0.000000 15068.dat
1 15 122.436400 -417.721600 11.706700 0.000000 0.000000 -1.000000 0.000000 1.000000 0.000000 1.000000 0.000000 0.000000 2432.dat
1 28 184.434100 -359.721700 -168.294400 0.000000 1.000000 0.000000 0.000000 0.000000 -1.000000 -1.000000 0.000000 0.000000 6636.dat
1 19 222.436400 -401.721600 41.706700 0.000000 0.000000 1.000000 0.000000 1.000000 0.000000 -1.000000 0.000000 0.000000 60477.dat
1 71 132.436400 -385.721600 11.706700 0.000000 0.000000 1.000000 0.000000 1.000000 0.000000 -1.000000 0.000000 0.000000 41862.dat
1 19 222.436600 -401.721600 -18.293300 0.000000 0.000000 1.000000 0.000000 1.000000 0.000000 -1.000000 0.000000 0.000000 60477.dat
1 28 184.436800 -359.721700 -288.293600 0.000000 1.000000 0.000000 0.000000 0.000000 -1.000000 -1.000000 0.000000 0.000000 6636.dat
1 28 -159.567600 -359.721600 -188.292200 0.000000 -1.000000 0.000000 0.000000 0.000000 1.000000 -1.000000 0.000000 0.000000 6636.dat
1 16 272.436600 -377.721600 -48.293300 1.000000 0.000000 0.000000 0.000000 1.000000 0.000000 0.000000 0.000000 1.000000 submodel group 59
1 16 272.432000 -377.721500 71.707580 1.000000 0.000000 0.000000 0.000000 1.000000 0.000000 0.000000 0.000000 1.000000 submodel group 59
1 72 -177.633400 -385.611500 351.707600 0.000000 0.000524 1.000000 0.000000 1.000000 -0.000524 -1.000000 0.000000 0.000000 15573.dat
1 72 -177.633400 -385.611500 311.707600 0.000000 0.000524 1.000000 0.000000 1.000000 -0.000524 -1.000000 0.000000 0.000000 15573.dat
1 72 -177.633400 -385.611500 271.707700 0.000000 0.000524 1.000000 0.000000 1.000000 -0.000524 -1.000000 0.000000 0.000000 15573.dat
1 72 -177.633400 -385.611500 231.707800 0.000000 0.000524 1.000000 0.000000 1.000000 -0.000524 -1.000000 0.000000 0.000000 15573.dat
1 72 -177.633400 -385.611600 191.707700 0.000000 0.000524 1.000000 0.000000 1.000000 -0.000524 -1.000000 0.000000 0.000000 15573.dat
1 72 -177.633400 -385.611600 151.707800 0.000000 0.000524 1.000000 0.000000 1.000000 -0.000524 -1.000000 0.000000 0.000000 15573.dat
1 72 -177.567600 -385.721600 -328.292200 0.000000 0.000000 1.000000 0.000000 1.000000 0.000000 -1.000000 0.000000 0.000000 15573.dat
1 72 -177.567600 -385.721600 -288.292200 0.000000 0.000000 1.000000 0.000000 1.000000 0.000000 -1.000000 0.000000 0.000000 15573.dat
1 72 -177.567600 -385.721600 -248.292200 0.000000 0.000000 1.000000 0.000000 1.000000 0.000000 -1.000000 0.000000 0.000000 15573.dat
1 72 -177.567600 -385.721600 -208.292100 0.000000 0.000000 1.000000 0.000000 1.000000 0.000000 -1.000000 0.000000 0.000000 15573.dat
1 72 -177.567600 -385.721600 -168.292200 0.000000 0.000000 1.000000 0.000000 1.000000 0.000000 -1.000000 0.000000 0.000000 15573.dat
1 72 -177.567600 -385.721600 -128.292300 0.000000 0.000000 1.000000 0.000000 1.000000 0.000000 -1.000000 0.000000 0.000000 15573.dat
1 71 -177.633400 -385.611600 121.707800 1.000000 0.000524 0.000000 -0.000524 1.000000 0.000000 0.000000 0.000000 1.000000 98138.dat
1 71 -177.567600 -385.721600 -98.292220 1.000000 0.000000 0.000000 0.000000 1.000000 0.000000 0.000000 0.000000 1.000000 98138.dat
1 72 -177.634300 -385.611600 11.707580 0.000000 0.000524 1.000000 0.000000 1.000000 -0.000524 -1.000000 0.000000 0.000000 4477.dat
1 72 -107.568600 -409.721600 -358.292400 1.000000 0.000000 0.000000 0.000000 1.000000 0.000000 0.000000 0.000000 1.000000 2432.dat
1 0 -137.568500 -377.721600 -348.292500 0.000000 0.000000 1.000000 0.000000 1.000000 0.000000 -1.000000 0.000000 0.000000 85984.dat
1 19 242.436400 -433.721600 11.706700 0.000000 0.000000 1.000000 0.000000 1.000000 0.000000 -1.000000 0.000000 0.000000 3460.dat
1 16 1480.469000 -218.388100 629.395000 -1.000000 0.000000 0.000000 0.000000 1.000000 0.000000 0.000000 0.000000 -1.000000 submodel group 68
1 16 18.027100 -217.721300 -198.056300 -1.000000 0.000000 0.000000 0.000000 1.000000 0.000000 0.000000 0.000000 -1.000000 submodel group 87
0 STEP
1 16 -273.016500 -219.703600 -28.292700 0.995108 -0.098799 0.000000 0.098799 0.995108 0.000001 0.000000 -0.000001 1.000000 step 210_
1 16 -455.376000 -313.533400 1.681090 0.996493 0.083678 0.000000 0.083678 -0.996493 0.000000 0.000000 0.000000 -1.000000 submodel group 52
0 STEP
0 NOFILE
0 FILE 75192 front leg_
0 75192 front leg_
0 Name: 75192 front leg_
0 Author: 
0 CustomBrick
0 FlexibleBrickControlPointUnitLength -1
0 FlexibleBrickLockedControlPoint 
0 NumOfBricks 62
1 16 0.000010 0.000000 -69.677420 1.000000 0.000000 0.000000 0.000000 1.000000 0.000000 0.000000 0.000000 1.000000 submodel group 2 copy 2
1 16 0.000000 -27.655620 15.523040 1.000000 0.000000 -0.000001 0.000000 0.390732 -0.920505 0.000000 0.920505 0.390732 submodel group 4 copy
1 16 0.000020 -32.545330 -177.799200 1.000000 0.000000 0.000000 0.000000 0.366501 0.930418 0.000000 -0.930418 0.366501 submodel group 5 copy
1 16 -6.338390 -47.060040 -80.000020 1.000000 0.000000 0.000000 0.000000 1.000000 0.000000 0.000000 0.000000 1.000000 submodel group 12 copy
0 NOFILE
0 FILE SubModel Group 38
0 SubModel Group 38
0 Name: SubModel Group 38
0 Author: 
0 CustomBrick
0 FlexibleBrickControlPointUnitLength -1
0 FlexibleBrickLockedControlPoint 
0 NumOfBricks 4
1 19 20.000000 -32.000000 0.000000 1.000000 0.000000 0.000000 0.000000 1.000000 0.000000 0.000000 0.000000 1.000000 30136.dat
1 72 0.000000 -8.000000 0.000000 1.000000 0.000000 0.000000 0.000000 1.000000 0.000000 0.000000 0.000000 1.000000 3710.dat
1 19 -20.000000 -32.000000 0.000000 1.000000 0.000000 0.000000 0.000000 1.000000 0.000000 0.000000 0.000000 1.000000 30136.dat
1 19 0.000000 -56.000000 0.000000 1.000000 0.000000 0.000000 0.000000 1.000000 0.000000 0.000000 0.000000 1.000000 m4d691e16_2026723_091606.dat
0 NOFILE
0 FILE SubModel Group 51
0 SubModel Group 51
0 Name: SubModel Group 51
0 Author: 
0 CustomBrick
0 FlexibleBrickControlPointUnitLength -1
0 FlexibleBrickLockedControlPoint 
0 NumOfBricks 9
1 28 0.222050 -32.000000 0.277740 0.000000 0.000000 1.000000 0.000000 1.000000 0.000000 -1.000000 0.000000 0.000000 3023b.dat
1 15 0.222050 -40.000000 0.277740 1.000000 0.000000 0.000000 0.000000 1.000000 0.000000 0.000000 0.000000 1.000000 3021.dat
1 15 20.222050 -48.000000 0.277710 0.000000 0.000000 -1.000000 0.000000 1.000000 0.000000 1.000000 0.000000 0.000000 15573.dat
1 72 20.222050 -32.000000 0.277740 0.000000 0.000000 1.000000 0.000000 1.000000 0.000000 -1.000000 0.000000 0.000000 3839b.dat
1 72 18.222170 -10.000000 0.277770 0.000000 -1.000000 0.000000 0.000000 0.000000 1.000000 -1.000000 0.000000 0.000000 99780.dat
1 15 -19.777960 -32.000000 0.277740 0.000000 0.000000 1.000000 0.000000 1.000000 0.000000 -1.000000 0.000000 0.000000 60471.dat
1 72 20.222050 -56.000000 0.277710 1.000000 0.000000 0.000000 0.000000 1.000000 0.000000 0.000000 0.000000 1.000000 15712.dat
1 71 10.222170 -10.000000 0.277770 0.000000 -1.000000 0.000000 0.000000 0.000000 1.000000 -1.000000 0.000000 0.000000 44728.dat
1 0 20.221920 -79.500000 -2.222290 0.000000 0.000000 1.000000 0.000000 -1.000000 0.000000 1.000000 0.000000 0.000000 95344.dat
0 NOFILE
0 FILE SubModel Group 56
0 SubModel Group 56
0 Name: SubModel Group 56
0 Author: 
0 CustomBrick
0 FlexibleBrickControlPointUnitLength -1
0 FlexibleBrickLockedControlPoint 
0 NumOfBricks 5
1 71 27.999880 -32.000000 2.000000 0.000000 0.000000 -1.000000 0.000000 1.000000 0.000000 1.000000 0.000000 0.000000 11215.dat
1 19 -2.000000 -48.000000 -8.000000 1.000000 0.000000 0.000000 0.000000 1.000000 0.000000 0.000000 0.000000 1.000000 85984.dat
1 72 7.999880 -40.000000 2.000000 -1.000000 0.000000 0.000000 0.000000 1.000000 0.000000 0.000000 0.000000 -1.000000 92946.dat
1 72 -12.000120 -40.000000 -8.000000 1.000000 0.000000 0.000000 0.000000 1.000000 0.000000 0.000000 0.000000 1.000000 6141.dat
1 28 -2.000120 -48.000000 -8.000000 1.000000 0.000000 0.000000 0.000000 1.000000 0.000000 0.000000 0.000000 1.000000 3023b.dat
0 NOFILE
0 FILE SubModel Group 6 Copy 2
0 SubModel Group 6
0 Name: SubModel Group 6
0 Author: 
0 CustomBrick
0 FlexibleBrickControlPointUnitLength -1
0 FlexibleBrickLockedControlPoint 
0 NumOfBricks 32
1 72 -53.794170 -16.000000 -32.152460 1.000000 0.000000 0.000000 0.000000 1.000000 0.000000 0.000000 0.000000 1.000000 3022.dat
1 72 -73.794180 -8.000000 -32.152460 0.000000 0.000000 1.000000 0.000000 1.000000 0.000000 -1.000000 0.000000 0.000000 2445.dat
1 0 -63.794140 -16.000000 7.847520 0.000000 0.000000 -1.000000 0.000000 1.000000 0.000000 1.000000 0.000000 0.000000 2412b.dat
1 72 -83.794160 -40.000000 47.847480 0.000000 0.000000 -1.000000 0.000000 1.000000 0.000000 1.000000 0.000000 0.000000 2432.dat
1 72 6.205850 -8.000000 27.847440 1.000000 0.000000 0.000000 0.000000 1.000000 0.000000 0.000000 0.000000 1.000000 3958.dat
1 72 6.205850 -8.000000 -62.152480 1.000000 0.000000 0.000000 0.000000 1.000000 0.000000 0.000000 0.000000 1.000000 2419.dat
1 0 -53.794170 -16.000000 77.847460 1.000000 0.000000 0.000000 0.000000 1.000000 0.000000 0.000000 0.000000 1.000000 2412b.dat
1 71 -43.794160 -16.000000 37.847450 1.000000 0.000000 0.000000 0.000000 1.000000 0.000000 0.000000 0.000000 1.000000 3024.dat
1 28 -43.794150 -16.000000 7.847460 0.000000 0.000000 -1.000000 0.000000 1.000000 0.000000 1.000000 0.000000 0.000000 3023b.dat
1 0 56.205860 -16.000000 37.847450 0.241922 0.000000 -0.970297 0.000000 1.000000 0.000000 0.970297 0.000000 0.241922 15712.dat
1 72 -43.794150 -16.000000 -2.152540 0.000000 0.000000 1.000000 0.000000 1.000000 0.000000 -1.000000 0.000000 0.000000 54200.dat
1 28 -43.794150 -24.000000 27.847420 0.000000 0.000000 1.000000 0.000000 1.000000 0.000000 -1.000000 0.000000 0.000000 3023b.dat
1 71 -43.793760 -24.000000 27.847120 0.000000 0.000000 1.000003 0.000000 1.000000 0.000000 -1.000003 0.000000 0.000000 85984.dat
1 16 -62.948960 -16.000000 -20.339870 -0.906308 0.000000 -0.422618 0.000000 1.000000 0.000000 0.422618 0.000000 -0.906308 submodel group 1 copy 3
1 16 -35.329520 -8.000000 60.170450 -0.241922 0.000000 0.970296 0.000000 1.000000 0.000000 -0.970296 0.000000 -0.241922 submodel group 2 copy 3
1 0 6.205850 -32.000000 7.847470 1.000000 0.000000 0.000000 0.000000 1.000000 0.000000 0.000000 0.000000 1.000000 3001.dat
1 16 -15.910100 -8.000000 -41.613720 0.933581 0.000000 0.358368 0.000000 1.000000 0.000000 -0.358368 0.000000 0.933581 submodel group 3 copy 3
1 72 6.205870 -40.000000 -12.152530 0.000000 0.000000 1.000000 0.000000 1.000000 0.000000 -1.000000 0.000000 0.000000 41770.dat
1 72 6.205860 -40.000000 27.847410 0.000000 0.000000 -1.000000 0.000000 1.000000 0.000000 1.000000 0.000000 0.000000 41770.dat
1 16 53.866880 -8.000000 -49.802900 0.956305 0.000000 0.292372 0.000000 1.000000 0.000000 -0.292372 0.000000 0.956305 submodel group 4 copy 2
1 16 9.792700 -8.000000 -53.057800 -0.325569 0.000000 0.945520 0.000000 1.000000 0.000000 -0.945520 0.000000 -0.325569 submodel group 5 copy 2
1 71 56.205850 -16.000000 -2.152560 1.000001 0.000000 0.000000 0.000000 1.000000 0.000000 0.000000 0.000000 1.000001 3024.dat
1 71 56.205850 -24.000000 -2.152560 1.000001 0.000000 0.000000 0.000000 1.000000 0.000000 0.000000 0.000000 1.000001 3024.dat
1 71 56.205820 -24.000000 -2.152540 0.000000 0.000000 -1.000000 0.000000 1.000000 0.000000 1.000000 0.000000 0.000000 54200.dat
1 71 6.205870 -48.000000 7.847470 1.000000 0.000000 0.000000 0.000000 1.000000 0.000000 0.000000 0.000000 1.000000 3068b.dat
1 71 36.205870 -48.000000 -2.152530 1.000000 0.000000 0.000000 0.000000 1.000000 0.000000 0.000000 0.000000 1.000000 98138.dat
1 71 -23.794130 -48.000000 17.847400 1.000000 0.000000 0.000000 0.000000 1.000000 0.000000 0.000000 0.000000 1.000000 98138.dat
0 NOFILE
0 FILE SubModel Group 1 Copy 4
0 SubModel Group 1
0 Name: SubModel Group 1
0 Author: 
0 CustomBrick
0 FlexibleBrickControlPointUnitLength -1
0 FlexibleBrickLockedControlPoint 
0 NumOfBricks 22
1 0 46.023520 -16.000000 43.918060 -1.000000 0.000000 0.000000 0.000000 1.000000 0.000000 0.000000 0.000000 -1.000000 2412b.dat
1 0 -33.976410 -16.000000 -76.081900 1.000000 0.000000 0.000000 0.000000 1.000000 0.000000 0.000000 0.000000 1.000000 2412b.dat
1 0 16.023580 -16.000000 23.918110 -0.241923 0.000000 -0.970295 0.000000 1.000000 0.000000 0.970295 0.000000 -0.241923 15712.dat
1 72 -53.977400 -8.000000 33.918120 0.000000 0.000000 1.000000 0.000000 1.000000 0.000000 -1.000000 0.000000 0.000000 2445.dat
1 72 26.023520 -8.000000 63.918120 -1.000000 0.000000 0.000000 0.000000 1.000000 0.000000 0.000000 0.000000 -1.000000 2419.dat
1 72 -33.976420 -16.000000 33.918110 -1.000000 0.000000 0.000000 0.000000 1.000000 0.000000 0.000000 0.000000 -1.000000 3022.dat
1 72 26.023590 -8.000000 -26.081830 -1.000000 0.000000 0.000000 0.000000 1.000000 0.000000 0.000000 0.000000 -1.000000 3958.dat
1 72 -63.977380 -40.000000 -46.081920 0.000000 0.000000 -1.000000 0.000000 1.000000 0.000000 1.000000 0.000000 0.000000 2432.dat
0 STEP
1 0 36.023570 -16.000000 3.918110 -0.241922 0.000000 -0.970296 0.000000 1.000000 0.000000 0.970296 0.000000 -0.241922 15712.dat
0 STEP
1 72 76.023570 -8.000000 13.918120 -1.000000 0.000000 0.000000 0.000000 1.000000 0.000000 0.000000 0.000000 -1.000000 61409b.dat
1 72 66.023600 -8.000000 -16.081890 0.000000 0.000000 -1.000000 0.000000 1.000000 0.000000 1.000000 0.000000 0.000000 61409b.dat
1 72 56.023580 -32.000000 -36.081830 1.000000 0.000000 0.000000 0.000000 1.000000 0.000000 0.000000 0.000000 1.000000 59900.dat
1 72 6.023620 -16.000000 -26.081840 0.000000 0.000000 1.000000 0.000000 1.000000 0.000000 -1.000000 0.000000 0.000000 41769.dat
1 72 6.023650 -24.000000 -26.081850 0.000000 0.000000 1.000000 0.000000 1.000000 0.000000 -1.000000 0.000000 0.000000 41769.dat
1 72 46.023540 -8.000000 63.918120 0.000000 0.000000 -1.000000 0.000000 1.000000 0.000000 1.000000 0.000000 0.000000 61409b.dat
1 72 -38.466000 -22.000000 -14.654210 0.000000 -0.970296 0.241922 -1.000000 0.000000 0.000000 0.000000 -0.241922 -0.970296 63965.dat
1 0 -43.977380 -16.000000 -16.081890 0.207913 0.000000 0.978149 0.000000 1.000000 0.000000 -0.978149 0.000000 0.207913 15712.dat
0 STEP
1 72 -35.389680 -25.835410 26.991800 -0.970296 0.236633 -0.050309 0.000000 -0.207954 -0.978139 -0.241922 -0.949084 0.201776 30377.dat
1 72 -31.508460 -25.835400 27.959480 0.012662 -0.970296 0.241590 -0.998630 -0.000001 0.052336 -0.050781 -0.241922 -0.968966 63965.dat
1 72 -11.096170 -22.000000 17.156380 -0.058537 -0.970296 0.234734 -0.970285 0.000000 -0.241964 0.234776 -0.241923 -0.941463 63965.dat
1 72 6.023680 -32.000000 -46.081830 0.000000 0.000000 -1.000000 0.000000 1.000000 0.000000 1.000000 0.000000 0.000000 41769.dat
1 72 0.062250 -22.000010 19.938490 0.241923 -0.970296 0.000000 0.000000 0.000000 1.000000 -0.970296 -0.241923 0.000000 15210.dat
0 STEP
0 NOFILE
0 FILE SubModel Group 10 Copy 2
0 SubModel Group 10
0 Name: SubModel Group 10
0 Author: 
0 CustomBrick
0 FlexibleBrickControlPointUnitLength -1
0 FlexibleBrickLockedControlPoint 
0 NumOfBricks 263
1 16 -54.793060 0.000000 94.781550 1.000000 0.000000 0.000000 0.000000 1.000000 0.000000 0.000000 0.000000 1.000000 submodel group 16 copy
0 STEP
1 71 95.597690 -106.327600 -45.593860 -1.000000 0.000000 0.000000 0.000000 0.000000 1.000000 0.000000 1.000000 0.000000 32526.dat
1 71 95.597690 -106.327600 -45.593880 0.000000 0.000000 1.000000 0.000000 1.000000 0.000000 -1.000000 0.000000 0.000000 32054.dat
1 16 -104.402300 -17.327630 -35.593820 -1.000000 0.000000 0.000000 0.000000 1.000000 0.000000 0.000000 0.000000 -1.000000 submodel group 15 copy
0 STEP
0 NOFILE
0 FILE SubModel Group 92
0 SubModel Group 92
0 Name: SubModel Group 92
0 Author: 
0 CustomBrick
0 FlexibleBrickControlPointUnitLength -1
0 FlexibleBrickLockedControlPoint 
0 NumOfBricks 5
1 28 6.000000 -8.000000 4.000000 1.000000 0.000000 0.000000 0.000000 1.000000 0.000000 0.000000 0.000000 1.000000 3021.dat
1 72 16.000000 -16.000000 -6.000000 1.000000 0.000000 0.000000 0.000000 1.000000 0.000000 0.000000 0.000000 1.000000 32028.dat
1 71 16.000000 -32.000000 14.000000 1.000000 0.000000 0.000000 0.000000 1.000000 0.000000 0.000000 0.000000 1.000000 3700.dat
1 179 -14.000000 -16.000000 4.000000 0.000000 0.000000 1.000000 0.000000 1.000000 0.000000 -1.000000 0.000000 0.000000 2412b.dat
1 19 16.000000 -16.000000 -6.000000 1.000000 0.000000 0.000000 0.000000 1.000000 0.000000 0.000000 0.000000 1.000000 85984.dat
0 NOFILE
0 FILE SubModel Group 93
0 SubModel Group 93
0 Name: SubModel Group 93
0 Author: 
0 CustomBrick
0 FlexibleBrickControlPointUnitLength -1
0 FlexibleBrickLockedControlPoint 
0 NumOfBricks 5
1 71 0.000000 -24.000000 8.000000 1.000000 0.000000 0.000000 0.000000 1.000000 0.000000 0.000000 0.000000 1.000000 11211.dat
1 71 0.000000 -48.000000 8.000000 1.000000 0.000000 0.000000 0.000000 1.000000 0.000000 0.000000 0.000000 1.000000 3700.dat
1 19 0.000000 -14.000000 -2.000000 1.000000 0.000000 0.000000 0.000000 0.000000 -1.000000 0.000000 1.000000 0.000000 85984.dat
1 0 0.000010 -38.000000 -2.000030 0.000000 0.000000 -1.000000 0.000000 1.000000 0.000000 1.000000 0.000000 0.000000 4459.dat
1 71 0.000000 -48.000000 8.000000 -1.000000 0.000000 0.000000 0.000000 1.000000 0.000000 0.000000 0.000000 -1.000000 85984.dat
0 NOFILE
0 FILE SubModel Group 1 Copy 6
0 SubModel Group 1
0 Name: SubModel Group 1
0 Author: 
0 CustomBrick
0 FlexibleBrickControlPointUnitLength -1
0 FlexibleBrickLockedControlPoint 
0 NumOfBricks 6
1 72 -20.000000 -24.000000 -10.000000 1.000000 0.000000 0.000000 0.000000 1.000000 0.000000 0.000000 0.000000 1.000000 3703.dat
1 1 -160.000000 -14.000000 -10.000000 0.000000 0.000000 -1.000000 0.000000 1.000000 0.000000 1.000000 0.000000 0.000000 6558.dat
1 1 -120.000000 -14.000000 -10.000000 0.000000 0.000000 -1.000000 0.000000 1.000000 0.000000 1.000000 0.000000 0.000000 6558.dat
1 71 120.000000 -14.000000 0.000000 0.000000 0.000000 -1.000000 0.000000 1.000000 0.000000 1.000000 0.000000 0.000000 4274.dat
1 0 80.000010 -14.000000 0.000000 0.000000 0.000000 1.000000 0.000000 1.000000 0.000000 -1.000000 0.000000 0.000000 4459.dat
1 0 40.000010 -14.000000 0.000000 0.000000 0.000000 1.000000 0.000000 1.000000 0.000000 -1.000000 0.000000 0.000000 4459.dat
0 NOFILE
0 FILE SubModel Group 2 Copy 5
0 SubModel Group 2
0 Name: SubModel Group 2
0 Author: 
0 CustomBrick
0 FlexibleBrickControlPointUnitLength -1
0 FlexibleBrickLockedControlPoint 
0 NumOfBricks 3
1 71 0.000000 -9.000250 0.000000 1.000000 0.000000 0.000000 0.000000 1.000000 0.000000 0.000000 0.000000 1.000000 62462.dat
1 0 -20.000000 -9.000250 0.000000 1.000000 0.000000 0.000000 0.000000 1.000000 0.000000 0.000000 0.000000 1.000000 4459.dat
1 0 20.000000 -9.000250 0.000000 1.000000 0.000000 0.000000 0.000000 1.000000 0.000000 0.000000 0.000000 1.000000 4459.dat
0 NOFILE
0 FILE SubModel Group Copy
0 SubModel Group
0 Name: SubModel Group
0 Author: 
0 CustomBrick
0 FlexibleBrickControlPointUnitLength -1
0 FlexibleBrickLockedControlPoint 
0 NumOfBricks 3
1 72 -20.000000 -24.000000 -10.000000 1.000000 0.000000 0.000000 0.000000 1.000000 0.000000 0.000000 0.000000 1.000000 3703.dat
1 0 120.000000 -14.000000 -20.000000 0.000000 0.000000 1.000000 0.000000 1.000000 0.000000 -1.000000 0.000000 0.000000 4459.dat
1 0 80.000010 -14.000000 -20.000000 0.000000 0.000000 1.000000 0.000000 1.000000 0.000000 -1.000000 0.000000 0.000000 4459.dat
0 NOFILE
0 FILE SubModel Group 3 Copy 5
0 SubModel Group 3
0 Name: SubModel Group 3
0 Author: 
0 CustomBrick
0 FlexibleBrickControlPointUnitLength -1
0 FlexibleBrickLockedControlPoint 
0 NumOfBricks 4
1 71 -24.500000 -8.000000 0.000000 0.000000 0.000000 1.000000 0.000000 1.000000 0.000000 -1.000000 0.000000 0.000000 3029.dat
1 71 5.500000 -32.000000 0.000030 0.000000 0.000000 1.000000 0.000000 1.000000 0.000000 -1.000000 0.000000 0.000000 6112.dat
1 72 -14.499980 -32.000000 -110.000000 1.000000 0.000000 0.000000 0.000000 1.000000 0.000000 0.000000 0.000000 1.000000 3040b.dat
1 72 -14.500020 -32.000000 110.000000 -1.000000 0.000000 0.000000 0.000000 1.000000 0.000000 0.000000 0.000000 -1.000000 3040b.dat
0 NOFILE
0 FILE SubModel Group 1 Copy 7
0 SubModel Group 1
0 Name: SubModel Group 1
0 Author: 
0 CustomBrick
0 FlexibleBrickControlPointUnitLength -1
0 FlexibleBrickLockedControlPoint 
0 NumOfBricks 5
1 71 18.000020 -40.000000 0.000000 1.000000 0.000000 0.000000 0.000000 1.000000 0.000000 0.000000 0.000000 1.000000 6179.dat
1 71 -12.000000 -32.000000 0.000000 0.000000 0.000000 1.000000 0.000000 1.000000 0.000000 -1.000000 0.000000 0.000000 2877.dat
1 72 -12.000000 -8.000000 0.000000 0.000000 0.000000 1.000000 0.000000 1.000000 0.000000 -1.000000 0.000000 0.000000 3710.dat
1 71 -11.999980 -32.000000 -29.999990 0.000000 0.000000 1.000000 0.000000 1.000000 0.000000 -1.000000 0.000000 0.000000 60476.dat
1 71 -12.000010 -32.000000 30.000020 0.000000 0.000000 1.000000 0.000000 1.000000 0.000000 -1.000000 0.000000 0.000000 60476.dat
0 NOFILE
0 FILE SubModel Group 2 Copy 6
0 SubModel Group 2
0 Name: SubModel Group 2
0 Author: 
0 CustomBrick
0 FlexibleBrickControlPointUnitLength -1
0 FlexibleBrickLockedControlPoint 
0 NumOfBricks 2
1 71 -20.000000 -9.000250 0.000000 1.000000 0.000000 0.000000 0.000000 1.000000 0.000000 0.000000 0.000000 1.000000 62462.dat
1 1 0.000000 -9.000250 0.000000 1.000000 0.000000 0.000000 0.000000 1.000000 0.000000 0.000000 0.000000 1.000000 43093.dat
0 NOFILE
0 FILE SubModel Group 1 Copy 7_Mirrored
0 SubModel Group 1_Mirrored
0 Name: SubModel Group 1 Copy 7_Mirrored
0 Author: 
0 CustomBrick
0 FlexibleBrickControlPointUnitLength -1
0 FlexibleBrickLockedControlPoint 
0 NumOfBricks 5
1 71 -7.014900 -18.000010 -0.000010 1.000000 0.000000 0.000000 0.000000 1.000000 0.000000 0.000000 0.000000 1.000000 6179.dat
1 71 22.985140 -10.000010 0.000000 0.000000 0.000000 -1.000000 0.000000 1.000000 0.000000 1.000000 0.000000 0.000000 2877.dat
1 72 22.985140 13.999990 -0.000010 0.000000 0.000000 -1.000000 0.000000 1.000000 0.000000 1.000000 0.000000 0.000000 3710.dat
1 71 22.985120 -10.000010 -30.000000 0.000000 0.000000 -1.000000 0.000000 1.000000 0.000000 1.000000 0.000000 0.000000 60476.dat
1 71 22.985140 -10.000010 30.000020 0.000000 0.000000 -1.000000 0.000000 1.000000 0.000000 1.000000 0.000000 0.000000 60476.dat
0 NOFILE
0 FILE SubModel Group 2 Copy 6_Mirrored
0 SubModel Group 2_Mirrored
0 Name: SubModel Group 2 Copy 6_Mirrored
0 Author: 
0 CustomBrick
0 FlexibleBrickControlPointUnitLength -1
0 FlexibleBrickLockedControlPoint 
0 NumOfBricks 2
1 71 10.000000 0.000350 0.000010 1.000000 0.000000 0.000000 0.000000 1.000000 0.000000 0.000000 0.000000 1.000000 62462.dat
1 1 -10.000000 0.000350 0.000010 -1.000000 0.000000 0.000000 0.000000 1.000000 0.000000 0.000000 0.000000 -1.000000 43093.dat
0 NOFILE
0 FILE SubModel Group 2 Copy 6_Mirrored Copy
0 SubModel Group 2 Copy 6_Mirrored Copy
0 Name: SubModel Group 2 Copy 6_Mirrored Copy
0 Author: 
0 CustomBrick
0 FlexibleBrickControlPointUnitLength -1
0 FlexibleBrickLockedControlPoint 
0 NumOfBricks 2
1 71 10.000000 0.000350 0.000010 1.000000 0.000000 0.000000 0.000000 1.000000 0.000000 0.000000 0.000000 1.000000 62462.dat
1 1 -10.000000 0.000350 0.000010 -1.000000 0.000000 0.000000 0.000000 1.000000 0.000000 0.000000 0.000000 -1.000000 43093.dat
0 NOFILE
0 FILE SubModel Group 2 Copy 6_Mirrored Copy 2
0 SubModel Group 2 Copy 6_Mirrored Copy 2
0 Name: SubModel Group 2 Copy 6_Mirrored Copy 2
0 Author: 
0 CustomBrick
0 FlexibleBrickControlPointUnitLength -1
0 FlexibleBrickLockedControlPoint 
0 NumOfBricks 2
1 71 10.000000 0.000350 0.000000 1.000000 0.000000 0.000000 0.000000 1.000000 0.000000 0.000000 0.000000 1.000000 62462.dat
1 1 -10.000000 0.000350 0.000000 -1.000000 0.000000 0.000000 0.000000 1.000000 0.000000 0.000000 0.000000 -1.000000 43093.dat
0 NOFILE
0 FILE SubModel Group_Mirrored Copy Copy 4
0 SubModel Group_Mirrored Copy
0 Name: SubModel Group_Mirrored Copy
0 Author: 
0 CustomBrick
0 FlexibleBrickControlPointUnitLength -1
0 FlexibleBrickLockedControlPoint 
0 NumOfBricks 4
1 71 -2.000010 -4.000000 31.750030 1.000000 0.000000 0.000000 0.000000 1.000000 0.000000 0.000000 0.000000 1.000000 30162.dat
1 71 4.000010 -3.999990 -41.600000 0.000000 0.000000 -1.000000 -1.000000 0.000000 0.000000 0.000000 1.000000 0.000000 87994.dat
1 71 -8.000010 -4.000000 -41.750010 0.000000 0.000000 -1.000000 -1.000000 0.000000 0.000000 0.000000 1.000000 0.000000 87994.dat
1 72 4.000010 2.000000 8.980020 -1.000000 0.000000 0.000000 0.000000 1.000000 0.000000 0.000000 0.000000 -1.000000 15712.dat
0 NOFILE
0 FILE SubModel Group 3 Copy 11
0 SubModel Group 3
0 Name: SubModel Group 3
0 Author: 
0 CustomBrick
0 FlexibleBrickControlPointUnitLength -1
0 FlexibleBrickLockedControlPoint 
0 NumOfBricks 4
1 71 12.000010 -6.000010 50.560000 1.000000 0.000000 0.000000 0.000000 1.000000 0.000000 0.000000 0.000000 1.000000 30162.dat
1 71 6.000000 -6.000000 -21.440000 0.000000 0.000000 1.000000 1.000000 0.000000 0.000000 0.000000 1.000000 0.000000 87994.dat
1 71 18.000010 -6.000010 -21.440000 0.000000 0.000000 1.000000 1.000000 0.000000 0.000000 0.000000 1.000000 0.000000 87994.dat
1 72 6.000000 0.000000 29.140000 1.000000 0.000000 0.000000 0.000000 1.000000 0.000000 0.000000 0.000000 1.000000 15712.dat
0 NOFILE
0 FILE SubModel Group 1 Copy 13
0 SubModel Group 1
0 Name: SubModel Group 1
0 Author: 
0 CustomBrick
0 FlexibleBrickControlPointUnitLength -1
0 FlexibleBrickLockedControlPoint 
0 NumOfBricks 4
1 71 0.000010 -6.000000 51.700000 1.000000 0.000000 0.000000 0.000000 1.000000 0.000000 0.000000 0.000000 1.000000 30162.dat
1 71 6.000000 -6.000000 -21.440000 0.000000 0.000000 1.000000 1.000000 0.000000 0.000000 0.000000 1.000000 0.000000 87994.dat
1 71 -6.000000 -6.000000 -20.300000 0.000000 0.000000 1.000000 1.000000 0.000000 0.000000 0.000000 1.000000 0.000000 87994.dat
1 72 6.000000 0.000000 29.140000 1.000000 0.000000 0.000000 0.000000 1.000000 0.000000 0.000000 0.000000 1.000000 15712.dat
0 NOFILE
0 FILE SubModel Group Copy 6
0 SubModel Group
0 Name: SubModel Group
0 Author: 
0 CustomBrick
0 FlexibleBrickControlPointUnitLength -1
0 FlexibleBrickLockedControlPoint 
0 NumOfBricks 4
1 71 12.000010 -6.000010 51.910000 1.000000 0.000000 0.000000 0.000000 1.000000 0.000000 0.000000 0.000000 1.000000 30162.dat
1 71 6.000000 -6.000000 -21.440000 0.000000 0.000000 1.000000 1.000000 0.000000 0.000000 0.000000 1.000000 0.000000 87994.dat
1 71 18.000010 -6.000010 -21.590000 0.000000 0.000000 1.000000 1.000000 0.000000 0.000000 0.000000 1.000000 0.000000 87994.dat
1 72 6.000000 0.000000 29.140000 1.000000 0.000000 0.000000 0.000000 1.000000 0.000000 0.000000 0.000000 1.000000 15712.dat
0 NOFILE
0 FILE SubModel Group 2 Copy 11
0 SubModel Group 2
0 Name: SubModel Group 2
0 Author: 
0 CustomBrick
0 FlexibleBrickControlPointUnitLength -1
0 FlexibleBrickLockedControlPoint 
0 NumOfBricks 8
1 72 2.250000 -11.000000 14.500000 0.000000 0.000000 1.000000 0.000000 1.000000 0.000000 -1.000000 0.000000 0.000000 3023b.dat
1 72 2.250000 -19.000000 24.499980 0.000000 0.000000 1.000000 0.000000 1.000000 0.000000 -1.000000 0.000000 0.000000 4081b.dat
1 71 2.250000 -19.000000 -5.500000 0.000000 0.000000 1.000000 0.000000 1.000000 0.000000 -1.000000 0.000000 0.000000 18677.dat
1 71 -7.750000 -9.000000 -15.500000 -1.000000 0.000000 0.000000 0.000000 1.000000 0.000000 0.000000 0.000000 -1.000000 4274.dat
1 72 2.250000 -43.000000 24.499980 1.000000 0.000000 0.000000 0.000000 1.000000 0.000000 0.000000 0.000000 1.000000 3062b.dat
1 72 2.250000 -43.000000 4.500000 1.000000 0.000000 0.000000 0.000000 1.000000 0.000000 0.000000 0.000000 1.000000 3040b.dat
1 72 2.250000 -67.000000 24.500000 1.000000 0.000000 0.000000 0.000000 1.000000 0.000000 0.000000 0.000000 1.000000 3040b.dat
1 72 2.250000 -67.000000 24.500000 1.000000 0.000000 0.000000 0.000000 1.000000 0.000000 0.000000 0.000000 1.000000 54200.dat
0 NOFILE
0 FILE SubModel Group 1_Mirrored Copy 5
0 SubModel Group 1_Mirrored
0 Name: SubModel Group 1_Mirrored
0 Author: 
0 CustomBrick
0 FlexibleBrickControlPointUnitLength -1
0 FlexibleBrickLockedControlPoint 
0 NumOfBricks 4
1 71 2.000000 -4.000000 31.570020 1.000000 0.000000 0.000000 0.000000 1.000000 0.000000 0.000000 0.000000 1.000000 30162.dat
1 71 -3.999990 -3.999990 -41.570010 0.000000 0.000000 -1.000000 -1.000000 0.000000 0.000000 0.000000 1.000000 0.000000 87994.dat
1 71 8.000020 -3.999990 -40.429980 0.000000 0.000000 -1.000000 -1.000000 0.000000 0.000000 0.000000 1.000000 0.000000 87994.dat
1 72 -3.999990 2.000000 9.010000 -1.000000 0.000000 0.000000 0.000000 1.000000 0.000000 0.000000 0.000000 -1.000000 15712.dat
0 NOFILE
0 FILE SubModel Group 1_Mirrored Copy Copy 4
0 SubModel Group 1_Mirrored Copy
0 Name: SubModel Group 1_Mirrored Copy
0 Author: 
0 CustomBrick
0 FlexibleBrickControlPointUnitLength -1
0 FlexibleBrickLockedControlPoint 
0 NumOfBricks 4
1 71 1.999940 -4.000000 31.570000 1.000000 0.000000 0.000000 0.000000 1.000000 0.000000 0.000000 0.000000 1.000000 30162.dat
1 71 -4.000030 -4.000000 -41.570030 0.000000 0.000000 -1.000000 -1.000000 0.000000 0.000000 0.000000 1.000000 0.000000 87994.dat
1 71 8.000000 -4.000000 -40.430040 0.000000 0.000000 -1.000000 -1.000000 0.000000 0.000000 0.000000 1.000000 0.000000 87994.dat
1 72 -4.000030 2.000000 9.009980 -1.000000 0.000000 0.000000 0.000000 1.000000 0.000000 0.000000 0.000000 -1.000000 15712.dat
0 NOFILE
0 FILE SubModel Group_Mirrored Copy 5
0 SubModel Group_Mirrored
0 Name: SubModel Group_Mirrored
0 Author: 
0 CustomBrick
0 FlexibleBrickControlPointUnitLength -1
0 FlexibleBrickLockedControlPoint 
0 NumOfBricks 4
1 71 -2.000020 -4.000000 31.750040 1.000000 0.000000 0.000000 0.000000 1.000000 0.000000 0.000000 0.000000 1.000000 30162.dat
1 71 4.000020 -4.000000 -41.599980 0.000000 0.000000 -1.000000 -1.000000 0.000000 0.000000 0.000000 1.000000 0.000000 87994.dat
1 71 -8.000000 -4.000000 -41.749960 0.000000 0.000000 -1.000000 -1.000000 0.000000 0.000000 0.000000 1.000000 0.000000 87994.dat
1 72 4.000000 2.000010 8.980030 -1.000000 0.000000 0.000000 0.000000 1.000000 0.000000 0.000000 0.000000 -1.000000 15712.dat
0 NOFILE
0 FILE SubModel Group_Mirrored Copy 2 Copy 4
0 SubModel Group_Mirrored Copy 2
0 Name: SubModel Group_Mirrored Copy 2
0 Author: 
0 CustomBrick
0 FlexibleBrickControlPointUnitLength -1
0 FlexibleBrickLockedControlPoint 
0 NumOfBricks 4
1 71 -1.999960 -4.000000 31.750000 1.000000 0.000000 0.000000 0.000000 1.000000 0.000000 0.000000 0.000000 1.000000 30162.dat
1 71 4.000070 -4.000000 -41.600020 0.000000 0.000000 -1.000000 -1.000000 0.000000 0.000000 0.000000 1.000000 0.000000 87994.dat
1 71 -7.999940 -4.000000 -41.750010 0.000000 0.000000 -1.000000 -1.000000 0.000000 0.000000 0.000000 1.000000 0.000000 87994.dat
1 72 4.000050 2.000000 8.979990 -1.000000 0.000000 0.000000 0.000000 1.000000 0.000000 0.000000 0.000000 -1.000000 15712.dat
0 NOFILE
0 FILE SubModel Group 2_Mirrored Copy 5
0 SubModel Group 2_Mirrored
0 Name: SubModel Group 2_Mirrored
0 Author: 
0 CustomBrick
0 FlexibleBrickControlPointUnitLength -1
0 FlexibleBrickLockedControlPoint 
0 NumOfBricks 8
1 72 -9.000000 30.300010 10.000000 0.000000 0.000000 -1.000000 0.000000 1.000000 0.000000 1.000000 0.000000 0.000000 3023b.dat
1 72 -9.000010 22.299980 19.999980 0.000000 0.000000 -1.000000 0.000000 1.000000 0.000000 1.000000 0.000000 0.000000 4081b.dat
1 71 -9.000010 22.299980 -10.000000 0.000000 0.000000 1.000000 0.000000 1.000000 0.000000 -1.000000 0.000000 0.000000 18677.dat
1 71 0.999990 32.299990 -20.000000 1.000000 0.000000 0.000000 0.000000 1.000000 0.000000 0.000000 0.000000 1.000000 4274.dat
1 72 -9.000010 -1.700010 19.999980 1.000000 0.000000 0.000000 0.000000 1.000000 0.000000 0.000000 0.000000 1.000000 3062b.dat
1 72 -9.000010 -1.700010 0.000000 1.000000 0.000000 0.000000 0.000000 1.000000 0.000000 0.000000 0.000000 1.000000 3040b.dat
1 72 -9.000010 -25.700020 20.000000 1.000000 0.000000 0.000000 0.000000 1.000000 0.000000 0.000000 0.000000 1.000000 3040b.dat
1 72 -9.000010 -25.700020 20.000000 1.000000 0.000000 0.000000 0.000000 1.000000 0.000000 0.000000 0.000000 1.000000 54200.dat
0 NOFILE
0 FILE SubModel Group 2_Mirrored Copy Copy 4
0 SubModel Group 2_Mirrored Copy
0 Name: SubModel Group 2_Mirrored Copy
0 Author: 
0 CustomBrick
0 FlexibleBrickControlPointUnitLength -1
0 FlexibleBrickLockedControlPoint 
0 NumOfBricks 8
1 72 -8.999990 30.300030 10.000010 0.000000 0.000000 -1.000000 0.000000 1.000000 0.000000 1.000000 0.000000 0.000000 3023b.dat
1 72 -9.000010 22.299980 19.999990 0.000000 0.000000 -1.000000 0.000000 1.000000 0.000000 1.000000 0.000000 0.000000 4081b.dat
1 71 -9.000010 22.299980 -9.999990 0.000000 0.000000 1.000000 0.000000 1.000000 0.000000 -1.000000 0.000000 0.000000 18677.dat
1 71 0.999980 32.299960 -19.999990 1.000000 0.000000 0.000000 0.000000 1.000000 0.000000 0.000000 0.000000 1.000000 4274.dat
1 72 -9.000000 -1.700020 19.999990 1.000000 0.000000 0.000000 0.000000 1.000000 0.000000 0.000000 0.000000 1.000000 3062b.dat
1 72 -9.000010 -1.700020 0.000000 1.000000 0.000000 0.000000 0.000000 1.000000 0.000000 0.000000 0.000000 1.000000 3040b.dat
1 72 -9.000000 -25.700020 20.000000 1.000000 0.000000 0.000000 0.000000 1.000000 0.000000 0.000000 0.000000 1.000000 3040b.dat
1 72 -9.000000 -25.700020 20.000000 1.000000 0.000000 0.000000 0.000000 1.000000 0.000000 0.000000 0.000000 1.000000 54200.dat
0 NOFILE
0 FILE SubModel Group 103
0 SubModel Group 103
0 Name: SubModel Group 103
0 Author: 
0 CustomBrick
0 FlexibleBrickControlPointUnitLength -1
0 FlexibleBrickLockedControlPoint 
0 NumOfBricks 101
1 16 123.884100 -188.307300 30.007120 1.000000 0.000000 0.000000 0.000000 0.000000 -1.000000 0.000000 1.000000 0.000000 submodel group 3 copy 12
0 STEP
1 16 -119.884100 -130.792000 -0.007120 0.917059 0.398749 0.000000 -0.398748 0.917059 0.000000 0.000000 0.000000 1.000000 submodel group 6 copy 5
0 STEP
0 NOFILE
0 FILE SubModel Group 103_Mirrored
0 SubModel Group 103_Mirrored
0 Name: SubModel Group 103_Mirrored
0 Author: 
0 CustomBrick
0 FlexibleBrickControlPointUnitLength -1
0 FlexibleBrickLockedControlPoint 
0 NumOfBricks 101
1 16 -302.432600 95.567600 139.992100 1.000000 0.000000 0.000000 0.000000 0.000000 -1.000000 0.000000 1.000000 0.000000 submodel group 3 copy 12_mirrored
0 STEP
1 16 142.631900 0.000010 -0.000020 0.917060 -0.398749 0.000000 0.398749 0.917060 0.000000 0.000000 0.000000 1.000000 submodel group 6 copy 5_mirrored
0 STEP
0 NOFILE
0 FILE SubModel Group 11 Copy 3
0 SubModel Group 11
0 Name: SubModel Group 11
0 Author: 
0 CustomBrick
0 FlexibleBrickControlPointUnitLength -1
0 FlexibleBrickLockedControlPoint 
0 NumOfBricks 64
1 16 -25.797940 0.000000 116.104700 1.000000 0.000000 0.000000 0.000000 1.000000 0.000000 0.000000 0.000000 1.000000 submodel group 10 copy 3
0 STEP
1 16 19.797930 -30.001130 -100.104700 -1.000001 0.000000 0.000000 0.000000 0.000000 1.000000 0.000000 1.000000 0.000000 submodel group 1 copy 10
0 STEP
0 NOFILE
0 FILE SubModel Group 29
0 SubModel Group 29
0 Name: SubModel Group 29
0 Author: 
0 CustomBrick
0 FlexibleBrickControlPointUnitLength -1
0 FlexibleBrickLockedControlPoint 
0 NumOfBricks 416
1 16 27.901860 -2.000060 19.803450 0.000000 0.000000 1.000000 0.000000 1.000000 0.000000 -1.000000 0.000000 0.000000 submodel group 26
1 0 311.772700 -42.000110 239.996300 -1.000000 0.000000 0.000000 0.000000 1.000000 0.000000 0.000000 0.000000 -1.000000 15461.dat
1 0 311.775800 -42.000100 159.995900 -1.000000 0.000000 0.000000 0.000000 1.000000 0.000000 0.000000 0.000000 -1.000000 15461.dat
1 0 311.772900 -42.000060 -160.003700 -1.000000 0.000000 0.000000 0.000000 1.000000 0.000000 0.000000 0.000000 -1.000000 15461.dat
1 0 311.775800 -42.000070 -80.003940 -1.000000 0.000000 0.000000 0.000000 1.000000 0.000000 0.000000 0.000000 -1.000000 15461.dat
1 28 301.775800 -80.000100 219.995900 0.000000 0.000000 -1.000000 0.000000 1.000000 0.000000 1.000000 0.000000 0.000000 6636.dat
1 28 301.772900 -80.000060 -140.003700 0.000000 0.000000 -1.000000 0.000000 1.000000 0.000000 1.000000 0.000000 0.000000 6636.dat
1 70 291.775800 -80.000080 139.995900 1.000000 0.000000 0.000000 0.000000 1.000000 0.000000 0.000000 0.000000 1.000000 3022.dat
1 70 291.775800 -80.000060 -60.003940 1.000000 0.000000 0.000000 0.000000 1.000000 0.000000 0.000000 0.000000 1.000000 3022.dat
1 71 -288.226300 -80.000020 239.998300 1.000000 0.000000 0.000000 0.000000 1.000000 0.000000 0.000000 0.000000 1.000000 3034.dat
1 71 -288.224700 -79.999980 -160.003600 1.000000 0.000000 0.000000 0.000000 1.000000 0.000000 0.000000 0.000000 1.000000 3034.dat
1 71 -288.225000 -79.999940 -520.003700 1.000000 0.000000 0.000000 0.000000 1.000000 0.000000 0.000000 0.000000 1.000000 3034.dat
1 0 -328.226300 -42.000020 219.998200 0.000000 0.000000 -1.000000 0.000000 1.000000 0.000000 1.000000 0.000000 0.000000 15461.dat
1 0 -248.226300 -42.000030 219.998100 0.000000 0.000000 -1.000000 0.000000 1.000000 0.000000 1.000000 0.000000 0.000000 15461.dat
1 0 -328.225900 -42.000070 599.998200 0.000000 0.000000 -1.000000 0.000000 1.000000 0.000000 1.000000 0.000000 0.000000 15461.dat
1 0 -248.226000 -42.000080 599.998200 0.000000 0.000000 -1.000000 0.000000 1.000000 0.000000 1.000000 0.000000 0.000000 15461.dat
1 71 -408.226600 -22.000080 69.998160 0.000000 0.000000 1.000000 0.000000 1.000000 0.000000 -1.000000 0.000000 0.000000 32054.dat
1 71 -408.229600 -62.000080 69.997280 0.000000 0.000000 1.000000 0.000000 1.000000 0.000000 -1.000000 0.000000 0.000000 32054.dat
1 71 -448.229600 -62.000080 69.997310 0.000000 0.000000 1.000000 0.000000 1.000000 0.000000 -1.000000 0.000000 0.000000 32054.dat
1 71 -448.226600 -22.000080 69.998180 0.000000 0.000000 1.000000 0.000000 1.000000 0.000000 -1.000000 0.000000 0.000000 32054.dat
1 71 -448.224900 -62.000080 9.996309 0.000000 0.000000 -1.000000 0.000000 1.000000 0.000000 1.000000 0.000000 0.000000 32054.dat
1 71 -408.224900 -62.000080 9.996309 0.000000 0.000000 -1.000000 0.000000 1.000000 0.000000 1.000000 0.000000 0.000000 32054.dat
1 71 -408.224800 -22.000080 9.996309 0.000000 0.000000 -1.000000 0.000000 1.000000 0.000000 1.000000 0.000000 0.000000 32054.dat
1 71 -448.224800 -22.000080 9.996309 0.000000 0.000000 -1.000000 0.000000 1.000000 0.000000 1.000000 0.000000 0.000000 32054.dat
0 STEP
1 0 -158.226800 -32.000080 449.996600 0.000000 0.000000 -1.000000 0.000000 1.000000 0.000000 1.000000 0.000000 0.000000 32555.dat
1 71 -198.226300 -22.000090 439.998200 -1.000000 0.000000 0.000000 0.000000 -1.000000 0.000000 0.000000 0.000000 1.000000 32054.dat
1 0 -158.227100 -32.000000 -370.003500 1.000000 0.000000 0.000000 0.000000 1.000000 0.000000 0.000000 0.000000 1.000000 32555.dat
1 71 -198.227000 -22.000010 -360.003500 -1.000000 0.000000 0.000000 0.000000 -1.000000 0.000000 0.000000 0.000000 1.000000 32054.dat
1 72 -288.226000 -32.000080 609.998100 -1.000000 0.000000 0.000000 0.000000 1.000000 0.000000 0.000000 0.000000 -1.000000 3894.dat
1 72 -288.224900 -31.999960 -510.003500 -1.000000 0.000000 0.000000 0.000000 1.000000 0.000000 0.000000 0.000000 -1.000000 3894.dat
1 0 -148.226800 -42.000080 419.996700 0.000000 0.000000 -1.000000 0.000000 -1.000000 0.000000 -1.000000 0.000000 0.000000 15461.dat
1 0 -148.227100 -42.000000 -340.003500 0.000000 0.000000 1.000000 0.000000 -1.000000 0.000000 1.000000 0.000000 0.000000 15461.dat
1 0 -328.224900 -41.999960 -500.003500 0.000000 0.000000 -1.000000 0.000000 -1.000000 0.000000 -1.000000 0.000000 0.000000 15461.dat
1 0 -248.224900 -41.999960 -500.003500 0.000000 0.000000 -1.000000 0.000000 -1.000000 0.000000 -1.000000 0.000000 0.000000 15461.dat
1 72 -288.223700 -32.000000 -149.898300 1.000000 0.000000 0.000000 0.000000 1.000000 0.000000 0.000000 0.000000 1.000000 3894.dat
1 0 -328.223800 -42.000000 -139.898300 0.000000 0.000000 -1.000000 0.000000 -1.000000 0.000000 -1.000000 0.000000 0.000000 15461.dat
1 0 -248.223800 -42.000000 -139.898300 0.000000 0.000000 -1.000000 0.000000 -1.000000 0.000000 -1.000000 0.000000 0.000000 15461.dat
1 72 -288.226300 -32.000060 229.998100 -1.000000 0.000000 0.000000 0.000000 1.000000 0.000000 0.000000 0.000000 -1.000000 3894.dat
1 70 291.772800 -8.000100 -60.003720 1.000000 0.000000 0.000000 0.000000 1.000000 0.000000 0.000000 0.000000 1.000000 3022.dat
1 70 291.772800 -8.000120 139.996300 1.000000 0.000000 0.000000 0.000000 1.000000 0.000000 0.000000 0.000000 1.000000 3022.dat
1 19 -188.226500 -8.000050 39.998120 -1.000000 0.000000 0.000000 0.000000 1.000000 0.000000 0.000000 0.000000 -1.000000 3032.dat
1 70 -288.226400 -8.000050 99.998130 -1.000000 0.000000 0.000000 0.000000 1.000000 0.000000 0.000000 0.000000 -1.000000 3832.dat
1 70 -288.227100 -8.000040 -20.003420 -1.000000 0.000000 0.000000 0.000000 1.000000 0.000000 0.000000 0.000000 -1.000000 3832.dat
1 16 -178.226800 -0.000080 479.996600 1.000000 0.000000 0.000000 0.000000 1.000000 0.000000 0.000000 0.000000 1.000000 submodel group 27
1 16 -178.227100 -0.000020 -400.003500 1.000000 0.000000 0.000000 0.000000 1.000000 0.000000 0.000000 0.000000 1.000000 submodel group 28
1 19 -208.227000 -8.000000 -350.003500 0.000000 0.000000 -1.000000 0.000000 1.000000 0.000000 1.000000 0.000000 0.000000 3021.dat
1 19 -208.226900 -8.000080 429.996600 0.000000 0.000000 -1.000000 0.000000 1.000000 0.000000 1.000000 0.000000 0.000000 3021.dat
1 19 -108.227100 -8.000010 -330.003500 -1.000000 0.000000 0.000000 0.000000 1.000000 0.000000 0.000000 0.000000 -1.000000 3460.dat
1 19 -108.226900 -8.000110 409.996600 -1.000000 0.000000 0.000000 0.000000 1.000000 0.000000 0.000000 0.000000 -1.000000 3460.dat
0 STEP
1 0 381.775800 -42.000100 39.995900 0.000000 -1.000000 0.000000 0.000000 0.000000 1.000000 -1.000000 0.000000 0.000000 32531.dat
0 STEP
0 NOFILE
0 FILE SubModel Group 36
0 SubModel Group 36
0 Name: SubModel Group 36
0 Author: 
0 CustomBrick
0 FlexibleBrickControlPointUnitLength -1
0 FlexibleBrickLockedControlPoint 
0 NumOfBricks 18
1 0 -106.333400 -24.000000 -4.222170 1.000000 0.000000 0.000000 0.000000 1.000000 0.000000 0.000000 0.000000 1.000000 32018.dat
1 71 73.666640 -24.000000 35.777830 1.000000 0.000000 0.000000 0.000000 1.000000 0.000000 0.000000 0.000000 1.000000 3895.dat
1 0 -106.333400 -64.000000 -4.222170 1.000000 0.000000 0.000000 0.000000 1.000000 0.000000 0.000000 0.000000 1.000000 32018.dat
0 STEP
1 0 3.666750 -24.000000 -24.222170 0.000000 0.000000 1.000000 0.000000 1.000000 0.000000 -1.000000 0.000000 0.000000 32555.dat
1 1 13.666630 -14.000000 15.777830 0.000000 0.000000 -1.000000 0.000000 1.000000 0.000000 1.000000 0.000000 0.000000 6558.dat
1 1 -26.333380 -14.000000 15.777830 0.000000 0.000000 -1.000000 0.000000 1.000000 0.000000 1.000000 0.000000 0.000000 6558.dat
1 71 173.666600 -14.000000 35.777830 0.000000 0.000000 -1.000000 0.000000 1.000000 0.000000 1.000000 0.000000 0.000000 32054.dat
1 71 93.666620 -14.000000 35.777830 0.000000 0.000000 -1.000000 0.000000 1.000000 0.000000 1.000000 0.000000 0.000000 32054.dat
1 72 -186.333400 -32.000000 -4.222170 1.000000 0.000000 0.000000 0.000000 1.000000 0.000000 0.000000 0.000000 1.000000 3666.dat
1 72 -186.333400 -40.000000 -4.222170 1.000000 0.000000 0.000000 0.000000 1.000000 0.000000 0.000000 0.000000 1.000000 3666.dat
1 28 23.666380 -32.000000 5.777830 0.000000 0.000000 1.000000 0.000000 1.000000 0.000000 -1.000000 0.000000 0.000000 3023b.dat
1 28 23.666140 -40.000000 5.777830 0.000000 0.000000 1.000000 0.000000 1.000000 0.000000 -1.000000 0.000000 0.000000 3023b.dat
1 0 3.666630 -64.000000 -24.222170 0.000000 0.000000 1.000000 0.000000 1.000000 0.000000 -1.000000 0.000000 0.000000 32555.dat
1 1 13.666630 -54.000000 15.777830 0.000000 0.000000 -1.000000 0.000000 1.000000 0.000000 1.000000 0.000000 0.000000 6558.dat
1 1 -26.333380 -54.000000 15.777830 0.000000 0.000000 -1.000000 0.000000 1.000000 0.000000 1.000000 0.000000 0.000000 6558.dat
1 71 73.666640 -64.000000 35.777830 1.000000 0.000000 0.000000 0.000000 1.000000 0.000000 0.000000 0.000000 1.000000 3895.dat
1 71 173.666600 -54.000000 35.777830 0.000000 0.000000 -1.000000 0.000000 1.000000 0.000000 1.000000 0.000000 0.000000 32054.dat
1 71 93.666620 -54.000000 35.777830 0.000000 0.000000 -1.000000 0.000000 1.000000 0.000000 1.000000 0.000000 0.000000 32054.dat
0 STEP
0 NOFILE
0 FILE SubModel Group 30
0 SubModel Group 30
0 Name: SubModel Group 30
0 Author: 
0 CustomBrick
0 FlexibleBrickControlPointUnitLength -1
0 FlexibleBrickLockedControlPoint 
0 NumOfBricks 3
1 4 0.000000 -29.000000 -0.001160 1.000007 0.000000 0.000000 0.000000 0.000000 -1.000000 0.000000 1.000007 0.000000 32523.dat
1 1 0.000240 -48.999990 0.002320 0.000000 0.000000 -1.000000 0.000000 1.000000 0.000000 1.000000 0.000000 0.000000 6558.dat
1 1 -0.000120 -9.000000 -0.001160 0.000000 0.000000 -1.000007 0.000000 1.000000 0.000000 1.000007 0.000000 0.000000 6558.dat
0 NOFILE
0 FILE SubModel Group 31
0 SubModel Group 31
0 Name: SubModel Group 31
0 Author: 
0 CustomBrick
0 FlexibleBrickControlPointUnitLength -1
0 FlexibleBrickLockedControlPoint 
0 NumOfBricks 3
1 72 0.000000 -29.000000 3.666660 1.000000 0.000000 0.000000 0.000000 0.000000 -1.000000 0.000000 1.000000 0.000000 32523.dat
1 0 -0.000120 -49.000000 -6.333370 0.000000 0.000000 -1.000000 0.000000 1.000000 0.000000 1.000000 0.000000 0.000000 4459.dat
1 0 -0.000120 -9.000000 -6.333370 0.000000 0.000000 -1.000000 0.000000 1.000000 0.000000 1.000000 0.000000 0.000000 4459.dat
0 NOFILE
0 FILE SubModel Group 32
0 SubModel Group 32
0 Name: SubModel Group 32
0 Author: 
0 CustomBrick
0 FlexibleBrickControlPointUnitLength -1
0 FlexibleBrickLockedControlPoint 
0 NumOfBricks 3
1 4 0.000000 -29.000000 3.666660 -1.000000 0.000000 0.000000 0.000000 0.000000 1.000000 0.000000 1.000000 0.000000 32523.dat
1 0 0.000000 -49.000000 -6.333370 0.000000 0.000000 -1.000000 0.000000 1.000000 0.000000 1.000000 0.000000 0.000000 4459.dat
1 0 0.000000 -9.000000 -6.333340 0.000000 0.000000 -1.000000 0.000000 1.000000 0.000000 1.000000 0.000000 0.000000 4459.dat
0 NOFILE
0 FILE SubModel Group 33
0 SubModel Group 33
0 Name: SubModel Group 33
0 Author: 
0 CustomBrick
0 FlexibleBrickControlPointUnitLength -1
0 FlexibleBrickLockedControlPoint 
0 NumOfBricks 17
1 0 0.000000 -40.000000 0.000000 1.000000 0.000000 0.000000 0.000000 1.000000 0.000000 0.000000 0.000000 1.000000 32001.dat
1 0 0.000000 -32.000000 0.000000 1.000000 0.000000 0.000000 0.000000 1.000000 0.000000 0.000000 0.000000 1.000000 32001.dat
1 15 0.000000 -24.000000 0.000000 0.000000 0.000000 -1.000000 0.000000 1.000000 0.000000 1.000000 0.000000 0.000000 30000.dat
1 15 40.000000 -64.000000 -0.000060 0.000000 0.000000 -1.000000 0.000000 1.000000 0.000000 1.000000 0.000000 0.000000 30000.dat
1 15 -40.000120 -64.000000 -0.000060 0.000000 0.000000 -1.000000 0.000000 1.000000 0.000000 1.000000 0.000000 0.000000 30000.dat
1 4 40.000000 -54.000000 -40.000120 0.000000 0.000000 -1.000000 0.000000 1.000000 0.000000 1.000000 0.000000 0.000000 62462.dat
1 4 0.000000 -14.000000 -40.000060 0.000000 0.000000 -1.000000 0.000000 1.000000 0.000000 1.000000 0.000000 0.000000 62462.dat
1 4 -40.000240 -54.000000 -40.000120 0.000000 0.000000 -1.000000 0.000000 1.000000 0.000000 1.000000 0.000000 0.000000 62462.dat
1 4 40.000000 -54.000000 39.999880 0.000000 0.000000 -1.000000 0.000000 1.000000 0.000000 1.000000 0.000000 0.000000 62462.dat
1 4 -40.000240 -54.000000 39.999880 0.000000 0.000000 -1.000000 0.000000 1.000000 0.000000 1.000000 0.000000 0.000000 62462.dat
1 4 0.000000 -14.000000 39.999940 0.000000 0.000000 -1.000000 0.000000 1.000000 0.000000 1.000000 0.000000 0.000000 62462.dat
1 0 40.000000 -54.000000 -60.000180 0.000000 0.000000 -1.000000 0.000000 1.000000 0.000000 1.000000 0.000000 0.000000 4459.dat
1 0 0.000000 -14.000000 -60.000120 0.000000 0.000000 -1.000000 0.000000 1.000000 0.000000 1.000000 0.000000 0.000000 4459.dat
1 0 -40.000370 -54.000000 -60.000180 0.000000 0.000000 -1.000000 0.000000 1.000000 0.000000 1.000000 0.000000 0.000000 4459.dat
1 0 40.000000 -54.000000 59.999820 0.000000 0.000000 -1.000000 0.000000 1.000000 0.000000 1.000000 0.000000 0.000000 4459.dat
1 0 -40.000370 -54.000000 59.999820 0.000000 0.000000 -1.000000 0.000000 1.000000 0.000000 1.000000 0.000000 0.000000 4459.dat
1 0 -0.000120 -14.000000 59.999880 0.000000 0.000000 -1.000000 0.000000 1.000000 0.000000 1.000000 0.000000 0.000000 4459.dat
0 NOFILE
0 FILE SubModel Group 34
0 SubModel Group 34
0 Name: SubModel Group 34
0 Author: 
0 CustomBrick
0 FlexibleBrickControlPointUnitLength -1
0 FlexibleBrickLockedControlPoint 
0 NumOfBricks 7
1 0 0.000000 -24.000000 8.285769 1.000000 0.000000 0.000000 0.000000 1.000000 0.000000 0.000000 0.000000 1.000000 32531.dat
1 0 -60.000000 -14.000000 -11.714230 1.000000 0.000000 0.000000 0.000000 1.000000 0.000000 0.000000 0.000000 1.000000 4459.dat
1 0 -60.000000 -14.000000 28.285770 1.000000 0.000000 0.000000 0.000000 1.000000 0.000000 0.000000 0.000000 1.000000 4459.dat
1 0 60.000000 -14.000000 -11.714230 1.000000 0.000000 0.000000 0.000000 1.000000 0.000000 0.000000 0.000000 1.000000 4459.dat
1 0 60.000000 -14.000000 28.285770 1.000000 0.000000 0.000000 0.000000 1.000000 0.000000 0.000000 0.000000 1.000000 4459.dat
1 0 49.999760 -32.000000 28.285770 0.000000 0.000000 -1.000000 0.000000 1.000000 0.000000 1.000000 0.000000 0.000000 32530.dat
1 0 -50.000120 -32.000000 28.285770 0.000000 0.000000 -1.000000 0.000000 1.000000 0.000000 1.000000 0.000000 0.000000 32530.dat
0 NOFILE
0 FILE SubModel Group 35
0 SubModel Group 35
0 Name: SubModel Group 35
0 Author: 
0 CustomBrick
0 FlexibleBrickControlPointUnitLength -1
0 FlexibleBrickLockedControlPoint 
0 NumOfBricks 3
1 72 0.000000 -29.000000 6.333310 1.000000 0.000000 0.000000 0.000000 0.000000 -1.000000 0.000000 1.000000 0.000000 32523.dat
1 1 -0.000120 -9.000000 -13.666690 0.000000 0.000000 1.000000 0.000000 1.000000 0.000000 -1.000000 0.000000 0.000000 6558.dat
1 1 -0.000120 -49.000000 -13.666750 0.000000 0.000000 1.000000 0.000000 1.000000 0.000000 -1.000000 0.000000 0.000000 6558.dat
0 NOFILE
0 FILE SubModel Group 39
0 SubModel Group 39
0 Name: SubModel Group 39
0 Author: 
0 CustomBrick
0 FlexibleBrickControlPointUnitLength -1
0 FlexibleBrickLockedControlPoint 
0 NumOfBricks 2
1 15 -20.000000 -32.000000 0.000000 0.000000 0.000000 1.000000 0.000000 1.000000 0.000000 -1.000000 0.000000 0.000000 30541.dat
1 19 0.000060 -8.000000 0.000000 1.000000 0.000000 0.000000 0.000000 1.000000 0.000000 0.000000 0.000000 1.000000 3021.dat
0 NOFILE
0 FILE SubModel Group 40
0 SubModel Group 40
0 Name: SubModel Group 40
0 Author: 
0 CustomBrick
0 FlexibleBrickControlPointUnitLength -1
0 FlexibleBrickLockedControlPoint 
0 NumOfBricks 2
1 15 19.999940 -32.000000 0.000000 0.000000 0.000000 1.000000 0.000000 1.000000 0.000000 -1.000000 0.000000 0.000000 30541.dat
1 19 0.000000 -8.000000 0.000000 1.000000 0.000000 0.000000 0.000000 1.000000 0.000000 0.000000 0.000000 1.000000 3021.dat
0 NOFILE
0 FILE SubModel Group 41
0 SubModel Group 41
0 Name: SubModel Group 41
0 Author: 
0 CustomBrick
0 FlexibleBrickControlPointUnitLength -1
0 FlexibleBrickLockedControlPoint 
0 NumOfBricks 4
1 71 0.000000 -49.000000 5.500000 1.000000 0.000000 0.000000 0.000000 0.000000 -1.000000 0.000000 1.000000 0.000000 32316.dat
1 1 0.000000 -89.000140 -14.499970 0.000000 0.000000 1.000000 0.000000 1.000002 0.000000 -1.000002 0.000000 0.000000 6558.dat
1 1 0.000000 -49.000070 -14.499970 0.000000 0.000000 1.000000 0.000000 1.000002 0.000000 -1.000002 0.000000 0.000000 6558.dat
1 0 0.000060 -9.000010 -4.500000 0.000000 -1.000000 0.000000 0.000000 0.000000 -1.000002 1.000002 0.000000 0.000000 4459.dat
0 NOFILE
0 FILE SubModel Group 50
0 SubModel Group 50
0 Name: SubModel Group 50
0 Author: 
0 CustomBrick
0 FlexibleBrickControlPointUnitLength -1
0 FlexibleBrickLockedControlPoint 
0 NumOfBricks 63
1 16 -2.062510 -99.259660 26.615290 0.000000 0.000000 1.000000 1.000000 0.000000 0.000000 0.000000 1.000000 0.000000 submodel group 42
1 16 0.062490 -86.022460 -69.993730 1.000000 0.000000 0.000000 0.000000 0.951057 -0.309017 0.000000 0.309017 0.951057 submodel group 48
0 NOFILE
0 FILE SubModel Group 53
0 SubModel Group 53
0 Name: SubModel Group 53
0 Author: 
0 CustomBrick
0 FlexibleBrickControlPointUnitLength -1
0 FlexibleBrickLockedControlPoint 
0 NumOfBricks 2
1 0 30.000000 -48.000000 0.000000 1.000000 0.000000 0.000000 0.000000 1.000000 0.000000 0.000000 0.000000 1.000000 32531.dat
1 19 -20.000120 -24.000000 0.000000 0.000000 0.000000 -1.000000 0.000000 1.000000 0.000000 1.000000 0.000000 0.000000 3010.dat
0 NOFILE
0 FILE SubModel Group 54
0 SubModel Group 54
0 Name: SubModel Group 54
0 Author: 
0 CustomBrick
0 FlexibleBrickControlPointUnitLength -1
0 FlexibleBrickLockedControlPoint 
0 NumOfBricks 0
0 NOFILE
0 FILE SubModel Group 55
0 SubModel Group 55
0 Name: SubModel Group 55
0 Author: 
0 CustomBrick
0 FlexibleBrickControlPointUnitLength -1
0 FlexibleBrickLockedControlPoint 
0 NumOfBricks 0
0 NOFILE
0 FILE SubModel Group 58
0 SubModel Group 58
0 Name: SubModel Group 58
0 Author: 
0 CustomBrick
0 FlexibleBrickControlPointUnitLength -1
0 FlexibleBrickLockedControlPoint 
0 NumOfBricks 2
1 15 -20.000000 0.000000 -0.000060 0.000000 0.000000 1.000000 0.000000 1.000000 0.000000 -1.000000 0.000000 0.000000 15068.dat
1 71 0.000000 -8.000000 0.000000 1.000000 0.000000 0.000000 0.000000 1.000000 0.000000 0.000000 0.000000 1.000000 92582.dat
0 NOFILE
0 FILE SubModel Group 59
0 SubModel Group 59
0 Name: SubModel Group 59
0 Author: 
0 CustomBrick
0 FlexibleBrickControlPointUnitLength -1
0 FlexibleBrickLockedControlPoint 
0 NumOfBricks 6
1 70 0.000000 -8.000000 0.000000 1.000000 0.000000 0.000000 0.000000 1.000000 0.000000 0.000000 0.000000 1.000000 3832.dat
1 72 0.000000 -32.000000 -10.000000 1.000000 0.000000 0.000000 0.000000 1.000000 0.000000 0.000000 0.000000 1.000000 3894.dat
1 72 0.000000 -32.000000 10.000000 1.000000 0.000000 0.000000 0.000000 1.000000 0.000000 0.000000 0.000000 1.000000 3894.dat
1 71 0.000000 -40.000000 0.000000 1.000000 0.000000 0.000000 0.000000 1.000000 0.000000 0.000000 0.000000 1.000000 3068b.dat
1 72 -30.000120 -48.000000 -0.000020 0.000000 0.000000 1.000000 0.000000 1.000000 0.000000 -1.000000 0.000000 0.000000 47457.dat
1 72 29.999880 -48.000000 -0.000020 0.000000 0.000000 -1.000000 0.000000 1.000000 0.000000 1.000000 0.000000 0.000000 47457.dat
0 NOFILE
0 FILE SubModel Group 68
0 SubModel Group 68
0 Name: SubModel Group 68
0 Author: 
0 CustomBrick
0 FlexibleBrickControlPointUnitLength -1
0 FlexibleBrickLockedControlPoint 
0 NumOfBricks 78
1 16 1480.000000 17.666660 380.000000 1.000000 0.000000 0.000000 0.000000 1.000000 0.000000 0.000000 0.000000 1.000000 submodel group 69
0 NOFILE
0 FILE SubModel Group 87
0 SubModel Group 87
0 Name: SubModel Group 87
0 Author: 
0 CustomBrick
0 FlexibleBrickControlPointUnitLength -1
0 FlexibleBrickLockedControlPoint 
0 NumOfBricks 214
1 16 7.423580 -36.000030 40.653860 -1.000000 0.000000 0.000000 0.000000 -1.000000 0.000000 0.000000 0.000000 1.000000 submodel group 70
1 71 -124.409400 -32.000030 90.237140 0.000000 0.000000 -1.000000 0.000000 1.000000 0.000000 1.000000 0.000000 0.000000 3010.dat
1 19 -94.409420 -32.000030 -59.762820 -1.000000 0.000000 0.000000 0.000000 1.000000 0.000000 0.000000 0.000000 -1.000000 30136.dat
1 72 85.590590 -40.000030 -9.762850 0.000000 0.000000 -1.000000 0.000000 1.000000 0.000000 1.000000 0.000000 0.000000 3033.dat
1 72 -34.409420 -40.000030 10.237150 0.000000 0.000000 -1.000000 0.000000 1.000000 0.000000 1.000000 0.000000 0.000000 3456.dat
1 28 155.590600 -40.000030 70.237160 0.000000 0.000000 -1.000000 0.000000 1.000000 0.000000 1.000000 0.000000 0.000000 3023b.dat
1 28 -114.409400 -40.000030 120.237100 0.000000 0.000000 -1.000000 0.000000 1.000000 0.000000 1.000000 0.000000 0.000000 3021.dat
1 71 -64.409420 -56.000030 -109.762800 0.000000 0.000000 -1.000000 0.000000 1.000000 0.000000 1.000000 0.000000 0.000000 3023b.dat
1 72 -64.409420 -64.000030 -109.762800 0.000000 0.000000 -1.000000 0.000000 1.000000 0.000000 1.000000 0.000000 0.000000 3069b.dat
1 19 -44.409420 -48.000030 -109.762800 0.000000 0.000000 -1.000000 0.000000 1.000000 0.000000 1.000000 0.000000 0.000000 85984.dat
1 72 -14.409420 -48.000030 -109.762800 -1.000000 0.000000 0.000000 0.000000 1.000000 0.000000 0.000000 0.000000 -1.000000 3068b.dat
1 28 -54.409420 -48.000030 -119.762800 0.000000 0.000000 -1.000000 0.000000 1.000000 0.000000 1.000000 0.000000 0.000000 3021.dat
1 71 -84.409430 -64.000030 -109.762800 0.000000 0.000000 -1.000000 0.000000 1.000000 0.000000 1.000000 0.000000 0.000000 2877.dat
1 28 25.590580 -48.000030 -119.762800 0.000000 0.000000 -1.000000 0.000000 1.000000 0.000000 1.000000 0.000000 0.000000 3021.dat
1 71 55.590580 -64.000030 -109.762700 0.000000 0.000000 -1.000000 0.000000 1.000000 0.000000 1.000000 0.000000 0.000000 2877.dat
1 28 85.590590 -48.000030 -99.762710 -1.000000 0.000000 0.000000 0.000000 1.000000 0.000000 0.000000 0.000000 -1.000000 3023b.dat
1 71 35.590580 -56.000030 -109.762800 0.000000 0.000000 -1.000000 0.000000 1.000000 0.000000 1.000000 0.000000 0.000000 3023b.dat
1 72 35.590580 -64.000030 -109.763300 0.000000 0.000000 -1.000002 0.000000 1.000000 0.000000 1.000002 0.000000 0.000000 3069b.dat
1 19 15.590580 -48.000030 -109.762800 0.000000 0.000000 1.000000 0.000000 1.000000 0.000000 -1.000000 0.000000 0.000000 85984.dat
1 19 75.590580 -120.000000 -99.762840 0.000000 0.000000 -1.000000 0.000000 1.000000 0.000000 1.000000 0.000000 0.000000 4460b.dat
1 16 47.590580 -64.000030 -109.762700 1.000000 0.000000 0.000000 0.000000 1.000000 0.000000 0.000000 0.000000 1.000000 submodel group 72
1 16 -76.409420 -64.000030 -109.762900 -1.000000 0.000000 0.000000 0.000000 1.000000 0.000000 0.000000 0.000000 -1.000000 submodel group 72
1 72 -114.409400 -152.000100 -99.762950 -1.000000 0.000000 0.000000 0.000000 1.000000 0.000000 0.000000 0.000000 -1.000000 4865b.dat
1 72 -84.409430 -128.000100 -99.762950 -1.000000 0.000000 0.000000 0.000000 1.000000 0.000000 0.000000 0.000000 -1.000000 2420.dat
1 72 -14.409420 -176.000100 -139.762800 -1.000000 0.000000 0.000000 0.000000 1.000000 0.000000 0.000000 0.000000 -1.000000 3069b.dat
1 71 35.590580 -48.000030 -139.762800 -1.000000 0.000000 0.000000 0.000000 1.000000 0.000000 0.000000 0.000000 -1.000000 m4d691e16_2026719_091636.dat
1 0 -104.409400 -64.000030 -29.762850 0.000000 0.000000 -1.000000 0.000000 1.000000 0.000000 1.000000 0.000000 0.000000 m4d691e16_2026720_074050.dat
1 0 -104.409400 -64.000030 -69.762820 0.000000 0.000000 -1.000000 0.000000 1.000000 0.000000 1.000000 0.000000 0.000000 m4d691e16_2026720_073525.dat
0 STEP
1 0 -114.409400 -64.000030 -49.762820 0.000000 0.000000 -1.000000 0.000000 1.000000 0.000000 1.000000 0.000000 0.000000 3001.dat
1 72 -124.409400 -120.000000 -49.762820 0.000000 0.000000 -1.000000 0.000000 1.000000 0.000000 1.000000 0.000000 0.000000 3710.dat
1 0 -124.409400 -88.000030 -49.762820 0.000000 0.000000 -1.000000 0.000000 1.000000 0.000000 1.000000 0.000000 0.000000 3010.dat
1 70 -114.409400 -40.000030 -9.762850 0.000000 0.000000 -1.000000 0.000000 1.000000 0.000000 1.000000 0.000000 0.000000 3832.dat
1 71 -114.409400 -112.000000 -99.762840 -1.000000 0.000000 0.000000 0.000000 1.000000 0.000000 0.000000 0.000000 -1.000000 87544.dat
1 72 -114.409400 -48.000030 10.237150 -1.000000 0.000000 0.000000 0.000000 1.000000 0.000000 0.000000 0.000000 -1.000000 2460.dat
1 0 -124.409400 -112.000000 -49.762820 0.000000 0.000000 -1.000000 0.000000 1.000000 0.000000 1.000000 0.000000 0.000000 30414.dat
1 28 -114.409400 -120.000000 -99.762840 -1.000000 0.000000 0.000000 0.000000 1.000000 0.000000 0.000000 0.000000 -1.000000 3023b.dat
1 72 -124.409400 -128.000000 -69.762820 0.000000 0.000000 -1.000000 0.000000 1.000000 0.000000 1.000000 0.000000 0.000000 3710.dat
1 71 -124.409400 -128.000000 -19.762850 -1.000000 0.000000 0.000000 0.000000 1.000000 0.000000 0.000000 0.000000 -1.000000 3024.dat
1 0 -124.409400 -136.000000 -29.762850 0.000000 0.000000 -1.000000 0.000000 1.000000 0.000000 1.000000 0.000000 0.000000 3069b.dat
1 0 -124.409400 -136.000000 -69.762820 0.000000 0.000000 -1.000000 0.000000 1.000000 0.000000 1.000000 0.000000 0.000000 3069b.dat
1 0 -106.409400 -112.000000 -49.762820 0.000000 -1.000000 0.000000 0.000000 0.000000 -1.000000 1.000000 0.000000 0.000000 m4d691e16_2026720_074344.dat
1 16 -50.408450 -128.000100 -125.762900 -1.000000 0.000000 0.000000 0.000000 1.000000 0.000000 0.000000 0.000000 -1.000000 submodel group 74
0 STEP
1 16 21.589600 -128.000000 -125.762700 -1.000000 0.000000 0.000000 0.000000 1.000000 0.000000 0.000000 0.000000 -1.000000 submodel group 76
0 STEP
1 72 55.590580 -128.000000 -99.762710 0.000000 0.000000 1.000000 0.000000 1.000000 0.000000 -1.000000 0.000000 0.000000 2420.dat
1 16 -14.410400 -196.000000 -109.762700 -1.000000 0.000000 0.000000 0.000000 -1.000000 0.000000 0.000000 0.000000 1.000000 submodel group 77
1 28 75.590580 -48.000030 -69.762710 -1.000000 0.000000 0.000000 0.000000 1.000000 0.000000 0.000000 0.000000 -1.000000 3021.dat
1 28 65.590580 -48.000030 20.237150 -1.000000 0.000000 0.000000 0.000000 1.000000 0.000000 0.000000 0.000000 -1.000000 3023b.dat
1 72 -114.409400 -48.000030 130.237100 -1.000000 0.000000 0.000000 0.000000 1.000000 0.000000 0.000000 0.000000 -1.000000 2460.dat
1 72 125.590600 -48.000030 -49.762820 -1.000000 0.000000 0.000000 0.000000 1.000000 0.000000 0.000000 0.000000 -1.000000 3068b.dat
1 72 65.590580 -48.000030 40.237150 -1.000000 0.000000 0.000000 0.000000 1.000000 0.000000 0.000000 0.000000 -1.000000 3069b.dat
1 71 -14.409420 -48.000030 120.237100 -1.000000 0.000000 0.000000 0.000000 1.000000 0.000000 0.000000 0.000000 -1.000000 15573.dat
1 71 -4.408450 -48.000030 90.237140 0.000000 0.000000 -1.000000 0.000000 1.000000 0.000000 1.000000 0.000000 0.000000 2412b.dat
1 71 -54.409420 -48.000030 -29.762850 -1.000000 0.000000 0.000000 0.000000 1.000000 0.000000 0.000000 0.000000 -1.000000 3679.dat
1 0 -54.409420 -48.000030 -29.762850 -1.000000 0.000000 0.000000 0.000000 1.000000 0.000000 0.000000 0.000000 -1.000000 3680.dat
1 71 -54.409420 -48.000030 120.237100 -1.000000 0.000000 0.000000 0.000000 1.000000 0.000000 0.000000 0.000000 -1.000000 15573.dat
1 71 -4.409420 -48.000030 50.237160 0.000000 0.000000 -1.000000 0.000000 1.000000 0.000000 1.000000 0.000000 0.000000 2412b.dat
1 71 -4.409420 -48.000030 10.237150 0.000000 0.000000 -1.000000 0.000000 1.000000 0.000000 1.000000 0.000000 0.000000 2412b.dat
1 71 -24.409420 -48.000030 90.237140 0.000000 0.000000 -1.000000 0.000000 1.000000 0.000000 1.000000 0.000000 0.000000 2412b.dat
1 71 -24.409420 -48.000030 50.236960 -0.000001 0.000000 -1.000003 0.000000 1.000000 0.000000 1.000003 0.000000 -0.000001 2412b.dat
1 71 -24.409420 -48.000030 10.236950 -0.000001 0.000000 -1.000003 0.000000 1.000000 0.000000 1.000003 0.000000 -0.000001 2412b.dat
1 71 -44.409420 -48.000030 90.237140 0.000000 0.000000 -1.000000 0.000000 1.000000 0.000000 1.000000 0.000000 0.000000 2412b.dat
1 71 -44.407470 -48.000030 50.237160 -0.000001 0.000000 -1.000002 0.000000 1.000000 0.000000 1.000002 0.000000 -0.000001 2412b.dat
1 71 -44.407470 -48.000030 10.236950 -0.000001 0.000000 -1.000002 0.000000 1.000000 0.000000 1.000002 0.000000 -0.000001 2412b.dat
1 71 -64.409420 -48.000030 90.237140 0.000000 0.000000 -1.000000 0.000000 1.000000 0.000000 1.000000 0.000000 0.000000 2412b.dat
1 71 -64.409420 -48.000030 50.237160 -0.000001 0.000000 -1.000002 0.000000 1.000000 0.000000 1.000002 0.000000 -0.000001 2412b.dat
1 71 -64.409420 -48.000030 10.236950 -0.000001 0.000000 -1.000002 0.000000 1.000000 0.000000 1.000002 0.000000 -0.000001 2412b.dat
1 71 -84.409430 -48.000030 90.237140 0.000000 0.000000 -1.000000 0.000000 1.000000 0.000000 1.000000 0.000000 0.000000 2412b.dat
1 71 -84.406490 -48.000030 50.236960 -0.000001 0.000000 -1.000003 0.000000 1.000000 0.000000 1.000003 0.000000 -0.000001 2412b.dat
1 71 -84.406490 -48.000030 10.236950 -0.000001 0.000000 -1.000003 0.000000 1.000000 0.000000 1.000003 0.000000 -0.000001 2412b.dat
1 71 -104.409400 -48.000030 50.237160 0.000000 0.000000 -1.000000 0.000000 1.000000 0.000000 1.000000 0.000000 0.000000 2412b.dat
1 71 -104.408400 -48.000030 90.237140 0.000000 0.000000 -1.000000 0.000000 1.000000 0.000000 1.000000 0.000000 0.000000 2412b.dat
1 72 35.591550 -48.000030 -59.762820 0.000000 0.000000 -1.000000 0.000000 1.000000 0.000000 1.000000 0.000000 0.000000 63864.dat
1 72 75.590580 -48.000030 -39.762850 1.000000 0.000000 0.000000 0.000000 1.000000 0.000000 0.000000 0.000000 1.000000 63864.dat
1 72 35.590580 -48.000030 20.237150 0.000000 0.000000 -1.000000 0.000000 1.000000 0.000000 1.000000 0.000000 0.000000 63864.dat
1 72 65.590580 -48.000030 0.237150 -1.000000 0.000000 0.000000 0.000000 1.000000 0.000000 0.000000 0.000000 -1.000000 3069b.dat
1 72 125.590600 -48.000030 10.237150 -1.000000 0.000000 0.000000 0.000000 1.000000 0.000000 0.000000 0.000000 -1.000000 3068b.dat
1 72 125.590600 -48.000030 50.237160 -1.000000 0.000000 0.000000 0.000000 1.000000 0.000000 0.000000 0.000000 -1.000000 3068b.dat
1 71 95.590580 -56.000030 -79.762720 -1.000000 0.000000 0.000000 0.000000 1.000000 0.000000 0.000000 0.000000 -1.000000 85861.dat
1 71 95.590580 -64.000030 -79.762720 -1.000000 0.000000 0.000000 0.000000 1.000000 0.000000 0.000000 0.000000 -1.000000 85861.dat
1 15 15.590580 -64.000030 -79.762820 -1.000000 0.000000 0.000000 0.000000 1.000000 0.000000 0.000000 0.000000 -1.000000 3005.dat
1 71 15.590580 -48.000030 -59.762820 -1.000000 0.000000 0.000000 0.000000 1.000000 0.000000 0.000000 0.000000 -1.000000 3024.dat
1 15 15.590580 -72.000030 -79.762820 -1.000000 0.000000 0.000000 0.000000 1.000000 0.000000 0.000000 0.000000 -1.000000 3070b.dat
1 71 15.590580 -56.000030 -59.762820 -1.000000 0.000000 0.000000 0.000000 1.000000 0.000000 0.000000 0.000000 -1.000000 3070b.dat
1 16 -54.409420 -48.000030 -29.762550 -1.000000 0.000000 0.000000 0.000000 1.000000 0.000000 0.000000 0.000000 -1.000000 submodel group 80
1 16 93.903560 -48.000030 -11.201360 -0.939693 0.000000 0.342020 0.000000 1.000000 0.000000 -0.342020 0.000000 -0.939693 submodel group 84
0 STEP
1 71 55.589600 -184.000000 -109.762700 0.000000 0.000000 -1.000000 0.000000 1.000000 0.000000 1.000000 0.000000 0.000000 85984.dat
1 72 -14.409420 -112.000000 140.237100 1.000000 0.000000 0.000000 0.000000 1.000000 0.000000 0.000000 0.000000 1.000000 60581.dat
1 71 -74.409420 -112.000000 140.237100 1.000000 0.000000 0.000000 0.000000 1.000000 0.000000 0.000000 0.000000 1.000000 87544.dat
1 71 15.591550 -112.000000 110.237100 0.000000 0.000000 1.000000 0.000000 1.000000 0.000000 -1.000000 0.000000 0.000000 87544.dat
1 72 45.590580 -112.000000 80.237160 1.000000 0.000000 0.000000 0.000000 1.000000 0.000000 0.000000 0.000000 1.000000 60581.dat
1 71 105.590600 -112.000000 80.237160 1.000000 0.000000 0.000000 0.000000 1.000000 0.000000 0.000000 0.000000 1.000000 87544.dat
1 72 135.590600 -64.000030 80.237160 -1.000000 0.000000 0.000000 0.000000 1.000000 0.000000 0.000000 0.000000 -1.000000 59900.dat
1 72 155.590600 -64.000030 80.237160 -1.000000 0.000000 0.000000 0.000000 1.000000 0.000000 0.000000 0.000000 -1.000000 59900.dat
1 72 25.590580 -136.000100 80.237160 1.000000 0.000000 0.000000 0.000000 1.000000 0.000000 0.000000 0.000000 1.000000 4865b.dat
1 71 15.591550 -136.000000 100.237100 -1.000000 0.000000 0.000000 0.000000 1.000000 0.000000 0.000000 0.000000 -1.000000 6231.dat
1 71 85.590590 -136.000000 80.237160 1.000000 0.000000 0.000000 0.000000 1.000000 0.000000 0.000000 0.000000 1.000000 15207.dat
1 71 -54.409420 -136.000000 140.237100 1.000000 0.000000 0.000000 0.000000 1.000000 0.000000 0.000000 0.000000 1.000000 15207.dat
1 71 15.591550 -136.000000 140.237100 0.000000 0.000000 1.000000 0.000000 1.000000 0.000000 -1.000000 0.000000 0.000000 91501.dat
1 71 -14.409420 -72.000030 120.237100 1.000000 0.000000 0.000000 0.000000 1.000000 0.000000 0.000000 0.000000 1.000000 30367c.dat
1 71 -54.409420 -72.000030 120.237100 1.000000 0.000000 0.000000 0.000000 1.000000 0.000000 0.000000 0.000000 1.000000 30367c.dat
1 71 -14.409420 -80.000040 120.237100 1.000000 0.000000 0.000000 0.000000 1.000000 0.000000 0.000000 0.000000 1.000000 30663.dat
1 71 -54.409420 -80.000040 120.237100 1.000000 0.000000 0.000000 0.000000 1.000000 0.000000 0.000000 0.000000 1.000000 30663.dat
1 71 15.590580 -80.000040 60.237160 1.000000 0.000000 0.000000 0.000000 1.000000 0.000000 0.000000 0.000000 1.000000 64644.dat
1 71 15.590580 -80.000040 60.237160 1.000000 0.000000 0.000000 0.000000 1.000000 0.000000 0.000000 0.000000 1.000000 30370.dat
1 16 -112.576400 -84.333530 -3.762850 0.000000 0.000000 1.000000 -1.000000 0.000000 0.000000 0.000000 -1.000000 0.000000 submodel group 85
1 71 -164.409700 -62.000020 10.237170 0.000000 1.000000 0.000000 0.000000 0.000000 1.000000 1.000000 0.000000 0.000000 14720.dat
1 71 -164.409700 -102.000400 -9.762830 -1.000000 0.000000 0.000000 0.000000 1.000000 0.000000 0.000000 0.000000 -1.000000 32054.dat
1 71 -164.409700 -102.000400 30.237170 -1.000000 0.000000 0.000000 0.000000 1.000000 0.000000 0.000000 0.000000 -1.000000 32054.dat
1 16 60.090580 -48.000030 20.237150 1.000000 0.000000 0.000000 0.000000 1.000000 0.000000 0.000000 0.000000 1.000000 submodel group 86
1 71 175.590800 -102.000000 -49.762800 0.000000 1.000000 0.000000 0.000000 0.000000 1.000000 1.000000 0.000000 0.000000 32526.dat
1 71 175.590800 -102.000000 70.237220 0.000000 -1.000000 0.000000 0.000000 0.000000 1.000000 -1.000000 0.000000 0.000000 32526.dat
1 0 185.590800 -42.000020 -49.762800 1.000000 0.000000 0.000000 0.000000 1.000000 0.000000 0.000000 0.000000 1.000000 4459.dat
1 0 185.590800 -42.000030 70.237200 1.000000 0.000000 0.000000 0.000000 1.000000 0.000000 0.000000 0.000000 1.000000 4459.dat
1 4 195.590800 -42.000030 10.237200 0.000000 -1.000000 0.000000 1.000000 0.000000 0.000000 0.000000 0.000000 1.000000 32524.dat
0 STEP
0 NOFILE
0 FILE Step 210_
0 Untitled Model
0 Name: Untitled Model
0 Author: 
0 CustomBrick
0 FlexibleBrickControlPointUnitLength -1
0 FlexibleBrickLockedControlPoint 
0 NumOfBricks 56
1 16 4.424100 -60.000000 28.263430 1.000000 0.000000 0.000000 0.000000 -1.000000 0.000000 0.000000 0.000000 -1.000000 submodel group 3 copy
1 0 280.000000 -60.000040 40.000060 1.000000 0.000000 0.000000 0.000000 -1.000000 0.000000 0.000000 0.000000 -1.000000 32531.dat
0 NOFILE
0 FILE SubModel Group 52
0 SubModel Group 52
0 Name: SubModel Group 52
0 Author: 
0 CustomBrick
0 FlexibleBrickControlPointUnitLength -1
0 FlexibleBrickLockedControlPoint 
0 NumOfBricks 5
1 71 -40.000000 -15.944080 -20.000000 0.000000 0.000000 1.000000 0.000000 1.000000 0.000000 -1.000000 0.000000 0.000000 24201.dat
1 71 -40.000000 -15.944080 0.000030 0.000000 0.000000 1.000000 0.000000 1.000000 0.000000 -1.000000 0.000000 0.000000 24201.dat
1 71 20.000000 -15.944060 -20.000000 0.000000 0.000000 -1.000000 0.000000 1.000000 0.000000 1.000000 0.000000 0.000000 24201.dat
1 71 19.999880 -15.944080 0.000000 0.000000 0.000000 -1.000000 0.000000 1.000000 0.000000 1.000000 0.000000 0.000000 24201.dat
1 72 -10.000000 -15.944060 -9.999969 0.000000 0.000000 -1.000000 0.000000 1.000000 0.000000 1.000000 0.000000 0.000000 30157.dat
0 NOFILE
0 FILE SubModel Group 2 Copy 2
0 SubModel Group 2
0 Name: SubModel Group 2
0 Author: 
0 CustomBrick
0 FlexibleBrickControlPointUnitLength -1
0 FlexibleBrickLockedControlPoint 
0 NumOfBricks 31
1 72 -0.000010 -8.000000 69.677420 1.000000 0.000000 0.000000 0.000000 1.000000 0.000000 0.000000 0.000000 1.000000 3022.dat
1 72 -0.000010 -16.000000 79.677420 1.000000 0.000000 0.000000 0.000000 1.000000 0.000000 0.000000 0.000000 1.000000 3839b.dat
1 28 0.000000 -16.000000 39.677420 0.000000 0.000000 1.000000 0.000000 1.000000 0.000000 -1.000000 0.000000 0.000000 3021.dat
1 71 -0.000010 -24.000000 69.677420 0.000000 0.000000 -1.000000 0.000000 1.000000 0.000000 1.000000 0.000000 0.000000 92582.dat
1 72 0.000000 -8.000000 -10.322580 1.000000 0.000000 0.000000 0.000000 1.000000 0.000000 0.000000 0.000000 1.000000 3958.dat
1 72 -50.000000 -16.000000 -60.322580 1.000000 0.000000 0.000000 0.000000 1.000000 0.000000 0.000000 0.000000 1.000000 3024.dat
1 72 -50.000000 -16.000000 39.677420 1.000000 0.000000 0.000000 0.000000 1.000000 0.000000 0.000000 0.000000 1.000000 3024.dat
1 72 50.000000 -16.000000 -60.322580 1.000000 0.000000 0.000000 0.000000 1.000000 0.000000 0.000000 0.000000 1.000000 3024.dat
1 72 50.000000 -16.000000 39.677420 1.000000 0.000000 0.000000 0.000000 1.000000 0.000000 0.000000 0.000000 1.000000 3024.dat
1 28 0.000000 -32.000000 19.677420 1.000000 0.000000 0.000000 0.000000 1.000000 0.000000 0.000000 0.000000 1.000000 3023b.dat
1 28 0.000000 -24.000000 19.677420 1.000000 0.000000 0.000000 0.000000 1.000000 0.000000 0.000000 0.000000 1.000000 3023b.dat
1 72 -50.000000 -16.000000 9.677420 0.000000 0.000000 1.000000 0.000000 1.000000 0.000000 -1.000000 0.000000 0.000000 15573.dat
1 72 50.000000 -16.000000 9.677420 0.000000 0.000000 1.000000 0.000000 1.000000 0.000000 -1.000000 0.000000 0.000000 15573.dat
1 72 50.000020 -16.000000 -30.322590 0.000000 0.000000 1.000000 0.000000 1.000000 0.000000 -1.000000 0.000000 0.000000 15573.dat
1 72 -50.000000 -16.000000 -30.322590 0.000000 0.000000 1.000000 0.000000 1.000000 0.000000 -1.000000 0.000000 0.000000 15573.dat
1 72 0.000000 -32.000000 -10.322580 1.000000 0.000000 0.000000 0.000000 1.000000 0.000000 0.000000 0.000000 1.000000 30000.dat
1 71 30.000000 -32.000000 9.677420 0.000000 0.000000 1.000000 0.000000 1.000000 0.000000 -1.000000 0.000000 0.000000 3701.dat
1 71 -30.000010 -32.000000 9.677420 0.000000 0.000000 1.000000 0.000000 1.000000 0.000000 -1.000000 0.000000 0.000000 3701.dat
1 71 -30.000000 -32.000000 -50.322580 0.000000 0.000000 1.000000 0.000000 1.000000 0.000000 -1.000000 0.000000 0.000000 30365.dat
1 71 30.000000 -32.000000 -50.322600 0.000000 0.000000 1.000000 0.000000 1.000000 0.000000 -1.000000 0.000000 0.000000 30365.dat
1 72 50.000000 -16.000000 39.677420 0.000000 0.000000 -1.000000 0.000000 1.000000 0.000000 1.000000 0.000000 0.000000 54200.dat
1 72 50.000020 -16.000000 9.677410 0.000000 0.000000 -1.000000 0.000000 1.000000 0.000000 1.000000 0.000000 0.000000 54200.dat
1 72 50.000020 -16.000000 -30.322600 0.000000 0.000000 -1.000000 0.000000 1.000000 0.000000 1.000000 0.000000 0.000000 54200.dat
1 72 50.000000 -16.000000 -60.322580 0.000000 0.000000 -1.000000 0.000000 1.000000 0.000000 1.000000 0.000000 0.000000 54200.dat
1 72 -50.000000 -16.000000 39.677420 0.000000 0.000000 1.000000 0.000000 1.000000 0.000000 -1.000000 0.000000 0.000000 54200.dat
1 72 -50.000020 -16.000000 9.677410 0.000000 0.000000 1.000000 0.000000 1.000000 0.000000 -1.000000 0.000000 0.000000 54200.dat
1 72 -50.000020 -16.000000 -30.322590 0.000000 0.000000 1.000000 0.000000 1.000000 0.000000 -1.000000 0.000000 0.000000 54200.dat
1 72 -50.000000 -16.000000 -60.322600 0.000000 0.000000 1.000000 0.000000 1.000000 0.000000 -1.000000 0.000000 0.000000 54200.dat
1 71 0.000000 -37.060000 -10.322590 0.000000 0.000000 1.000000 1.000000 0.000000 0.000000 0.000000 1.000000 0.000000 4519.dat
1 72 0.000000 -48.000000 -10.322580 1.000000 0.000000 0.000000 0.000000 1.000000 0.000000 0.000000 0.000000 1.000000 4032a.dat
1 71 0.000000 -40.000000 -10.322580 1.000000 0.000000 0.000000 0.000000 1.000000 0.000000 0.000000 0.000000 1.000000 60474.dat
0 NOFILE
0 FILE SubModel Group 4 Copy
0 SubModel Group 4
0 Name: SubModel Group 4
0 Author: 
0 CustomBrick
0 FlexibleBrickControlPointUnitLength -1
0 FlexibleBrickLockedControlPoint 
0 NumOfBricks 2
1 71 0.000000 -26.000000 0.000000 1.000000 0.000000 0.000000 0.000000 0.000000 1.000000 0.000000 -1.000000 0.000000 30554b.dat
1 72 0.000000 -56.000000 0.000000 -1.000000 0.000000 0.000000 0.000000 0.000000 -1.000000 0.000000 -1.000000 0.000000 30553.dat
0 NOFILE
0 FILE SubModel Group 5 Copy
0 SubModel Group 5
0 Name: SubModel Group 5
0 Author: 
0 CustomBrick
0 FlexibleBrickControlPointUnitLength -1
0 FlexibleBrickLockedControlPoint 
0 NumOfBricks 6
1 16 0.000010 0.000000 10.000000 1.000000 0.000000 0.000000 0.000000 1.000000 0.000000 0.000000 0.000000 1.000000 submodel group 1 copy 2
1 16 -0.000010 -16.000000 -0.000020 1.000000 0.000000 0.000000 0.000000 1.000000 0.000000 0.000000 0.000000 1.000000 submodel group 3 copy 2
0 NOFILE
0 FILE SubModel Group 12 Copy
0 SubModel Group 12
0 Name: SubModel Group 12
0 Author: 
0 CustomBrick
0 FlexibleBrickControlPointUnitLength -1
0 FlexibleBrickLockedControlPoint 
0 NumOfBricks 23
1 16 -2.383120 -79.746890 0.000000 0.000000 -1.000000 0.000000 1.000000 0.000000 0.000000 0.000000 0.000000 1.000000 submodel group 6 copy
1 16 6.341260 -31.746890 0.000000 1.000000 0.000000 0.000000 0.000000 1.000000 0.000000 0.000000 0.000000 1.000000 submodel group 7 copy
1 16 6.341260 -63.746900 -20.000000 1.000000 0.000000 0.000000 0.000000 1.000000 0.000000 0.000000 0.000000 1.000000 submodel group 8 copy
1 16 6.341250 -103.746900 20.000000 1.000000 0.000000 0.000000 0.000000 1.000000 0.000000 0.000000 0.000000 1.000000 submodel group 9 copy
1 71 6.338420 -163.553800 0.000000 0.000000 -1.000000 0.000000 1.000000 0.000000 0.000000 0.000000 0.000000 1.000000 62462.dat
1 71 6.338420 -189.163800 0.000000 -1.000000 0.000000 0.000000 0.000000 0.000000 -1.000000 0.000000 -1.000000 0.000000 32123a.dat
1 16 -2.659010 -174.831900 40.000020 0.000000 -1.000000 0.000000 0.000000 0.000000 1.000000 -1.000000 0.000000 0.000000 submodel group 10 copy
1 16 -2.658580 -131.434400 -40.000060 0.000000 -1.000000 0.000000 0.000000 0.000000 1.000000 -1.000000 0.000000 0.000000 submodel group 11 copy
0 NOFILE
0 FILE SubModel Group 1 Copy 3
0 SubModel Group 1
0 Name: SubModel Group 1
0 Author: 
0 CustomBrick
0 FlexibleBrickControlPointUnitLength -1
0 FlexibleBrickLockedControlPoint 
0 NumOfBricks 2
1 0 0.000000 -8.000000 2.000000 1.000000 0.000000 0.000000 0.000000 1.000000 0.000000 0.000000 0.000000 1.000000 15712.dat
1 72 0.000020 -14.000000 -0.000020 0.000000 1.000000 0.000000 0.000000 0.000000 -1.000000 -1.000000 0.000000 0.000000 30375.dat
0 NOFILE
0 FILE SubModel Group 2 Copy 3
0 SubModel Group 2
0 Name: SubModel Group 2
0 Author: 
0 CustomBrick
0 FlexibleBrickControlPointUnitLength -1
0 FlexibleBrickLockedControlPoint 
0 NumOfBricks 2
1 0 0.000000 -8.000000 11.750000 1.000000 0.000000 0.000000 0.000000 1.000000 0.000000 0.000000 0.000000 1.000000 15712.dat
1 71 0.000000 -14.000010 0.250000 0.000000 0.000000 1.000000 -1.000000 0.000000 0.000000 0.000000 -1.000000 0.000000 63965.dat
0 NOFILE
0 FILE SubModel Group 3 Copy 3
0 SubModel Group 3
0 Name: SubModel Group 3
0 Author: 
0 CustomBrick
0 FlexibleBrickControlPointUnitLength -1
0 FlexibleBrickLockedControlPoint 
0 NumOfBricks 2
1 0 0.000000 -8.000000 -22.000000 1.000000 0.000000 0.000000 0.000000 1.000000 0.000000 0.000000 0.000000 1.000000 15712.dat
1 72 0.000030 -14.000000 0.000000 0.697791 -0.716303 0.000000 -0.716303 -0.697791 0.000000 0.000000 0.000000 -1.000000 86208.dat
0 NOFILE
0 FILE SubModel Group 4 Copy 2
0 SubModel Group 4
0 Name: SubModel Group 4
0 Author: 
0 CustomBrick
0 FlexibleBrickControlPointUnitLength -1
0 FlexibleBrickLockedControlPoint 
0 NumOfBricks 2
1 0 0.000000 -8.000000 8.000000 1.000000 0.000000 0.000000 0.000000 1.000000 0.000000 0.000000 0.000000 1.000000 15712.dat
1 72 0.000000 -14.000000 -2.130000 0.000000 0.000000 1.000000 1.000000 0.000000 0.000000 0.000000 1.000000 0.000000 30229.dat
0 NOFILE
0 FILE SubModel Group 5 Copy 2
0 SubModel Group 5
0 Name: SubModel Group 5
0 Author: 
0 CustomBrick
0 FlexibleBrickControlPointUnitLength -1
0 FlexibleBrickLockedControlPoint 
0 NumOfBricks 2
1 0 0.000000 -8.000000 27.935000 1.000000 0.000000 0.000000 0.000000 1.000000 0.000000 0.000000 0.000000 1.000000 15712.dat
1 72 0.000000 -14.000010 -19.935000 -1.000000 0.000000 0.000000 0.000000 0.000000 1.000000 0.000000 1.000000 0.000000 30228.dat
0 NOFILE
0 FILE SubModel Group 16 Copy
0 SubModel Group 16
0 Name: SubModel Group 16
0 Author: 
0 CustomBrick
0 FlexibleBrickControlPointUnitLength -1
0 FlexibleBrickLockedControlPoint 
0 NumOfBricks 255
1 16 32.540990 -4.327560 -4.873430 1.000000 0.000000 0.000000 0.000000 1.000000 0.000000 0.000000 0.000000 1.000000 submodel group 5 copy 3
0 STEP
1 72 70.390750 -44.327640 -10.375330 0.000000 0.000000 1.000000 0.000000 1.000000 0.000000 -1.000000 0.000000 0.000000 3456.dat
1 72 -9.609260 -44.327640 -10.375330 0.000000 0.000000 1.000000 0.000000 1.000000 0.000000 -1.000000 0.000000 0.000000 2445.dat
1 71 -49.609200 -44.327560 89.624580 1.000000 0.000000 0.000000 0.000000 1.000000 0.000000 0.000000 0.000000 1.000000 3022.dat
1 72 -89.609210 -44.327640 -10.375350 0.000000 0.000000 1.000000 0.000000 1.000000 0.000000 -1.000000 0.000000 0.000000 2445.dat
1 72 -129.609200 -44.327660 -30.375290 0.000000 0.000000 1.000000 0.000000 1.000000 0.000000 -1.000000 0.000000 0.000000 2445.dat
1 19 -159.609200 -44.327660 -70.375300 0.000000 0.000000 1.000000 0.000000 1.000000 0.000000 -1.000000 0.000000 0.000000 3460.dat
1 71 -179.609200 -44.327640 -70.375320 0.000000 0.000000 1.000000 0.000000 1.000000 0.000000 -1.000000 0.000000 0.000000 3666.dat
1 0 -19.609230 -44.327540 119.624600 1.000000 0.000000 0.000000 0.000000 1.000000 0.000000 0.000000 0.000000 1.000000 3623.dat
1 28 -159.609200 -52.327660 -30.375300 1.000000 0.000000 0.000000 0.000000 1.000000 0.000000 0.000000 0.000000 1.000000 3021.dat
1 28 -159.609200 -52.327660 -110.375300 1.000000 0.000000 0.000000 0.000000 1.000000 0.000000 0.000000 0.000000 1.000000 3021.dat
1 72 -49.609200 -52.327560 89.624580 1.000000 0.000000 0.000000 0.000000 1.000000 0.000000 0.000000 0.000000 1.000000 3022.dat
1 72 30.390730 -52.327640 89.624680 1.000000 0.000000 0.000000 0.000000 1.000000 0.000000 0.000000 0.000000 1.000000 3022.dat
1 71 -149.609200 -68.327660 -140.375300 1.000000 0.000000 0.000000 0.000000 1.000000 0.000000 0.000000 0.000000 1.000000 2877.dat
1 71 -149.609300 -68.327660 -0.375300 1.000000 0.000000 0.000000 0.000000 1.000000 0.000000 0.000000 0.000000 1.000000 2877.dat
1 71 -79.609330 -68.327640 89.624680 0.000000 0.000000 -1.000000 0.000000 1.000000 0.000000 1.000000 0.000000 0.000000 2877.dat
1 71 60.390740 -68.327640 89.624680 0.000000 0.000000 1.000000 0.000000 1.000000 0.000000 -1.000000 0.000000 0.000000 2877.dat
1 72 -9.609300 -52.327640 89.624680 1.000000 0.000000 0.000000 0.000000 1.000000 0.000000 0.000000 0.000000 1.000000 3068b.dat
1 72 -149.609200 -52.327660 -70.375300 1.000000 0.000000 0.000000 0.000000 1.000000 0.000000 0.000000 0.000000 1.000000 3068b.dat
1 71 -9.609280 -52.327640 119.624700 1.000000 0.000000 0.000000 0.000000 1.000000 0.000000 0.000000 0.000000 1.000000 3666.dat
1 28 -179.609200 -52.327640 -70.375320 0.000000 0.000000 -1.000000 0.000000 1.000000 0.000000 1.000000 0.000000 0.000000 3023b.dat
1 179 -109.609200 -52.327640 79.624680 1.000000 0.000000 0.000000 0.000000 1.000000 0.000000 0.000000 0.000000 1.000000 2412b.dat
1 179 -139.609300 -52.327660 69.624720 0.000000 0.000000 1.000000 0.000000 1.000000 0.000000 -1.000000 0.000000 0.000000 2412b.dat
1 179 -139.609300 -52.327660 29.624700 0.000000 0.000000 -1.000000 0.000000 1.000000 0.000000 1.000000 0.000000 0.000000 2412b.dat
1 71 -49.609320 -44.327600 19.624620 1.000000 0.000000 0.000000 0.000000 1.000000 0.000000 0.000000 0.000000 1.000000 11215.dat
1 71 -49.609220 -44.327640 -80.375330 -1.000000 0.000000 0.000000 0.000000 1.000000 0.000000 0.000000 0.000000 -1.000000 11215.dat
1 72 40.390730 -60.327640 89.624680 0.000000 0.000000 -1.000005 0.000000 1.000000 0.000000 1.000005 0.000000 0.000000 3023b.dat
1 72 -149.609200 -60.327660 -20.375300 1.000000 0.000000 0.000000 0.000000 1.000000 0.000000 0.000000 0.000000 1.000000 3023b.dat
1 72 -149.609200 -60.327660 -120.375300 1.000000 0.000000 0.000000 0.000000 1.000000 0.000000 0.000000 0.000000 1.000000 3023b.dat
1 72 -59.609220 -60.327560 89.624580 0.000000 0.000000 -1.000001 0.000000 1.000000 0.000000 1.000001 0.000000 0.000000 3023b.dat
1 72 -59.609220 -68.327560 89.624680 0.000000 0.000000 -1.000000 0.000000 1.000000 0.000000 1.000000 0.000000 0.000000 3069b.dat
1 72 40.390730 -68.327640 89.624290 0.000000 0.000000 -1.000000 0.000000 1.000000 0.000000 1.000000 0.000000 0.000000 3069b.dat
1 72 -149.609200 -68.327660 -20.375300 1.000000 0.000000 0.000000 0.000000 1.000000 0.000000 0.000000 0.000000 1.000000 3069b.dat
1 72 -149.609200 -68.327660 -120.375300 1.000000 0.000000 0.000000 0.000000 1.000000 0.000000 0.000000 0.000000 1.000000 3069b.dat
1 0 -49.609320 -44.327620 -0.375380 1.000000 0.000000 0.000000 0.000000 1.000000 0.000000 0.000000 0.000000 1.000000 4865b.dat
1 0 -49.609220 -44.327660 -60.375340 -1.000000 0.000000 0.000000 0.000000 1.000000 0.000000 0.000000 0.000000 -1.000000 4865b.dat
1 19 -149.609200 -52.327660 -40.375300 1.000000 0.000000 0.000000 0.000000 1.000000 0.000000 0.000000 0.000000 1.000000 85984.dat
1 19 -39.609200 -52.327560 89.624580 0.000000 0.000000 -1.000000 0.000000 1.000000 0.000000 1.000000 0.000000 0.000000 85984.dat
1 19 -149.609200 -52.327660 -100.375300 -1.000000 0.000000 0.000000 0.000000 1.000000 0.000000 0.000000 0.000000 -1.000000 85984.dat
1 19 20.390730 -52.327640 89.624680 0.000000 0.000000 1.000000 0.000000 1.000000 0.000000 -1.000000 0.000000 0.000000 85984.dat
1 71 -79.609210 -52.327640 19.624660 0.000000 0.000000 1.000000 0.000000 1.000000 0.000000 -1.000000 0.000000 0.000000 27263.dat
1 71 -19.609270 -52.327640 19.624690 -1.000000 0.000000 0.000000 0.000000 1.000000 0.000000 0.000000 0.000000 -1.000000 27263.dat
1 71 -19.609220 -52.327640 -80.375330 0.000000 0.000000 -1.000000 0.000000 1.000000 0.000000 1.000000 0.000000 0.000000 27263.dat
1 71 -79.609210 -52.327640 -80.375340 1.000000 0.000000 0.000000 0.000000 1.000000 0.000000 0.000000 0.000000 1.000000 27263.dat
1 179 -79.609210 -52.327640 -30.375340 0.000000 0.000000 -1.000000 0.000000 1.000000 0.000000 1.000000 0.000000 0.000000 2412b.dat
1 179 -19.609270 -52.327640 -30.375330 0.000000 0.000000 -1.000000 0.000000 1.000000 0.000000 1.000000 0.000000 0.000000 2412b.dat
1 71 -149.609300 -92.327640 -0.375300 1.000000 0.000000 0.000000 0.000000 1.000000 0.000000 0.000000 0.000000 1.000000 11211.dat
1 71 -149.609200 -92.327670 -140.375300 -1.000000 0.000000 0.000000 0.000000 1.000000 0.000000 0.000000 0.000000 -1.000000 11211.dat
1 71 -79.609330 -92.327620 89.624680 0.000000 0.000000 -1.000000 0.000000 1.000000 0.000000 1.000000 0.000000 0.000000 11211.dat
1 71 60.390740 -92.327640 89.624680 0.000000 0.000000 1.000000 0.000000 1.000000 0.000000 -1.000000 0.000000 0.000000 11211.dat
1 71 -149.609300 -100.327600 -0.375300 1.000000 0.000000 0.000000 0.000000 1.000000 0.000000 0.000000 0.000000 1.000000 3023b.dat
1 71 -149.609200 -100.327600 -140.375300 -1.000000 0.000000 0.000000 0.000000 1.000000 0.000000 0.000000 0.000000 -1.000000 3023b.dat
1 71 -79.609420 -100.327600 89.624780 0.000000 0.000000 -1.000001 0.000000 1.000000 0.000000 1.000001 0.000000 0.000000 3023b.dat
1 71 60.390740 -100.327600 89.624680 0.000000 0.000000 1.000000 0.000000 1.000000 0.000000 -1.000000 0.000000 0.000000 3023b.dat
1 71 -149.609300 -132.327600 -0.375300 1.000000 0.000000 0.000000 0.000000 1.000000 0.000000 0.000000 0.000000 1.000000 3023b.dat
1 71 -149.609200 -132.327700 -140.375300 -1.000000 0.000000 0.000000 0.000000 1.000000 0.000000 0.000000 0.000000 -1.000000 3023b.dat
1 71 -79.609420 -132.327600 89.624780 0.000000 0.000000 -1.000001 0.000000 1.000000 0.000000 1.000001 0.000000 0.000000 3023b.dat
1 71 60.390740 -132.327600 89.624680 0.000000 0.000000 1.000000 0.000000 1.000000 0.000000 -1.000000 0.000000 0.000000 3023b.dat
1 19 -149.609300 -114.327600 -14.375330 1.000000 0.000000 0.000000 0.000000 0.000000 -1.000000 0.000000 1.000000 0.000000 3069b.dat
1 19 -149.609200 -114.327700 -126.375200 -1.000000 0.000000 0.000000 0.000000 0.000000 -1.000000 0.000000 -1.000000 0.000000 3069b.dat
1 19 -65.609520 -114.327600 89.624780 0.000000 -1.000001 0.000000 0.000000 0.000000 -1.000000 1.000001 0.000000 0.000000 3069b.dat
1 19 46.390680 -114.327600 89.624680 0.000000 1.000000 0.000000 0.000000 0.000000 -1.000000 -1.000000 0.000000 0.000000 3069b.dat
1 19 50.390720 -82.327640 89.624680 0.000000 1.000000 0.000000 0.000000 0.000000 1.000000 1.000000 0.000000 0.000000 85984.dat
1 19 -69.609620 -82.327620 89.624780 0.000000 -1.000001 0.000000 0.000000 0.000000 1.000000 -1.000001 0.000000 0.000000 85984.dat
1 19 -149.609200 -82.327660 -130.376200 1.000000 0.000000 0.000000 0.000000 0.000000 0.999998 0.000000 -0.999998 0.000000 85984.dat
1 19 -149.609300 -82.327660 -10.375300 -1.000000 0.000000 0.000000 0.000000 0.000000 1.000000 0.000000 1.000000 0.000000 85984.dat
1 72 -159.609200 -124.327600 -140.375300 -1.000000 0.000000 0.000000 0.000000 1.000000 0.000000 0.000000 0.000000 -1.000000 4070.dat
1 72 -139.609200 -124.327600 -140.375300 -1.000000 0.000000 0.000000 0.000000 1.000000 0.000000 0.000000 0.000000 -1.000000 4070.dat
1 72 -79.609420 -124.327600 99.624780 0.000000 0.000000 -1.000001 0.000000 1.000000 0.000000 1.000001 0.000000 0.000000 4070.dat
1 72 -79.609420 -124.327600 79.624780 0.000000 0.000000 -1.000001 0.000000 1.000000 0.000000 1.000001 0.000000 0.000000 4070.dat
1 72 -159.609300 -124.327600 -0.375300 1.000000 0.000000 0.000000 0.000000 1.000000 0.000000 0.000000 0.000000 1.000000 4070.dat
1 72 -139.609300 -124.327600 -0.375300 1.000000 0.000000 0.000000 0.000000 1.000000 0.000000 0.000000 0.000000 1.000000 4070.dat
1 72 60.390740 -124.327600 99.624680 0.000000 0.000000 1.000000 0.000000 1.000000 0.000000 -1.000000 0.000000 0.000000 4070.dat
1 72 60.390740 -124.327600 79.624780 0.000000 0.000000 1.000000 0.000000 1.000000 0.000000 -1.000000 0.000000 0.000000 4070.dat
1 71 -49.609320 -52.327600 -30.375380 0.000000 0.000000 1.000000 0.000000 1.000000 0.000000 -1.000000 0.000000 0.000000 3709b.dat
1 28 -99.609210 -52.327640 -130.375300 1.000000 0.000000 0.000000 0.000000 1.000000 0.000000 0.000000 0.000000 1.000000 3021.dat
1 72 -119.609200 -76.327620 -140.375300 -1.000000 0.000000 0.000000 0.000000 1.000000 0.000000 0.000000 0.000000 -1.000000 3040b.dat
1 72 -79.609210 -76.327620 -140.375300 -1.000000 0.000000 0.000000 0.000000 1.000000 0.000000 0.000000 0.000000 -1.000000 3040b.dat
1 72 -99.609210 -82.327620 -140.375300 1.000000 0.000000 0.000000 0.000000 1.000000 0.000000 0.000000 0.000000 1.000000 6190.dat
1 16 114.533600 -44.327640 119.624700 1.000000 0.000000 0.000000 0.000000 1.000000 0.000000 0.000000 0.000000 1.000000 submodel group 6 copy 3
1 72 90.390750 -68.327640 99.624660 1.000000 0.000000 0.000000 0.000000 1.000000 0.000000 0.000000 0.000000 1.000000 85984pb127.dat
1 72 130.390700 -68.327640 99.624660 1.000000 0.000000 0.000000 0.000000 1.000000 0.000000 0.000000 0.000000 1.000000 85984pb127.dat
1 71 90.390750 -68.327640 99.624660 1.000000 0.000000 0.000000 0.000000 1.000000 0.000000 0.000000 0.000000 1.000000 2877.dat
1 71 130.390700 -68.327640 99.624660 1.000000 0.000000 0.000000 0.000000 1.000000 0.000000 0.000000 0.000000 1.000000 2877.dat
1 179 240.390900 -52.327600 89.624640 0.000000 0.000000 -1.000000 0.000000 1.000000 0.000000 1.000000 0.000000 0.000000 2412b.dat
1 179 240.390900 -52.327600 49.624640 0.000000 0.000000 -1.000000 0.000000 1.000000 0.000000 1.000000 0.000000 0.000000 2412b.dat
1 179 170.390800 -52.327600 99.624630 -1.000000 0.000000 0.000000 0.000000 1.000000 0.000000 0.000000 0.000000 -1.000000 2412b.dat
1 179 180.390800 -52.327600 69.624650 0.000000 0.000000 -1.000000 0.000000 1.000000 0.000000 1.000000 0.000000 0.000000 2412b.dat
1 72 210.390900 -52.327600 89.624640 1.000000 0.000000 0.000000 0.000000 1.000000 0.000000 0.000000 0.000000 1.000000 2460.dat
1 72 210.390900 -52.327600 49.624640 1.000000 0.000000 0.000000 0.000000 1.000000 0.000000 0.000000 0.000000 1.000000 2460.dat
1 28 170.390800 -52.327600 29.624650 1.000000 0.000000 0.000000 0.000000 1.000000 0.000000 0.000000 0.000000 1.000000 87580.dat
1 71 170.390800 -76.327600 29.624650 1.000000 0.000000 0.000000 0.000000 1.000000 0.000000 0.000000 0.000000 1.000000 30367c.dat
1 179 240.390900 -68.327600 19.624640 1.000000 0.000000 0.000000 0.000000 1.000000 0.000000 0.000000 0.000000 1.000000 6141.dat
1 179 240.390900 -52.327600 19.624640 1.000000 0.000000 0.000000 0.000000 1.000000 0.000000 0.000000 0.000000 1.000000 6141.dat
1 179 240.390900 -60.327600 19.624640 1.000000 0.000000 0.000000 0.000000 1.000000 0.000000 0.000000 0.000000 1.000000 6141.dat
1 71 240.390900 -68.327600 19.624640 -1.000000 0.000000 0.000000 0.000000 1.000000 0.000000 0.000000 0.000000 -1.000000 54200.dat
1 71 200.390800 -68.327600 19.624640 1.000000 0.000000 0.000000 0.000000 1.000000 0.000000 0.000000 0.000000 1.000000 4599b.dat
1 71 220.390900 -68.327600 19.624640 1.000000 0.000000 0.000000 0.000000 1.000000 0.000000 0.000000 0.000000 1.000000 4599b.dat
1 71 160.390800 -68.327600 79.624660 0.000000 0.000000 1.000000 0.000000 1.000000 0.000000 -1.000000 0.000000 0.000000 4599b.dat
1 71 160.390800 -68.327600 59.624660 0.000000 0.000000 1.000000 0.000000 1.000000 0.000000 -1.000000 0.000000 0.000000 4599b.dat
1 71 -19.609260 -44.327640 -100.375300 0.000000 0.000000 -1.000000 0.000000 1.000000 0.000000 1.000000 0.000000 0.000000 54200.dat
1 71 40.390750 -44.327640 -100.375300 0.000000 0.000000 1.000000 0.000000 1.000000 0.000000 -1.000000 0.000000 0.000000 54200.dat
1 71 60.390750 -44.327640 -100.375300 0.000001 0.000000 -1.000000 0.000000 1.000000 0.000000 1.000000 0.000000 0.000001 54200.dat
1 71 120.390700 -44.327640 -100.375300 -0.000001 0.000000 1.000000 0.000000 1.000000 0.000000 -1.000000 0.000000 -0.000001 54200.dat
1 71 -49.609220 -44.327640 -120.375300 1.000000 0.000000 0.000000 0.000000 1.000000 0.000000 0.000000 0.000000 1.000000 85984.dat
1 16 50.295720 -43.702260 -104.734900 1.000000 0.000000 0.000000 0.000000 0.809053 0.587736 0.000000 -0.587736 0.809053 submodel group 9 copy 2
1 72 150.390800 -52.327600 -70.375360 1.000000 0.000000 0.000000 0.000000 1.000000 0.000000 0.000000 0.000000 1.000000 3068b.dat
1 72 150.390800 -52.327600 -30.375350 1.000000 0.000000 0.000000 0.000000 1.000000 0.000000 0.000000 0.000000 1.000000 3068b.dat
1 16 150.390800 -44.327600 -7.875380 0.000000 0.000000 1.000000 0.000000 1.000000 0.000000 -1.000000 0.000000 0.000000 submodel group 11 copy 2
1 16 208.864600 -44.327600 -97.987490 0.000000 0.000000 -1.000000 0.000000 1.000000 0.000000 1.000000 0.000000 0.000000 submodel group 12 copy 2
1 16 210.390800 -44.327600 -0.375360 1.000000 0.000000 0.000000 0.000000 1.000000 0.000000 0.000000 0.000000 1.000000 submodel group 13 copy
1 16 210.390800 -54.801840 69.634780 0.866025 0.000000 -0.500000 0.000000 1.000000 0.000000 0.500000 0.000000 0.866025 submodel group 14 copy
1 71 150.390800 -106.327600 119.624500 1.000000 0.000000 0.000000 0.000000 0.000000 1.000000 0.000000 -1.000000 0.000000 32526.dat
1 71 150.390800 -106.327600 119.624600 0.000000 0.000000 -1.000000 0.000000 1.000000 0.000000 1.000000 0.000000 0.000000 32054.dat
1 16 -109.609200 -17.327580 109.624500 1.000000 0.000000 0.000000 0.000000 1.000000 0.000000 0.000000 0.000000 1.000000 submodel group 15 copy 2
0 STEP
1 71 150.390800 -68.327600 -100.375400 1.000000 0.000000 0.000000 0.000000 1.000000 0.000000 0.000000 0.000000 1.000000 2877.dat
1 72 160.390800 -92.327590 -100.375300 -1.000000 0.000000 0.000000 0.000000 1.000000 0.000000 0.000000 0.000000 -1.000000 4070.dat
1 72 140.390900 -92.327590 -100.375300 -1.000000 0.000000 0.000000 0.000000 1.000000 0.000000 0.000000 0.000000 -1.000000 4070.dat
1 19 150.390800 -82.327600 -86.375330 1.000000 -0.000001 0.000000 0.000000 0.000000 1.000000 -0.000001 -1.000000 0.000000 3069b.dat
0 STEP
0 NOFILE
0 FILE SubModel Group 15 Copy
0 SubModel Group 15
0 Name: SubModel Group 15
0 Author: 
0 CustomBrick
0 FlexibleBrickControlPointUnitLength -1
0 FlexibleBrickLockedControlPoint 
0 NumOfBricks 6
1 71 0.000000 -89.000000 10.000000 1.000000 0.000000 0.000000 0.000000 0.000000 1.000000 0.000000 -1.000000 0.000000 32526.dat
1 71 0.000000 -89.000010 10.000000 0.000000 0.000000 -1.000000 0.000000 1.000000 0.000000 1.000000 0.000000 0.000000 32054.dat
1 71 0.000000 -69.000000 0.000030 0.000000 0.000000 1.000000 0.000000 1.000000 0.000000 -1.000000 0.000000 0.000000 4274.dat
1 71 0.000000 -49.000020 0.000030 0.000000 0.000000 1.000000 0.000000 1.000000 0.000000 -1.000000 0.000000 0.000000 4274.dat
1 71 0.000010 -59.000000 0.000030 1.000000 0.000000 0.000000 0.000000 0.000000 -1.000000 0.000000 1.000000 0.000000 61409b.dat
1 71 -0.000010 -89.000010 -26.969980 1.000000 0.000000 0.000000 0.000000 0.000000 -1.000000 0.000000 1.000000 0.000000 4697b.dat
0 NOFILE
0 FILE SubModel Group 3 Copy 12
0 SubModel Group 3
0 Name: SubModel Group 3
0 Author: 
0 CustomBrick
0 FlexibleBrickControlPointUnitLength -1
0 FlexibleBrickLockedControlPoint 
0 NumOfBricks 69
1 16 -19.276400 -28.333440 -24.145130 1.000000 0.000000 0.000000 0.000000 0.000000 1.000000 0.000000 -1.000000 0.000000 submodel group 1 copy 14
1 16 9.625770 -32.176530 -19.203880 0.000000 -1.000000 0.000000 0.000000 0.000000 1.000000 -1.000000 0.000000 0.000000 submodel group 2 copy 12
1 71 120.625900 -30.000140 74.854930 0.000000 -1.000000 0.000000 0.000000 0.000000 1.000000 -1.000000 0.000000 0.000000 88646.dat
1 1 -111.374200 -20.000150 -15.145120 0.000000 0.000000 -1.000000 -1.000000 0.000000 0.000000 0.000000 1.000000 0.000000 43093.dat
1 14 18.625760 -30.030090 -45.145070 0.000000 0.000000 1.000000 1.000000 0.000000 0.000000 0.000000 1.000000 0.000000 4519.dat
1 14 -11.374160 -30.000140 -15.145140 0.000000 0.000000 1.000000 1.000000 0.000000 0.000000 0.000000 1.000000 0.000000 4519.dat
0 STEP
1 4 3.698980 -10.030090 -30.373810 0.703394 0.000000 -0.710798 0.000000 1.000000 0.000000 0.710798 0.000000 0.703394 32523.dat
1 1 3.698980 -30.030100 -30.373800 0.000000 -0.656059 -0.754709 -1.000000 0.000000 0.000000 0.000000 0.754709 -0.656059 6558.dat
1 4 3.749390 -50.030090 -30.323000 0.704634 0.000000 -0.709571 0.000000 1.000000 0.000000 0.709571 0.000000 0.704634 32523.dat
0 STEP
0 NOFILE
0 FILE SubModel Group 6 Copy 5
0 SubModel Group 6
0 Name: SubModel Group 6
0 Author: 
0 CustomBrick
0 FlexibleBrickControlPointUnitLength -1
0 FlexibleBrickLockedControlPoint 
0 NumOfBricks 32
1 71 28.039220 -55.000000 20.014130 1.000000 0.000000 0.000000 0.000000 1.000000 0.000000 0.000000 0.000000 1.000000 3666.dat
1 0 68.039220 -79.000000 20.014130 1.000000 0.000000 0.000000 0.000000 1.000000 0.000000 0.000000 0.000000 1.000000 30364.dat
1 70 8.039220 -79.000000 20.014130 1.000000 0.000000 0.000000 0.000000 1.000000 0.000000 0.000000 0.000000 1.000000 3701.dat
1 1 8.039229 -69.000000 0.014130 0.000000 0.000000 1.000000 0.000000 1.000000 0.000000 -1.000000 0.000000 0.000000 6558.dat
1 1 -11.960780 -69.000000 0.014130 0.000000 0.000000 1.000000 0.000000 1.000000 0.000000 -1.000000 0.000000 0.000000 6558.dat
1 0 -51.960780 -69.000000 0.014130 0.000000 0.000000 1.000000 1.000000 0.000000 0.000000 0.000000 1.000000 0.000000 32140.dat
1 71 28.039240 -55.000000 -19.985870 1.000000 0.000000 0.000000 0.000000 1.000000 0.000000 0.000000 0.000000 1.000000 3666.dat
1 0 68.039240 -79.000000 -19.985870 1.000000 0.000000 0.000000 0.000000 1.000000 0.000000 0.000000 0.000000 1.000000 30364.dat
1 70 8.039240 -79.000000 -19.985870 1.000000 0.000000 0.000000 0.000000 1.000000 0.000000 0.000000 0.000000 1.000000 3701.dat
1 72 28.039220 -86.999980 20.014130 1.000000 0.000000 0.000000 0.000000 1.000000 0.000000 0.000000 0.000000 1.000000 3710.dat
1 72 28.039240 -86.999980 -19.985870 1.000000 0.000000 0.000000 0.000000 1.000000 0.000000 0.000000 0.000000 1.000000 3710.dat
1 71 88.039230 -86.999980 0.014100 0.000000 0.000000 1.000000 0.000000 1.000000 0.000000 -1.000000 0.000000 0.000000 3021.dat
1 71 98.039230 -94.999980 0.014100 0.000000 0.000000 1.000000 0.000000 1.000000 0.000000 -1.000000 0.000000 0.000000 3623.dat
1 71 -1.960770 -94.999980 0.014130 0.000000 0.000000 1.000000 0.000000 1.000000 0.000000 -1.000000 0.000000 0.000000 3623.dat
1 71 28.039220 -94.999980 0.014130 0.000000 0.000000 1.000000 0.000000 1.000000 0.000000 -1.000000 0.000000 0.000000 3021.dat
1 71 68.039230 -94.999980 0.014100 0.000000 0.000000 1.000000 0.000000 1.000000 0.000000 -1.000000 0.000000 0.000000 3021.dat
1 71 48.039220 -103.000000 0.014130 1.000000 0.000000 0.000000 0.000000 1.000000 0.000000 0.000000 0.000000 1.000000 3666.dat
1 72 88.039230 -103.000000 20.014100 1.000000 0.000000 0.000000 0.000000 1.000000 0.000000 0.000000 0.000000 1.000000 2412b.dat
1 72 88.039230 -103.000000 -19.985900 1.000000 0.000000 0.000000 0.000000 1.000000 0.000000 0.000000 0.000000 1.000000 2412b.dat
1 72 28.039230 -103.000000 20.014130 1.000000 0.000000 0.000000 0.000000 1.000000 0.000000 0.000000 0.000000 1.000000 3710.dat
1 72 28.039240 -103.000000 -19.985900 1.000000 0.000000 0.000000 0.000000 1.000000 0.000000 0.000000 0.000000 1.000000 3710.dat
1 72 -21.960780 -103.000000 10.014130 0.000000 0.000000 1.000000 0.000000 1.000000 0.000000 -1.000000 0.000000 0.000000 32000.dat
1 72 -21.960780 -103.000000 -19.985900 0.000000 0.000000 1.000000 0.000000 1.000000 0.000000 -1.000000 0.000000 0.000000 6541.dat
1 72 38.039230 -109.000000 20.014130 1.000000 0.000000 0.000000 0.000000 1.000000 0.000000 0.000000 0.000000 1.000000 6190.dat
1 72 38.039220 -109.000000 0.014130 1.000000 0.000000 0.000000 0.000000 1.000000 0.000000 0.000000 0.000000 1.000000 6190.dat
1 72 38.039240 -109.000000 -19.985900 1.000000 0.000000 0.000000 0.000000 1.000000 0.000000 0.000000 0.000000 1.000000 6190.dat
1 71 -11.960770 -111.000000 20.014130 -1.000000 0.000000 0.000000 0.000000 1.000000 0.000000 0.000000 0.000000 -1.000000 92280.dat
1 71 -11.960780 -111.000000 -19.985930 -1.000000 0.000000 0.000000 0.000000 1.000000 0.000000 0.000000 0.000000 -1.000000 92280.dat
1 16 -65.627450 -69.000000 30.014130 0.000000 0.000000 -1.000000 -1.000000 0.000000 0.000000 0.000000 1.000000 0.000000 submodel group 4 copy 11
1 322 -51.960780 -69.000000 -20.225890 0.000000 0.000000 -1.000000 -1.000000 0.000000 0.000000 0.000000 1.000000 0.000000 60483.dat
0 STEP
1 16 -420.000000 -409.557300 -310.000000 0.777146 -0.629321 0.000000 0.629321 0.777146 0.000000 0.000000 0.000000 1.000000 submodel group 101
0 STEP
0 NOFILE
0 FILE SubModel Group 3 Copy 12_Mirrored
0 SubModel Group 3_Mirrored
0 Name: SubModel Group 3 Copy 12_Mirrored
0 Author: 
0 CustomBrick
0 FlexibleBrickControlPointUnitLength -1
0 FlexibleBrickLockedControlPoint 
0 NumOfBricks 69
1 16 3.999960 0.014960 58.499790 1.000000 0.000000 0.000000 0.000000 0.000000 1.000000 0.000000 -1.000000 0.000000 submodel group 1 copy 14_mirrored
1 16 -94.499330 0.015000 -33.999760 0.000000 1.000000 0.000000 0.000000 0.000000 1.000000 1.000000 0.000000 0.000000 submodel group 2 copy 12_mirrored
1 71 -151.999100 0.014920 83.999480 0.000000 1.000000 0.000000 0.000000 0.000000 1.000000 1.000000 0.000000 0.000000 88646.dat
1 1 79.999530 10.014910 -6.000010 0.000000 0.000000 -1.000000 -1.000000 0.000000 0.000000 0.000000 1.000000 0.000000 43093.dat
1 14 -49.999620 -0.015030 -35.999730 0.000000 0.000000 -1.000000 -1.000000 0.000000 0.000000 0.000000 1.000000 0.000000 4519.dat
1 14 -19.999850 0.014930 -6.000020 0.000000 0.000000 -1.000000 -1.000000 0.000000 0.000000 0.000000 1.000000 0.000000 4519.dat
0 STEP
1 4 -35.072910 19.984980 -21.228570 0.703395 0.000000 0.710799 0.000000 1.000000 0.000000 -0.710799 0.000000 0.703395 32523.dat
1 1 -35.072910 -0.015040 -21.228560 0.000000 0.656059 -0.754709 -1.000000 0.000000 0.000000 0.000000 0.754709 0.656059 6558.dat
1 4 -35.123320 -20.015030 -21.177760 0.704634 0.000000 0.709571 0.000000 1.000000 0.000000 -0.709571 0.000000 0.704634 32523.dat
0 STEP
0 NOFILE
0 FILE SubModel Group 6 Copy 5_Mirrored
0 SubModel Group 6_Mirrored
0 Name: SubModel Group 6 Copy 5_Mirrored
0 Author: 
0 CustomBrick
0 FlexibleBrickControlPointUnitLength -1
0 FlexibleBrickLockedControlPoint 
0 NumOfBricks 32
1 71 -184.018100 169.777400 160.007000 1.000000 0.000000 0.000000 0.000000 1.000000 0.000000 0.000000 0.000000 1.000000 3666.dat
1 0 -224.017700 145.777400 160.007100 -1.000000 0.000000 0.000000 0.000000 1.000000 0.000000 0.000000 0.000000 -1.000000 30364.dat
1 70 -164.018200 145.777500 160.007100 1.000000 0.000000 0.000000 0.000000 1.000000 0.000000 0.000000 0.000000 1.000000 3701.dat
1 1 -164.018200 155.777500 140.007000 0.000000 0.000000 1.000000 0.000000 1.000000 0.000000 -1.000000 0.000000 0.000000 6558.dat
1 1 -144.018400 155.777500 140.007000 0.000000 0.000000 1.000000 0.000000 1.000000 0.000000 -1.000000 0.000000 0.000000 6558.dat
1 0 -104.018500 155.777400 140.007000 0.000000 0.000000 -1.000000 1.000000 0.000000 0.000000 0.000000 -1.000000 0.000000 32140.dat
1 71 -184.018100 169.777400 120.007100 1.000000 0.000000 0.000000 0.000000 1.000000 0.000000 0.000000 0.000000 1.000000 3666.dat
1 0 -224.017800 145.777500 120.007100 -1.000000 0.000000 0.000000 0.000000 1.000000 0.000000 0.000000 0.000000 -1.000000 30364.dat
1 70 -164.018200 145.777500 120.007100 1.000000 0.000000 0.000000 0.000000 1.000000 0.000000 0.000000 0.000000 1.000000 3701.dat
1 72 -184.018100 137.777600 160.007100 1.000000 0.000000 0.000000 0.000000 1.000000 0.000000 0.000000 0.000000 1.000000 3710.dat
1 72 -184.018100 137.777600 120.007100 1.000000 0.000000 0.000000 0.000000 1.000000 0.000000 0.000000 0.000000 1.000000 3710.dat
1 71 -244.017700 137.777600 140.007000 0.000000 0.000000 -1.000000 0.000000 1.000000 0.000000 1.000000 0.000000 0.000000 3021.dat
1 71 -254.017400 129.777700 140.007000 0.000000 0.000000 -1.000000 0.000000 1.000000 0.000000 1.000000 0.000000 0.000000 3623.dat
1 71 -154.018300 129.777600 140.007000 0.000000 0.000000 -1.000000 0.000000 1.000000 0.000000 1.000000 0.000000 0.000000 3623.dat
1 71 -184.018000 129.777600 140.007100 0.000000 0.000000 -1.000000 0.000000 1.000000 0.000000 1.000000 0.000000 0.000000 3021.dat
1 71 -224.017800 129.777700 140.007000 0.000000 0.000000 -1.000000 0.000000 1.000000 0.000000 1.000000 0.000000 0.000000 3021.dat
1 71 -204.017900 121.777700 140.007100 1.000000 0.000000 0.000000 0.000000 1.000000 0.000000 0.000000 0.000000 1.000000 3666.dat
1 72 -244.017600 121.777700 160.007000 1.000000 0.000000 0.000000 0.000000 1.000000 0.000000 0.000000 0.000000 1.000000 2412b.dat
1 72 -244.017600 121.777700 120.007000 1.000000 0.000000 0.000000 0.000000 1.000000 0.000000 0.000000 0.000000 1.000000 2412b.dat
1 72 -184.018100 121.777700 160.007000 1.000000 0.000000 0.000000 0.000000 1.000000 0.000000 0.000000 0.000000 1.000000 3710.dat
1 72 -184.018100 121.777700 120.007000 1.000000 0.000000 0.000000 0.000000 1.000000 0.000000 0.000000 0.000000 1.000000 3710.dat
1 72 -134.018400 121.777700 150.007000 0.000000 0.000000 -1.000000 0.000000 1.000000 0.000000 1.000000 0.000000 0.000000 32000.dat
1 72 -134.018400 121.777600 120.007000 0.000000 0.000000 -1.000000 0.000000 1.000000 0.000000 1.000000 0.000000 0.000000 6541.dat
1 72 -194.018000 115.777800 160.007000 1.000000 0.000000 0.000000 0.000000 1.000000 0.000000 0.000000 0.000000 1.000000 6190.dat
1 72 -194.018100 115.777800 140.007100 1.000000 0.000000 0.000000 0.000000 1.000000 0.000000 0.000000 0.000000 1.000000 6190.dat
1 72 -194.018100 115.777800 120.007000 1.000000 0.000000 0.000000 0.000000 1.000000 0.000000 0.000000 0.000000 1.000000 6190.dat
1 71 -144.018400 113.777800 160.007100 1.000000 0.000000 0.000000 0.000000 1.000000 0.000000 0.000000 0.000000 1.000000 92280.dat
1 71 -144.018400 113.777900 120.007000 1.000000 0.000000 0.000000 0.000000 1.000000 0.000000 0.000000 0.000000 1.000000 92280.dat
1 16 -94.018770 155.777400 139.887100 0.000000 0.000000 1.000000 1.000000 0.000000 0.000000 0.000000 1.000000 0.000000 submodel group 4 copy 11_mirrored
1 322 -104.018800 155.777500 119.767000 0.000000 0.000000 1.000000 1.000000 0.000000 0.000000 0.000000 1.000000 0.000000 60483.dat
0 STEP
1 16 264.017700 -184.777100 -170.007000 0.777146 0.629320 0.000000 -0.629320 0.777146 0.000000 0.000000 0.000000 1.000000 submodel group 101_mirrored
0 STEP
0 NOFILE
0 FILE SubModel Group 10 Copy 3
0 SubModel Group 10
0 Name: SubModel Group 10
0 Author: 
0 CustomBrick
0 FlexibleBrickControlPointUnitLength -1
0 FlexibleBrickLockedControlPoint 
0 NumOfBricks 54
1 16 21.818160 -24.143530 184.118500 0.000000 1.000000 0.000000 0.000000 0.000000 -1.000000 -1.000000 0.000000 0.000000 submodel group 6 copy 4
1 16 -19.818160 -40.001100 -160.118500 0.000000 0.000000 -1.000000 0.000000 1.000000 0.000000 1.000000 0.000000 0.000000 submodel group 9 copy 3
0 NOFILE
0 FILE SubModel Group 1 Copy 10
0 SubModel Group 1
0 Name: SubModel Group 1
0 Author: 
0 CustomBrick
0 FlexibleBrickControlPointUnitLength -1
0 FlexibleBrickLockedControlPoint 
0 NumOfBricks 10
1 71 25.777780 -40.000000 0.000000 1.000000 0.000000 0.000000 0.000000 1.000000 0.000000 0.000000 0.000000 1.000000 3701.dat
1 72 -24.222220 -40.000000 0.000000 1.000000 0.000000 0.000000 0.000000 1.000000 0.000000 0.000000 0.000000 1.000000 6541.dat
1 72 35.777780 -8.000000 0.000000 1.000000 0.000000 0.000000 0.000000 1.000000 0.000000 0.000000 0.000000 1.000000 3623.dat
1 71 5.777780 -16.000000 0.000000 1.000000 0.000000 0.000000 0.000000 1.000000 0.000000 0.000000 0.000000 1.000000 3710.dat
1 72 55.777780 -16.000000 0.000000 1.000000 0.000000 0.000000 0.000000 1.000000 0.000000 0.000000 0.000000 1.000000 6141.dat
1 71 5.777780 -48.000000 0.000000 1.000000 0.000000 0.000000 0.000000 1.000000 0.000000 0.000000 0.000000 1.000000 3710.dat
1 72 55.777780 -48.000000 0.000000 1.000000 0.000000 0.000000 0.000000 1.000000 0.000000 0.000000 0.000000 1.000000 6141.dat
1 71 25.777780 -56.000000 0.000000 1.000000 0.000000 0.000000 0.000000 1.000000 0.000000 0.000000 0.000000 1.000000 3710.dat
1 71 -24.222220 -48.000000 -0.000010 0.000000 0.000000 1.000000 0.000000 1.000000 0.000000 -1.000000 0.000000 0.000000 54200.dat
1 72 45.777710 0.000000 0.000000 1.000000 0.000000 0.000000 0.000000 1.000000 0.000000 0.000000 0.000000 1.000000 3700.dat
0 NOFILE
0 FILE SubModel Group 26
0 SubModel Group 26
0 Name: SubModel Group 26
0 Author: 
0 CustomBrick
0 FlexibleBrickControlPointUnitLength -1
0 FlexibleBrickLockedControlPoint 
0 NumOfBricks 365
1 16 -22.100070 -6.000020 -32.295120 1.000000 0.000000 0.000000 0.000000 1.000000 0.000000 0.000000 0.000000 1.000000 submodel group 12
0 STEP
1 16 -360.192800 -6.000020 83.871040 -1.000000 0.000000 0.000000 0.000000 1.000000 0.000000 0.000000 0.000000 -1.000000 submodel group 13
1 16 -360.193100 -6.000020 -116.128900 -1.000000 0.000000 0.000000 0.000000 1.000000 0.000000 0.000000 0.000000 -1.000000 submodel group 13
1 16 319.807300 -6.000020 -116.128800 1.000000 0.000000 0.000000 0.000000 1.000000 0.000000 0.000000 0.000000 1.000000 submodel group 13
1 16 319.807100 -6.000020 83.871200 1.000000 0.000000 0.000000 0.000000 1.000000 0.000000 0.000000 0.000000 1.000000 submodel group 13
1 16 -346.526300 -46.000020 -16.128920 1.000000 0.000000 0.000000 0.000000 1.000000 0.000000 0.000000 0.000000 1.000000 submodel group 14
1 16 273.473800 -46.000020 -16.128820 1.000000 0.000000 0.000000 0.000000 1.000000 0.000000 0.000000 0.000000 1.000000 submodel group
1 16 363.473600 -11.000020 183.871200 1.000000 0.000000 0.000000 0.000000 1.000000 0.000000 0.000000 0.000000 1.000000 submodel group 16
1 72 23.807440 -60.000020 143.874100 0.000000 -1.000000 0.000000 0.000000 0.000000 1.000000 -1.000000 0.000000 0.000000 3062b.dat
1 71 37.807440 -60.000020 143.874100 0.000000 0.000000 1.000000 -1.000000 0.000000 0.000000 0.000000 -1.000000 0.000000 87618.dat
1 0 -320.192800 -40.000020 -56.128920 -1.000000 0.000000 0.000000 0.000000 1.000000 0.000000 0.000000 0.000000 -1.000000 15461.dat
1 0 -320.192800 -40.000020 163.871000 -1.000000 0.000000 0.000000 0.000000 1.000000 0.000000 0.000000 0.000000 -1.000000 15461.dat
1 0 -0.193050 -40.000020 -96.129030 -1.000000 0.000000 0.000000 0.000000 1.000000 0.000000 0.000000 0.000000 -1.000000 15461.dat
1 0 359.807200 -40.000020 -96.128810 -1.000000 0.000000 0.000000 0.000000 1.000000 0.000000 0.000000 0.000000 -1.000000 15461.dat
1 0 279.807100 -40.000020 163.871200 1.000000 0.000000 0.000000 0.000000 1.000000 0.000000 0.000000 0.000000 1.000000 15461.dat
1 0 279.807100 -40.000020 -96.128810 1.000000 0.000000 0.000000 0.000000 1.000000 0.000000 0.000000 0.000000 1.000000 15461.dat
1 0 -40.192570 -40.000020 -96.125640 1.000000 0.000000 0.000000 0.000000 1.000000 0.000000 0.000000 0.000000 1.000000 15461.dat
1 0 -40.192570 -40.000020 123.874100 1.000000 0.000000 0.000000 0.000000 1.000000 0.000000 0.000000 0.000000 1.000000 15461.dat
1 0 -400.193000 -40.000020 -96.129030 1.000000 0.000000 0.000000 0.000000 1.000000 0.000000 0.000000 0.000000 1.000000 15461.dat
1 16 -403.859600 -11.000020 183.871000 -1.000000 0.000000 0.000000 0.000000 1.000000 0.000000 0.000000 0.000000 -1.000000 submodel group 17
1 71 251.807100 -40.000020 -96.128810 0.000000 1.000000 0.000000 0.000000 0.000000 -1.000000 -1.000000 0.000000 0.000000 30663.dat
1 1 259.807100 -40.000020 -96.128810 -1.000000 0.000000 0.000000 0.000000 1.000000 0.000000 0.000000 0.000000 -1.000000 4274.dat
1 19 -360.192800 -78.000020 163.871100 0.000000 0.000000 -1.000000 0.000000 1.000000 0.000000 1.000000 0.000000 0.000000 3032.dat
1 19 319.807100 -78.000020 163.871200 0.000000 0.000000 -1.000000 0.000000 1.000000 0.000000 1.000000 0.000000 0.000000 3032.dat
1 19 269.807100 -78.000020 263.871200 1.000000 0.000000 0.000000 0.000000 1.000000 0.000000 0.000000 0.000000 1.000000 3021.dat
1 19 -310.193000 -78.000020 263.871000 1.000000 0.000000 0.000000 0.000000 1.000000 0.000000 0.000000 0.000000 1.000000 3021.dat
1 71 -360.193000 -78.000020 -206.129000 1.000000 0.000000 0.000000 0.000000 1.000000 0.000000 0.000000 0.000000 1.000000 3710.dat
1 71 319.807100 -78.000020 -206.128800 1.000000 0.000000 0.000000 0.000000 1.000000 0.000000 0.000000 0.000000 1.000000 3710.dat
0 STEP
1 16 -34.026240 0.000000 -344.237200 0.000000 0.000000 -1.000000 0.000000 1.000000 0.000000 1.000000 0.000000 0.000000 submodel group 25
0 STEP
0 NOFILE
0 FILE SubModel Group 27
0 SubModel Group 27
0 Name: SubModel Group 27
0 Author: 
0 CustomBrick
0 FlexibleBrickControlPointUnitLength -1
0 FlexibleBrickLockedControlPoint 
0 NumOfBricks 2
1 19 -20.000000 -8.000000 0.000000 1.000000 0.000000 0.000000 0.000000 1.000000 0.000000 0.000000 0.000000 1.000000 3021.dat
1 15 0.000000 -32.000000 -0.000030 0.000000 0.000000 -1.000000 0.000000 1.000000 0.000000 1.000000 0.000000 0.000000 30541.dat
0 NOFILE
0 FILE SubModel Group 28
0 SubModel Group 28
0 Name: SubModel Group 28
0 Author: 
0 CustomBrick
0 FlexibleBrickControlPointUnitLength -1
0 FlexibleBrickLockedControlPoint 
0 NumOfBricks 2
1 19 -20.000000 -8.000000 0.000000 1.000000 0.000000 0.000000 0.000000 1.000000 0.000000 0.000000 0.000000 1.000000 3021.dat
1 15 -0.000060 -32.000000 -0.000030 0.000000 0.000000 1.000000 0.000000 1.000000 0.000000 -1.000000 0.000000 0.000000 30541.dat
0 NOFILE
0 FILE SubModel Group 42
0 SubModel Group 42
0 Name: SubModel Group 42
0 Author: 
0 CustomBrick
0 FlexibleBrickControlPointUnitLength -1
0 FlexibleBrickLockedControlPoint 
0 NumOfBricks 39
1 72 76.000660 -160.332300 0.000000 0.309017 0.951056 0.000000 -0.951056 0.309017 0.000000 0.000000 0.000000 1.000000 3022.dat
1 72 71.482310 -172.314800 -0.000030 0.000000 0.951056 0.309017 0.000000 0.309017 -0.951056 -1.000000 0.000000 0.000000 3839b.dat
1 71 60.783760 -165.276600 0.000000 0.309017 0.951056 0.000000 -0.951056 0.309017 0.000000 0.000000 0.000000 1.000000 92582.dat
1 72 51.279300 -84.247840 0.000000 0.309017 0.951056 0.000000 -0.951056 0.309017 0.000000 0.000000 0.000000 1.000000 3958.dat
1 72 59.121700 -134.272800 50.000000 0.309017 0.951056 0.000000 -0.951056 0.309017 0.000000 0.000000 0.000000 1.000000 3024.dat
1 72 49.851180 -105.741100 50.000000 0.309017 0.951056 0.000000 -0.951056 0.309017 0.000000 0.000000 0.000000 1.000000 15573.dat
1 72 37.490500 -67.698840 50.000000 0.309017 0.951056 0.000000 -0.951056 0.309017 0.000000 0.000000 0.000000 1.000000 15573.dat
1 71 34.633530 -110.683000 29.999820 0.309018 0.951056 0.000000 -0.951058 0.309017 0.000000 0.000000 0.000000 1.000001 3701.dat
1 72 59.121700 -134.272800 49.999970 -0.309017 0.951056 0.000000 0.951056 0.309017 0.000000 0.000000 0.000000 -1.000000 54200.dat
1 72 49.851180 -105.741100 50.000000 -0.309017 0.951056 0.000000 0.951056 0.309017 0.000000 0.000000 0.000000 -1.000000 54200.dat
1 72 37.490500 -67.698840 50.000000 -0.309017 0.951056 0.000000 0.951056 0.309017 0.000000 0.000000 0.000000 -1.000000 54200.dat
1 71 20.845490 -94.136370 0.000000 0.309017 0.951056 0.000000 -0.951056 0.309017 0.000000 0.000000 0.000000 1.000000 60474.dat
1 71 16.093260 -53.621980 30.000010 -0.309017 0.951056 0.000000 0.951056 0.309017 0.000000 0.000000 0.000000 -1.000000 30365.dat
1 71 59.121700 -134.272800 0.000000 0.309017 0.951056 0.000000 -0.951056 0.309017 0.000000 0.000000 0.000000 1.000000 3021.dat
1 28 45.332830 -117.723600 -0.000030 0.000000 0.951056 0.309017 0.000000 0.309017 -0.951056 -1.000000 0.000000 0.000000 3023b.dat
1 28 37.724300 -120.195500 -0.000060 0.000000 0.951056 0.309017 0.000000 0.309017 -0.951056 -1.000000 0.000000 0.000000 3023b.dat
1 72 28.219990 -39.167140 50.000000 0.309017 0.951056 0.000000 -0.951056 0.309017 0.000000 0.000000 0.000000 1.000000 3024.dat
1 72 28.453180 -91.661910 -0.000180 0.000000 0.951056 0.309018 0.000000 0.309017 -0.951058 -1.000001 0.000000 0.000000 30000.dat
1 72 28.219990 -39.167140 50.000000 -0.309017 0.951056 0.000000 0.951056 0.309017 0.000000 0.000000 0.000000 -1.000000 54200.dat
1 72 13.237040 -96.608520 0.000000 0.309017 0.951056 0.000000 -0.951056 0.309017 0.000000 0.000000 0.000000 1.000000 4032a.dat
1 72 27.371690 -137.252400 0.000000 0.000000 -0.787796 -0.615937 0.000000 -0.615937 0.787796 -1.000000 0.000000 0.000000 30553.dat
1 71 45.849390 -160.886200 0.000030 0.000000 -0.787796 0.615937 0.000000 -0.615937 -0.787796 1.000000 0.000000 0.000000 30554b.dat
1 72 59.121700 -134.272800 -50.000000 0.309017 0.951056 0.000000 -0.951056 0.309017 0.000000 0.000000 0.000000 1.000000 3024.dat
1 71 34.634280 -110.685400 -30.000000 0.309017 0.951056 0.000000 -0.951056 0.309017 0.000000 0.000000 0.000000 1.000000 3701.dat
1 72 59.121700 -134.272800 -50.000000 0.309017 0.951056 0.000000 -0.951056 0.309017 0.000000 0.000000 0.000000 1.000000 54200.dat
1 14 22.747600 -93.518340 0.000000 -0.951056 0.309017 0.000000 -0.309017 -0.951056 0.000000 0.000000 0.000000 1.000000 4519.dat
1 72 49.851180 -105.741100 -50.000000 0.309017 0.951056 0.000000 -0.951056 0.309017 0.000000 0.000000 0.000000 1.000000 15573.dat
1 71 16.093260 -53.621980 -29.999960 -0.309017 0.951056 0.000000 0.951056 0.309017 0.000000 0.000000 0.000000 -1.000000 30365.dat
1 72 49.851180 -105.741100 -50.000000 0.309017 0.951056 0.000000 -0.951056 0.309017 0.000000 0.000000 0.000000 1.000000 54200.dat
1 72 37.490500 -67.698830 -50.000000 0.309017 0.951056 0.000000 -0.951056 0.309017 0.000000 0.000000 0.000000 1.000000 15573.dat
1 72 37.490500 -67.698830 -50.000000 0.309017 0.951056 0.000000 -0.951056 0.309017 0.000000 0.000000 0.000000 1.000000 54200.dat
1 72 28.219980 -39.167140 -50.000000 0.309017 0.951056 0.000000 -0.951056 0.309017 0.000000 0.000000 0.000000 1.000000 3024.dat
1 72 28.219980 -39.167140 -50.000000 0.309017 0.951056 0.000000 -0.951056 0.309017 0.000000 0.000000 0.000000 1.000000 54200.dat
1 16 0.319180 1.485100 11.999970 0.996195 0.087156 0.000000 -0.087156 0.996195 0.000000 0.000000 0.000000 1.000000 submodel group 49
0 NOFILE
0 FILE SubModel Group 48
0 SubModel Group 48
0 Name: SubModel Group 48
0 Author: 
0 CustomBrick
0 FlexibleBrickControlPointUnitLength -1
0 FlexibleBrickLockedControlPoint 
0 NumOfBricks 24
1 16 -2.125000 -0.000020 -0.000900 1.000000 0.000000 0.000000 0.000000 1.000000 0.000000 0.000000 0.000000 1.000000 submodel group 43
1 16 -2.125000 -32.610110 0.000530 1.000000 0.000000 0.000000 0.000000 1.000000 0.000000 0.000000 0.000000 1.000000 submodel group 44
1 16 -2.125000 -63.580080 20.000540 1.000000 0.000000 0.000000 0.000000 1.000000 0.000000 0.000000 0.000000 1.000000 submodel group 45
1 16 -2.125000 -103.580100 -19.999470 1.000000 0.000000 0.000000 0.000000 1.000000 0.000000 0.000000 0.000000 1.000000 submodel group 45
1 16 6.875730 -170.680100 -40.002180 0.000000 1.000000 0.000000 0.000000 0.000000 1.000000 1.000000 0.000000 0.000000 submodel group 46
1 179 -2.125000 -169.160000 0.000500 0.000000 1.000000 0.000000 -1.000000 0.000000 0.000000 0.000000 0.000000 1.000000 62462.dat
1 71 -2.125000 -195.000000 0.000520 0.000001 1.000000 0.000000 0.000000 0.000000 1.000000 1.000000 -0.000001 0.000000 32123a.dat
1 16 -2.125490 -65.750100 40.000540 1.000000 0.000000 0.000000 0.000000 1.000000 0.000000 0.000000 0.000000 1.000000 submodel group 47
0 NOFILE
0 FILE SubModel Group 69
0 SubModel Group 69
0 Name: SubModel Group 69
0 Author: 
0 CustomBrick
0 FlexibleBrickControlPointUnitLength -1
0 FlexibleBrickLockedControlPoint 
0 NumOfBricks 78
1 16 -28.299100 -53.000070 -10.479680 -1.000000 0.000000 0.000000 0.000000 -0.999999 -0.000001 0.000000 -0.000001 0.999999 submodel group 60
1 16 -77.480250 -24.000010 -10.479430 -1.000000 0.000000 0.000000 0.000000 -1.000000 0.000000 0.000000 0.000000 1.000000 submodel group 61
1 16 -41.965840 -21.999840 -15.979680 1.000000 0.000000 0.000000 0.000000 1.000000 0.000000 0.000000 0.000000 1.000000 submodel group 62
1 16 -95.632590 -30.000050 -32.617240 0.000000 0.000000 -1.000000 0.000000 1.000000 0.000000 1.000000 0.000000 0.000000 submodel group 65
1 71 158.034400 -119.000200 77.686840 0.000000 -1.000000 0.000000 0.000000 0.000000 1.000000 -1.000000 0.000000 0.000000 32526.dat
1 71 158.034400 -119.000100 -42.313040 0.000000 1.000000 0.000000 0.000000 0.000000 1.000000 1.000000 0.000000 0.000000 32526.dat
1 0 168.034400 -59.000100 -42.313050 1.000000 0.000000 0.000000 0.000000 1.000000 0.000000 0.000000 0.000000 1.000000 4459.dat
1 0 168.034400 -59.000140 77.686830 1.000000 0.000000 0.000000 0.000000 1.000000 0.000000 0.000000 0.000000 1.000000 4459.dat
1 71 -181.965800 -79.000100 17.686970 0.000000 1.000000 0.000000 0.000000 0.000000 1.000000 1.000000 0.000000 0.000000 14720.dat
1 272 -71.965600 -97.000080 27.686940 -1.000000 0.000000 0.000000 0.000000 1.000000 0.000000 0.000000 0.000000 -1.000000 18671.dat
1 71 -181.965900 -119.000100 -2.313020 -1.000000 0.000000 0.000000 0.000000 1.000000 0.000000 0.000000 0.000000 -1.000000 32054.dat
1 71 -181.965800 -119.000100 37.686980 -1.000000 0.000000 0.000000 0.000000 1.000000 0.000000 0.000000 0.000000 -1.000000 32054.dat
1 4 178.034400 -59.000140 17.686820 0.000000 -1.000000 0.000000 -1.000000 0.000000 0.000000 0.000000 0.000000 -1.000000 32524.dat
1 71 158.034400 -119.000100 -42.313040 1.000000 0.000000 0.000000 0.000000 1.000000 0.000000 0.000000 0.000000 1.000000 32054.dat
1 71 158.034400 -119.000200 77.686840 1.000000 0.000000 0.000000 0.000000 1.000000 0.000000 0.000000 0.000000 1.000000 32054.dat
0 NOFILE
0 FILE SubModel Group 70
0 SubModel Group 70
0 Name: SubModel Group 70
0 Author: 
0 CustomBrick
0 FlexibleBrickControlPointUnitLength -1
0 FlexibleBrickLockedControlPoint 
0 NumOfBricks 24
1 71 121.833300 -4.000020 -30.416700 1.000000 0.000000 0.000000 0.000000 -1.000000 0.000000 0.000000 0.000000 -1.000000 32324.dat
1 0 81.833260 -14.000020 -30.416680 1.000000 0.000000 0.000000 0.000000 -1.000000 0.000000 0.000000 0.000000 -1.000000 4459.dat
1 0 161.833300 -14.000020 -50.416680 1.000000 0.000000 0.000000 0.000000 -1.000000 0.000000 0.000000 0.000000 -1.000000 4459.dat
1 0 161.833300 -14.000020 -10.416680 1.000000 0.000000 0.000000 0.000000 -1.000000 0.000000 0.000000 0.000000 -1.000000 4459.dat
1 0 21.833010 -4.000020 -70.416690 0.000000 0.000000 1.000000 0.000000 -1.000000 0.000000 1.000000 0.000000 0.000000 32532.dat
1 0 -38.166990 -14.000020 -10.416680 1.000000 0.000000 0.000000 0.000000 -1.000000 0.000000 0.000000 0.000000 -1.000000 4459.dat
1 0 -38.166990 -14.000020 -70.416660 1.000000 0.000000 0.000000 0.000000 -1.000000 0.000000 0.000000 0.000000 -1.000000 4459.dat
1 0 41.832760 -14.000000 9.583310 0.000000 0.000000 1.000000 0.000000 -1.000000 0.000000 1.000000 0.000000 0.000000 4459.dat
1 0 -98.167240 -4.000020 -30.416660 0.000000 0.000000 1.000000 0.000000 -1.000000 0.000000 1.000000 0.000000 0.000000 32532.dat
1 0 -158.167200 -14.000020 -90.416640 1.000000 0.000000 0.000000 0.000000 -1.000000 0.000000 0.000000 0.000000 -1.000000 4459.dat
1 0 -158.167200 -14.000020 -50.416650 1.000000 0.000000 0.000000 0.000000 -1.000000 0.000000 0.000000 0.000000 -1.000000 4459.dat
1 0 -158.167200 -14.000020 -10.416660 1.000000 0.000000 0.000000 0.000000 -1.000000 0.000000 0.000000 0.000000 -1.000000 4459.dat
1 0 -158.167200 -14.000000 29.583340 1.000000 0.000000 0.000000 0.000000 -1.000000 0.000000 0.000000 0.000000 -1.000000 4459.dat
1 0 61.832760 -4.000000 49.583300 1.000000 0.000000 0.000000 0.000000 -1.000000 0.000000 0.000000 0.000000 -1.000000 32531.dat
1 71 61.832520 -4.000000 99.583290 1.000000 0.000000 0.000000 0.000000 -1.000000 0.000000 0.000000 0.000000 -1.000000 3702.dat
1 0 41.832520 -14.000000 89.583290 0.000000 0.000000 1.000000 0.000000 -1.000000 0.000000 1.000000 0.000000 0.000000 4459.dat
1 0 81.832640 -14.000000 89.583290 0.000000 0.000000 1.000000 0.000000 -1.000000 0.000000 1.000000 0.000000 0.000000 4459.dat
1 71 -118.167200 -28.000020 -50.416640 0.000000 0.000000 -1.000000 0.000000 -1.000000 0.000000 -1.000000 0.000000 0.000000 3030.dat
1 71 -18.167240 -28.000030 -50.416650 0.000000 0.000000 -1.000000 0.000000 -1.000000 0.000000 -1.000000 0.000000 0.000000 3033.dat
1 71 101.833000 -28.000000 49.583280 0.000000 0.000000 -1.000000 0.000000 -1.000000 0.000000 -1.000000 0.000000 0.000000 3032.dat
1 71 101.833000 -28.000000 -20.416710 -1.000000 0.000000 0.000000 0.000000 -1.000000 0.000000 0.000000 0.000000 1.000000 3666.dat
1 71 11.832760 -28.000000 79.583300 -1.000000 0.000000 0.000000 0.000000 -1.000000 0.000000 0.000000 0.000000 1.000000 11212.dat
1 71 101.833000 -28.000030 -90.416680 0.000000 0.000000 -1.000000 0.000000 -1.000000 0.000000 -1.000000 0.000000 0.000000 6106.dat
1 71 51.833020 -28.000000 49.583320 0.000000 0.000000 1.000000 0.000000 -1.000000 0.000000 1.000000 0.000000 0.000000 3666.dat
0 NOFILE
0 FILE SubModel Group 72
0 SubModel Group 72
0 Name: SubModel Group 72
0 Author: 
0 CustomBrick
0 FlexibleBrickControlPointUnitLength -1
0 FlexibleBrickLockedControlPoint 
0 NumOfBricks 6
1 71 8.000490 -24.000000 -0.000060 0.000000 0.000000 1.000000 0.000000 1.000000 0.000000 -1.000000 0.000000 0.000000 11211.dat
1 71 8.000239 -32.000000 -0.000030 0.000000 0.000000 1.000000 0.000000 1.000000 0.000000 -1.000000 0.000000 0.000000 3023b.dat
1 72 8.000000 -56.000000 10.000000 0.000000 0.000000 1.000000 0.000000 1.000000 0.000000 -1.000000 0.000000 0.000000 4070.dat
1 72 8.000000 -56.000000 -10.000000 0.000000 0.000000 1.000000 0.000000 1.000000 0.000000 -1.000000 0.000000 0.000000 4070.dat
1 19 -1.999510 -14.000020 -0.000060 0.000000 1.000000 0.000000 0.000000 0.000000 1.000000 1.000000 0.000000 0.000000 85984.dat
1 19 -6.000000 -46.000000 0.000030 0.000000 1.000000 0.000000 0.000000 0.000000 -1.000000 -1.000000 0.000000 0.000000 3069b.dat
0 NOFILE
0 FILE SubModel Group 74
0 SubModel Group 74
0 Name: SubModel Group 74
0 Author: 
0 CustomBrick
0 FlexibleBrickControlPointUnitLength -1
0 FlexibleBrickLockedControlPoint 
0 NumOfBricks 10
1 16 26.000000 0.000000 -16.000000 1.000000 0.000000 0.000000 0.000000 1.000000 0.000000 0.000000 0.000000 1.000000 submodel group 71
1 16 0.000000 -60.000000 0.000000 1.000000 0.000000 0.000000 0.000000 -1.000000 0.000000 0.000000 0.000000 -1.000000 submodel group 73
0 NOFILE
0 FILE SubModel Group 76
0 SubModel Group 76
0 Name: SubModel Group 76
0 Author: 
0 CustomBrick
0 FlexibleBrickControlPointUnitLength -1
0 FlexibleBrickLockedControlPoint 
0 NumOfBricks 10
1 16 -26.000000 0.000000 -16.000010 -1.000000 0.000000 0.000000 0.000000 1.000000 0.000000 0.000000 0.000000 -1.000000 submodel group 71
0 STEP
1 16 0.000000 -60.000000 0.000000 1.000000 0.000000 0.000000 0.000000 -1.000000 0.000000 0.000000 0.000000 -1.000000 submodel group 75
0 STEP
0 NOFILE
0 FILE SubModel Group 77
0 SubModel Group 77
0 Name: SubModel Group 77
0 Author: 
0 CustomBrick
0 FlexibleBrickControlPointUnitLength -1
0 FlexibleBrickLockedControlPoint 
0 NumOfBricks 5
1 19 -0.000240 -24.000000 0.000030 0.000000 0.000000 1.000000 0.000000 1.000000 0.000000 -1.000000 0.000000 0.000000 3069b.dat
1 71 0.000000 -16.000000 10.000000 1.000000 0.000000 0.000000 0.000000 1.000000 0.000000 0.000000 0.000000 1.000000 15573.dat
1 71 20.000000 -8.000000 0.000000 1.000000 0.000000 0.000000 0.000000 1.000000 0.000000 0.000000 0.000000 1.000000 11203.dat
1 71 -20.000000 -8.000000 0.000000 1.000000 0.000000 0.000000 0.000000 1.000000 0.000000 0.000000 0.000000 1.000000 11203.dat
1 71 0.000000 -16.000000 -10.000000 1.000000 0.000000 0.000000 0.000000 1.000000 0.000000 0.000000 0.000000 1.000000 15573.dat
0 NOFILE
0 FILE SubModel Group 80
0 SubModel Group 80
0 Name: SubModel Group 80
0 Author: 
0 CustomBrick
0 FlexibleBrickControlPointUnitLength -1
0 FlexibleBrickLockedControlPoint 
0 NumOfBricks 7
1 16 -16.000240 -54.000100 -2.000360 0.000000 1.000000 0.000000 0.000000 0.000000 -1.000000 -1.000000 0.000000 0.000000 submodel group 78
1 16 0.000000 0.000000 0.000360 1.000000 0.000000 0.000000 0.000000 1.000000 0.000000 0.000000 0.000000 1.000000 submodel group 79
0 NOFILE
0 FILE SubModel Group 84
0 SubModel Group 84
0 Name: SubModel Group 84
0 Author: 
0 CustomBrick
0 FlexibleBrickControlPointUnitLength -1
0 FlexibleBrickLockedControlPoint 
0 NumOfBricks 14
1 16 -18.532040 0.000000 -8.306060 1.000000 0.000000 0.000000 0.000000 1.000000 0.000000 0.000000 0.000000 1.000000 submodel group 81
1 16 0.931080 0.000000 -1.378050 0.819152 0.000000 -0.573576 0.000000 1.000000 0.000000 0.573576 0.000000 0.819152 submodel group 82
1 16 14.159680 0.000000 14.598900 0.939693 0.000000 0.342020 0.000000 1.000000 0.000000 -0.342020 0.000000 0.939693 submodel group 83
0 NOFILE
0 FILE SubModel Group 85
0 SubModel Group 85
0 Name: SubModel Group 85
0 Author: 
0 CustomBrick
0 FlexibleBrickControlPointUnitLength -1
0 FlexibleBrickLockedControlPoint 
0 NumOfBricks 24
1 72 3.666500 -32.000000 18.166690 0.000000 0.000000 -1.000000 0.000000 1.000000 0.000000 1.000000 0.000000 0.000000 41770.dat
1 71 23.666750 -24.000000 -1.833340 1.000000 0.000000 0.000000 0.000000 1.000000 0.000000 0.000000 0.000000 1.000000 3941.dat
1 71 -16.333500 -24.000000 -1.833310 1.000000 0.000000 0.000000 0.000000 1.000000 0.000000 0.000000 0.000000 1.000000 17485.dat
1 72 3.666500 -32.000000 -11.833310 1.000000 0.000000 0.000000 0.000000 1.000000 0.000000 0.000000 0.000000 1.000000 3710.dat
1 4 23.666500 -40.000000 -1.833310 1.000000 0.000000 0.000000 0.000000 1.000000 0.000000 0.000000 0.000000 1.000000 4032a.dat
1 4 23.666500 -72.000000 -1.833310 1.000000 0.000000 0.000000 0.000000 1.000000 0.000000 0.000000 0.000000 1.000000 4032a.dat
1 71 23.666500 -64.000000 -1.833310 1.000000 0.000000 0.000000 0.000000 1.000000 0.000000 0.000000 0.000000 1.000000 3941.dat
1 0 23.666500 -80.000000 -1.833310 1.000000 0.000000 0.000000 0.000000 1.000000 0.000000 0.000000 0.000000 1.000000 4032a.dat
1 71 -16.333500 -56.000000 -1.833310 1.000000 0.000000 0.000000 0.000000 1.000000 0.000000 0.000000 0.000000 1.000000 3941.dat
1 14 -16.333500 -64.000000 -1.833310 1.000000 0.000000 0.000000 0.000000 1.000000 0.000000 0.000000 0.000000 1.000000 4032a.dat
1 71 -16.333500 -72.000000 -1.833310 1.000000 0.000000 0.000000 0.000000 1.000000 0.000000 0.000000 0.000000 1.000000 4032a.dat
1 71 -16.333500 -80.000000 -1.833310 1.000000 0.000000 0.000000 0.000000 1.000000 0.000000 0.000000 0.000000 1.000000 4032a.dat
1 72 3.666500 -88.000000 18.166440 0.000000 0.000000 -1.000000 0.000000 1.000000 0.000000 1.000000 0.000000 0.000000 41770.dat
1 72 3.666500 -88.000000 -11.833310 1.000002 0.000000 0.000000 0.000000 1.000000 0.000000 0.000000 0.000000 1.000002 3710.dat
1 71 23.666500 -112.000000 -1.833310 1.000000 0.000000 0.000000 0.000000 1.000000 0.000000 0.000000 0.000000 1.000000 3941.dat
1 0 23.666500 -120.000000 -1.833310 1.000000 0.000000 0.000000 0.000000 1.000000 0.000000 0.000000 0.000000 1.000000 4032a.dat
1 71 23.666500 -144.000000 -1.833310 1.000000 0.000000 0.000000 0.000000 1.000000 0.000000 0.000000 0.000000 1.000000 3941.dat
1 71 -16.333500 -96.000000 -1.833310 1.000000 0.000000 0.000000 0.000000 1.000000 0.000000 0.000000 0.000000 1.000000 4032a.dat
1 71 -16.333500 -104.000000 -1.833310 1.000000 0.000000 0.000000 0.000000 1.000000 0.000000 0.000000 0.000000 1.000000 4032a.dat
1 0 -16.333500 -112.000000 -1.833310 1.000000 0.000000 0.000000 0.000000 1.000000 0.000000 0.000000 0.000000 1.000000 4032a.dat
1 14 -16.333500 -120.000000 -1.833310 1.000000 0.000000 0.000000 0.000000 1.000000 0.000000 0.000000 0.000000 1.000000 4032a.dat
1 71 -16.333500 -144.000000 -1.833310 1.000000 0.000000 0.000000 0.000000 1.000000 0.000000 0.000000 0.000000 1.000000 17485.dat
1 71 23.666500 -152.000000 -1.833310 1.000000 0.000000 0.000000 0.000000 1.000000 0.000000 0.000000 0.000000 1.000000 14769.dat
1 71 -16.333500 -152.000000 -1.833310 1.000000 0.000000 0.000000 0.000000 1.000000 0.000000 0.000000 0.000000 1.000000 14769.dat
0 NOFILE
0 FILE SubModel Group 86
0 SubModel Group 86
0 Name: SubModel Group 86
0 Author: 
0 CustomBrick
0 FlexibleBrickControlPointUnitLength -1
0 FlexibleBrickLockedControlPoint 
0 NumOfBricks 4
1 0 -4.500000 -67.999970 0.000000 1.000000 0.000000 0.000000 0.000000 1.000000 0.000000 0.000000 0.000000 1.000000 3960psb.dat
1 4 -4.500000 -43.999970 0.000000 0.000000 -1.000000 0.000000 1.000000 0.000000 0.000000 0.000000 0.000000 1.000000 32062.dat
1 72 -4.500000 -24.000000 0.000000 0.000000 -1.000000 0.000000 0.000000 0.000000 -1.000000 1.000000 0.000000 0.000000 30553.dat
1 71 5.500000 -8.000000 0.000000 -1.000000 0.000000 0.000000 0.000000 1.000000 0.000000 0.000000 0.000000 -1.000000 30383.dat
0 NOFILE
0 FILE SubModel Group 3 Copy
0 SubModel Group 3
0 Name: SubModel Group 3
0 Author: 
0 CustomBrick
0 FlexibleBrickControlPointUnitLength -1
0 FlexibleBrickLockedControlPoint 
0 NumOfBricks 55
1 16 -26.852660 -8.000000 25.834820 1.000000 0.000000 0.000000 0.000000 1.000000 0.000000 0.000000 0.000000 1.000000 submodel group 1 copy
1 16 -4.424110 0.000000 -25.736610 1.000000 0.000000 0.000000 0.000000 1.000000 0.000000 0.000000 0.000000 1.000000 submodel group 2 copy
1 71 -274.424100 -32.000000 -81.736620 0.000000 0.000000 1.000000 0.000000 1.000000 0.000000 -1.000000 0.000000 0.000000 3045.dat
1 71 -274.424100 -32.000000 58.263380 -1.000000 0.000000 0.000000 0.000000 1.000000 0.000000 0.000000 0.000000 -1.000000 3045.dat
1 71 305.575900 -32.000000 -81.736610 1.000000 0.000000 0.000000 0.000000 1.000000 0.000000 0.000000 0.000000 1.000000 3045.dat
1 71 305.575900 -32.000000 58.263400 0.000000 0.000000 -1.000000 0.000000 1.000000 0.000000 1.000000 0.000000 0.000000 3045.dat
1 71 -274.424100 -32.000000 18.263400 0.000000 0.000000 1.000000 0.000000 1.000000 0.000000 -1.000000 0.000000 0.000000 3038.dat
1 71 -274.424100 -32.000000 -41.736620 0.000000 0.000000 1.000000 0.000000 1.000000 0.000000 -1.000000 0.000000 0.000000 3038.dat
1 71 305.575900 -32.000000 -41.736610 0.000000 0.000000 -1.000000 0.000000 1.000000 0.000000 1.000000 0.000000 0.000000 3038.dat
1 71 305.575900 -32.000000 18.263390 0.000000 0.000000 -1.000000 0.000000 1.000000 0.000000 1.000000 0.000000 0.000000 3038.dat
1 71 255.575900 -32.000000 -81.736610 1.000000 0.000000 0.000000 0.000000 1.000000 0.000000 0.000000 0.000000 1.000000 3037.dat
1 71 255.575900 -32.000000 58.263390 -1.000000 0.000000 0.000000 0.000000 1.000000 0.000000 0.000000 0.000000 -1.000000 3037.dat
1 71 -184.424100 -32.000000 -81.736610 1.000000 0.000000 0.000000 0.000000 1.000000 0.000000 0.000000 0.000000 1.000000 4445.dat
1 71 135.575900 -32.000000 -81.736600 1.000000 0.000000 0.000000 0.000000 1.000000 0.000000 0.000000 0.000000 1.000000 4445.dat
1 71 135.575900 -32.000000 58.263400 -1.000000 0.000000 0.000000 0.000000 1.000000 0.000000 0.000000 0.000000 -1.000000 4445.dat
1 71 -184.424100 -32.000000 58.263400 -1.000000 0.000000 0.000000 0.000000 1.000000 0.000000 0.000000 0.000000 -1.000000 4445.dat
1 71 -204.424100 -40.000000 -11.736620 1.000000 0.000000 0.000000 0.000000 1.000000 0.000000 0.000000 0.000000 1.000000 41539.dat
1 71 235.575900 -40.000000 -11.736600 1.000000 0.000000 0.000000 0.000000 1.000000 0.000000 0.000000 0.000000 1.000000 41539.dat
1 71 -44.424100 -40.000000 -71.736610 1.000000 0.000000 0.000000 0.000000 1.000000 0.000000 0.000000 0.000000 1.000000 3034.dat
1 71 -44.424100 -40.000000 48.263420 1.000000 0.000000 0.000000 0.000000 1.000000 0.000000 0.000000 0.000000 1.000000 3034.dat
1 71 -24.424100 -32.000000 -81.736610 1.000000 0.000000 0.000000 0.000000 1.000000 0.000000 0.000000 0.000000 1.000000 4445.dat
1 71 -24.424080 -32.000000 58.263440 -1.000000 0.000000 0.000000 0.000000 1.000000 0.000000 0.000000 0.000000 -1.000000 4445.dat
1 71 95.575870 -40.000000 -11.736600 0.000000 0.000000 1.000000 0.000000 1.000000 0.000000 -1.000000 0.000000 0.000000 3036.dat
1 71 -84.424110 -64.000000 -61.736610 -1.000000 0.000000 0.000000 0.000000 1.000000 0.000000 0.000000 0.000000 -1.000000 15207.dat
1 71 -4.424110 -64.000000 -61.736610 -1.000000 0.000000 0.000000 0.000000 1.000000 0.000000 0.000000 0.000000 -1.000000 15207.dat
1 71 -4.424100 -64.000000 38.263410 1.000000 0.000000 0.000000 0.000000 1.000000 0.000000 0.000000 0.000000 1.000000 15207.dat
1 71 -84.424100 -64.000000 38.263410 1.000000 0.000000 0.000000 0.000000 1.000000 0.000000 0.000000 0.000000 1.000000 15207.dat
1 71 -134.424100 -64.000000 -41.736620 0.000000 0.000000 1.000000 0.000000 1.000000 0.000000 -1.000000 0.000000 0.000000 3038.dat
1 71 -134.424100 -64.000000 18.263400 0.000000 0.000000 1.000000 0.000000 1.000000 0.000000 -1.000000 0.000000 0.000000 3038.dat
1 71 45.575890 -64.000000 -61.736600 0.000000 0.000000 -1.000000 0.000000 1.000000 0.000000 1.000000 0.000000 0.000000 60477.dat
1 71 45.575880 -64.000000 38.263400 0.000000 0.000000 -1.000000 0.000000 1.000000 0.000000 1.000000 0.000000 0.000000 60477.dat
1 71 -204.424100 -48.000000 -11.736620 1.000000 0.000000 0.000000 0.000000 1.000000 0.000000 0.000000 0.000000 1.000000 41862.dat
1 71 335.575900 -8.000000 48.263410 1.000000 0.000000 0.000000 0.000000 1.000000 0.000000 0.000000 0.000000 1.000000 41770.dat
1 71 335.575900 -7.999990 -71.736600 -1.000000 0.000000 0.000000 0.000000 1.000000 0.000000 0.000000 0.000000 -1.000000 41769.dat
1 28 185.575900 7.999820 -11.736620 1.000000 0.000000 0.000000 0.000000 1.000000 0.000000 0.000000 0.000000 1.000000 3021.dat
1 28 185.575900 0.000000 -11.736610 1.000000 0.000000 0.000000 0.000000 1.000000 0.000000 0.000000 0.000000 1.000000 3021.dat
1 28 325.575900 -8.000000 -11.736610 0.000000 0.000000 1.000000 0.000000 1.000000 0.000000 -1.000000 0.000000 0.000000 3023b.dat
1 71 -254.424100 0.000000 48.263390 0.000000 0.000000 -1.000000 0.000000 1.000000 0.000000 1.000000 0.000000 0.000000 6134.dat
1 71 -254.424100 0.000000 -71.736620 0.000000 0.000000 -1.000000 0.000000 1.000000 0.000000 1.000000 0.000000 0.000000 6134.dat
1 71 -254.424100 0.000000 -11.736620 0.000000 0.000000 -1.000000 0.000000 1.000000 0.000000 1.000000 0.000000 0.000000 6134.dat
0 NOFILE
0 FILE SubModel Group 1 Copy 2
0 SubModel Group 1
0 Name: SubModel Group 1
0 Author: 
0 CustomBrick
0 FlexibleBrickControlPointUnitLength -1
0 FlexibleBrickLockedControlPoint 
0 NumOfBricks 4
1 72 0.000000 -8.000000 0.000000 1.000000 0.000000 0.000000 0.000000 1.000000 0.000000 0.000000 0.000000 1.000000 3020.dat
1 71 -30.000000 -16.000000 0.000000 0.000000 0.000000 -1.000000 0.000000 1.000000 0.000000 1.000000 0.000000 0.000000 30383.dat
1 71 30.000000 -16.000000 -0.000020 0.000000 0.000000 -1.000000 0.000000 1.000000 0.000000 1.000000 0.000000 0.000000 30383.dat
1 71 -0.000020 -16.000000 -0.000020 0.000000 0.000000 1.000000 0.000000 1.000000 0.000000 -1.000000 0.000000 0.000000 92582.dat
0 NOFILE
0 FILE SubModel Group 3 Copy 2
0 SubModel Group 3
0 Name: SubModel Group 3
0 Author: 
0 CustomBrick
0 FlexibleBrickControlPointUnitLength -1
0 FlexibleBrickLockedControlPoint 
0 NumOfBricks 2
1 72 0.000000 -56.000000 -0.000030 -1.000000 0.000000 0.000000 0.000000 0.000000 -1.000000 0.000000 -1.000000 0.000000 30553.dat
1 71 0.000000 -26.000000 0.000000 1.000000 0.000000 0.000000 0.000000 0.000000 1.000000 0.000000 -1.000000 0.000000 30554b.dat
0 NOFILE
0 FILE SubModel Group 6 Copy
0 SubModel Group 6
0 Name: SubModel Group 6
0 Author: 
0 CustomBrick
0 FlexibleBrickControlPointUnitLength -1
0 FlexibleBrickLockedControlPoint 
0 NumOfBricks 2
1 0 -71.746890 -8.721539 0.000000 1.000000 0.000000 0.000000 0.000000 1.000000 0.000000 0.000000 0.000000 1.000000 3708.dat
1 72 59.746900 -8.724390 0.000000 0.000000 0.000000 1.000000 0.000000 1.000000 0.000000 -1.000000 0.000000 0.000000 59443.dat
0 NOFILE
0 FILE SubModel Group 7 Copy
0 SubModel Group 7
0 Name: SubModel Group 7
0 Author: 
0 CustomBrick
0 FlexibleBrickControlPointUnitLength -1
0 FlexibleBrickLockedControlPoint 
0 NumOfBricks 3
1 71 0.000000 -16.000000 0.000000 1.000000 0.000000 0.000000 0.000000 1.000000 0.000000 0.000000 0.000000 1.000000 4285b.dat
1 72 0.000000 -24.000000 0.000000 1.000000 0.000000 0.000000 0.000000 1.000000 0.000000 0.000000 0.000000 1.000000 4032a.dat
1 72 0.000000 -32.000000 0.000000 1.000000 0.000000 0.000000 0.000000 1.000000 0.000000 0.000000 0.000000 1.000000 4032a.dat
0 NOFILE
0 FILE SubModel Group 8 Copy
0 SubModel Group 8
0 Name: SubModel Group 8
0 Author: 
0 CustomBrick
0 FlexibleBrickControlPointUnitLength -1
0 FlexibleBrickLockedControlPoint 
0 NumOfBricks 4
1 71 0.000000 -32.000000 20.000000 1.000000 0.000000 0.000000 0.000000 1.000000 0.000000 0.000000 0.000000 1.000000 92947.dat
1 71 0.000000 -32.000000 -20.000000 1.000000 0.000000 0.000000 0.000000 1.000000 0.000000 0.000000 0.000000 1.000000 92947.dat
1 71 0.000000 -8.000000 0.000000 0.000000 0.000000 1.000000 0.000000 1.000000 0.000000 -1.000000 0.000000 0.000000 3709b.dat
1 71 -0.000010 -40.000000 0.000000 0.000000 0.000000 1.000000 0.000000 1.000000 0.000000 -1.000000 0.000000 0.000000 3709b.dat
0 NOFILE
0 FILE SubModel Group 9 Copy
0 SubModel Group 9
0 Name: SubModel Group 9
0 Author: 
0 CustomBrick
0 FlexibleBrickControlPointUnitLength -1
0 FlexibleBrickLockedControlPoint 
0 NumOfBricks 4
1 71 0.000000 -32.000000 20.000000 1.000000 0.000000 0.000000 0.000000 1.000000 0.000000 0.000000 0.000000 1.000000 92947.dat
1 71 0.000010 -32.000000 -20.000000 1.000000 0.000000 0.000000 0.000000 1.000000 0.000000 0.000000 0.000000 1.000000 92947.dat
1 71 0.000000 -8.000000 0.000000 0.000000 0.000000 1.000000 0.000000 1.000000 0.000000 -1.000000 0.000000 0.000000 3709b.dat
1 71 0.000000 -40.000000 0.000000 0.000000 0.000000 1.000000 0.000000 1.000000 0.000000 -1.000000 0.000000 0.000000 3709b.dat
0 NOFILE
0 FILE SubModel Group 10 Copy
0 SubModel Group 10
0 Name: SubModel Group 10
0 Author: 
0 CustomBrick
0 FlexibleBrickControlPointUnitLength -1
0 FlexibleBrickLockedControlPoint 
0 NumOfBricks 4
1 71 0.000000 -9.000250 -0.414990 0.000000 -1.000000 0.000000 0.000000 0.000000 -1.000000 1.000000 0.000000 0.000000 62462.dat
1 71 0.000000 -9.000250 -0.765000 0.000000 0.000000 -1.000000 0.000000 1.000000 0.000000 1.000000 0.000000 0.000000 44294.dat
1 71 -0.000030 -9.000239 -24.385000 1.000000 0.000000 0.000000 0.000000 1.000000 0.000000 0.000000 0.000000 1.000000 32123a.dat
1 71 0.000000 -9.000250 25.565000 1.000000 0.000000 0.000000 0.000000 1.000000 0.000000 0.000000 0.000000 1.000000 32123a.dat
0 NOFILE
0 FILE SubModel Group 11 Copy
0 SubModel Group 11
0 Name: SubModel Group 11
0 Author: 
0 CustomBrick
0 FlexibleBrickControlPointUnitLength -1
0 FlexibleBrickLockedControlPoint 
0 NumOfBricks 4
1 0 -0.000060 -9.000000 -52.312500 0.000000 0.000000 -1.000000 0.000000 1.000000 0.000000 1.000000 0.000000 0.000000 3706.dat
1 71 0.000000 -9.000000 37.687500 0.000000 0.000000 -1.000000 0.000000 1.000000 0.000000 1.000000 0.000000 0.000000 4519.dat
1 72 0.000000 -9.002850 7.687500 1.000000 0.000000 0.000000 0.000000 1.000000 0.000000 0.000000 0.000000 1.000000 59443.dat
1 71 -0.000060 -9.000000 -17.062500 1.000000 0.000000 0.000000 0.000000 1.000000 0.000000 0.000000 0.000000 1.000000 32123a.dat
0 NOFILE
0 FILE SubModel Group 5 Copy 3
0 SubModel Group 5
0 Name: SubModel Group 5
0 Author: 
0 CustomBrick
0 FlexibleBrickControlPointUnitLength -1
0 FlexibleBrickLockedControlPoint 
0 NumOfBricks 51
1 72 197.849900 -40.000030 -5.501940 0.000000 0.000000 1.000000 0.000000 1.000000 0.000000 -1.000000 0.000000 0.000000 2445.dat
1 72 157.849800 -40.000030 -5.501930 0.000000 0.000000 1.000000 0.000000 1.000000 0.000000 -1.000000 0.000000 0.000000 2445.dat
1 72 117.849800 -40.000030 -5.501920 0.000000 0.000000 1.000000 0.000000 1.000000 0.000000 -1.000000 0.000000 0.000000 2445.dat
1 71 -212.150200 -32.000050 -25.501960 0.000000 0.000000 1.000000 0.000000 1.000000 0.000000 -1.000000 0.000000 0.000000 2877.dat
1 71 -62.150220 -32.000010 124.498000 1.000000 0.000000 0.000000 0.000000 1.000000 0.000000 0.000000 0.000000 1.000000 2877.dat
1 71 -182.150200 -32.000070 -135.501900 1.000000 0.000000 0.000000 0.000000 1.000000 0.000000 0.000000 0.000000 1.000000 3010.dat
1 71 -12.150220 -32.000000 124.498000 1.000000 0.000000 0.000000 0.000000 1.000000 0.000000 0.000000 0.000000 1.000000 3622.dat
1 0 -122.150200 -32.000020 74.498020 1.000000 0.000000 0.000000 0.000000 1.000000 0.000000 0.000000 0.000000 1.000000 3003.dat
1 0 -122.150200 -32.000050 -65.501940 1.000000 0.000000 0.000000 0.000000 1.000000 0.000000 0.000000 0.000000 1.000000 3003.dat
1 71 -212.150200 -32.000060 -85.501910 0.000000 0.000000 1.000000 0.000000 1.000000 0.000000 -1.000000 0.000000 0.000000 3010.dat
0 STEP
1 0 37.849780 -32.000030 -5.501960 1.000000 0.000000 0.000000 0.000000 1.000000 0.000000 0.000000 0.000000 1.000000 32532.dat
1 15 37.844550 -32.000050 -85.501880 0.000000 0.000524 -1.000000 0.000000 0.999999 0.000524 1.000000 0.000000 0.000000 30000.dat
1 15 37.844550 -32.000020 74.498020 0.000000 0.000524 -1.000000 0.000000 0.999999 0.000524 1.000000 0.000000 0.000000 30000.dat
1 15 137.849800 -32.000030 -5.496720 1.000000 0.000000 0.000000 0.000000 0.999999 0.000524 0.000000 -0.000524 0.999999 30000.dat
1 72 167.849800 -32.000030 -5.501960 0.000000 0.000000 1.000000 0.000000 1.000000 0.000000 -1.000000 0.000000 0.000000 3894.dat
1 16 9.849790 -8.000020 110.498000 1.000000 0.000000 0.000000 0.000000 1.000000 0.000000 0.000000 0.000000 1.000000 submodel group 1 copy 5
1 16 31.516440 -8.000070 -133.946400 1.000000 0.000000 0.000000 0.000000 1.000000 0.000000 0.000000 0.000000 1.000000 submodel group 4 copy 3
1 15 -182.150200 -32.000050 -65.501960 0.000000 0.000000 1.000000 0.000000 1.000000 0.000000 -1.000000 0.000000 0.000000 30000.dat
1 15 -82.150200 -32.000020 74.498040 0.000000 0.000000 1.000000 0.000000 1.000000 0.000000 -1.000000 0.000000 0.000000 30000.dat
1 72 -122.150200 -32.000020 44.498020 1.000000 0.000000 0.000000 0.000000 1.000000 0.000000 0.000000 0.000000 1.000000 3894.dat
1 70 -162.150200 -32.000040 -35.501960 1.000000 0.000000 0.000000 0.000000 1.000000 0.000000 0.000000 0.000000 1.000000 3701.dat
1 71 -162.150200 -8.000060 -105.501900 1.000000 0.000000 0.000000 0.000000 1.000000 0.000000 0.000000 0.000000 1.000000 3032.dat
1 71 -42.150270 -8.000020 -5.501980 0.000000 0.000000 1.000000 0.000000 1.000000 0.000000 -1.000000 0.000000 0.000000 3456.dat
1 71 77.849770 -8.000040 -5.501960 0.000000 0.000000 -1.000000 0.000000 1.000000 0.000000 1.000000 0.000000 0.000000 3456.dat
1 71 -142.150200 -8.000010 94.498000 -1.000000 0.000000 0.000000 0.000000 1.000000 0.000000 0.000000 0.000000 -1.000000 41770.dat
1 72 -112.150200 -8.000040 34.498010 0.000000 0.000000 -1.000000 0.000000 1.000000 0.000000 1.000000 0.000000 0.000000 4477.dat
1 71 -182.150200 -8.000040 -5.501960 -1.000000 0.000000 0.000000 0.000000 1.000000 0.000000 0.000000 0.000000 -1.000000 6106.dat
0 STEP
1 71 177.849900 -8.000030 -5.502030 0.000000 0.000000 1.000000 0.000000 1.000000 0.000000 -1.000000 0.000000 0.000000 3029.dat
1 71 207.849900 -32.000040 -5.501990 0.000000 0.000000 1.000000 0.000000 1.000000 0.000000 -1.000000 0.000000 0.000000 6112.dat
1 72 187.849800 -32.000060 -115.501900 1.000000 0.000000 0.000001 0.000000 1.000000 0.000000 -0.000001 0.000000 1.000000 3040b.dat
1 72 187.849900 -32.000010 104.498000 -1.000000 0.000000 -0.000001 0.000000 1.000000 0.000000 0.000001 0.000000 -1.000000 3040b.dat
0 STEP
0 NOFILE
0 FILE SubModel Group 6 Copy 3
0 SubModel Group 6
0 Name: SubModel Group 6
0 Author: 
0 CustomBrick
0 FlexibleBrickControlPointUnitLength -1
0 FlexibleBrickLockedControlPoint 
0 NumOfBricks 7
1 71 -14.142860 -24.000000 0.000000 1.000000 0.000000 0.000000 0.000000 1.000000 0.000000 0.000000 0.000000 1.000000 3622.dat
1 0 -14.142860 -32.000000 0.000000 1.000000 0.000000 0.000000 0.000000 1.000000 0.000000 0.000000 0.000000 1.000000 3623.dat
1 0 -14.142860 -40.000000 0.000000 1.000000 0.000000 0.000000 0.000000 1.000000 0.000000 0.000000 0.000000 1.000000 3623.dat
1 72 5.857140 -64.000000 0.000000 1.000000 0.000000 0.000000 0.000000 1.000000 0.000000 0.000000 0.000000 1.000000 4070.dat
1 34 5.857140 -72.000000 0.000000 1.000000 0.000000 0.000000 0.000000 1.000000 0.000000 0.000000 0.000000 1.000000 3024.dat
1 71 5.857140 -72.000000 0.000000 0.000000 0.000000 -1.000000 0.000000 1.000000 0.000000 1.000000 0.000000 0.000000 54200.dat
1 71 -24.142860 -88.000000 0.000000 -1.000000 0.000000 0.000000 0.000000 1.000000 0.000000 0.000000 0.000000 -1.000000 m4d691e16_2026725_115051.dat
0 NOFILE
0 FILE SubModel Group 9 Copy 2
0 SubModel Group 9
0 Name: SubModel Group 9
0 Author: 
0 CustomBrick
0 FlexibleBrickControlPointUnitLength -1
0 FlexibleBrickLockedControlPoint 
0 NumOfBricks 43
1 0 56.095020 -92.255820 -37.632980 -1.000000 0.000000 0.000000 0.000000 0.173716 -0.984795 0.000000 -0.984798 -0.173718 30377.dat
1 0 24.095430 -92.255000 -37.633980 -1.000000 0.000000 0.000000 0.000000 0.173719 -0.984796 0.000000 -0.984796 -0.173719 30377.dat
1 16 39.761680 -37.077700 -10.959280 1.000000 0.000000 0.000000 0.000000 0.629381 0.777097 0.000000 -0.777097 0.629381 submodel group 7 copy 2
1 16 0.095030 15.913440 -22.969840 1.000000 0.000000 0.000000 0.000000 0.809053 -0.587736 0.000000 0.587736 0.809053 submodel group 8 copy 2
1 0 -23.904970 -92.255770 -37.632900 -1.000000 0.000000 0.000000 0.000000 0.173718 -0.984796 0.000000 -0.984796 -0.173718 30377.dat
1 0 -55.904420 -92.255260 -37.633300 -1.000000 0.000000 0.000000 0.000000 0.173721 -0.984796 0.000000 -0.984793 -0.173719 30377.dat
1 16 -41.608310 -37.075800 -10.962980 1.000000 0.000000 0.000000 0.000000 0.629328 0.777140 0.000000 -0.777141 0.629328 submodel group 7 copy 2
0 NOFILE
0 FILE SubModel Group 11 Copy 2
0 SubModel Group 11
0 Name: SubModel Group 11
0 Author: 
0 CustomBrick
0 FlexibleBrickControlPointUnitLength -1
0 FlexibleBrickLockedControlPoint 
0 NumOfBricks 8
1 71 -7.500030 -24.000000 0.000000 0.000000 0.000000 1.000000 0.000000 1.000000 0.000000 -1.000000 0.000000 0.000000 2877.dat
1 72 -7.500000 -48.000000 -10.000000 0.000000 0.000000 -1.000000 0.000000 1.000000 0.000000 1.000000 0.000000 0.000000 4070.dat
1 72 -7.500000 -48.000000 10.000000 0.000000 0.000000 -1.000000 0.000000 1.000000 0.000000 1.000000 0.000000 0.000000 4070.dat
1 71 -7.499970 -56.000000 0.000000 0.000000 0.000000 1.000000 0.000000 1.000000 0.000000 -1.000000 0.000000 0.000000 3023b.dat
1 72 -7.499940 -80.000000 -10.000000 0.000000 0.000000 -1.000000 0.000000 1.000000 0.000000 1.000000 0.000000 0.000000 4070.dat
1 72 -7.499970 -80.000000 10.000000 0.000000 0.000000 -1.000000 0.000000 1.000000 0.000000 1.000000 0.000000 0.000000 4070.dat
1 19 6.500030 -70.000000 0.000000 0.000000 -1.000000 0.000000 0.000000 0.000000 1.000000 -1.000000 0.000000 0.000000 3069b.dat
1 19 6.500000 -38.000000 0.000000 0.000000 -1.000000 0.000000 0.000000 0.000000 1.000000 -1.000000 0.000000 0.000000 3069b.dat
0 NOFILE
0 FILE SubModel Group 12 Copy 2
0 SubModel Group 12
0 Name: SubModel Group 12
0 Author: 
0 CustomBrick
0 FlexibleBrickControlPointUnitLength -1
0 FlexibleBrickLockedControlPoint 
0 NumOfBricks 19
1 0 -22.387870 -32.000000 -1.526340 0.000000 0.000000 -1.000000 0.000000 1.000000 0.000000 1.000000 0.000000 0.000000 3037.dat
1 0 -22.387900 -128.000000 -1.526430 0.000000 0.000000 -1.000000 0.000000 1.000000 0.000000 1.000000 0.000000 0.000000 30414.dat
1 0 -22.387870 -56.000000 -1.526370 0.000000 0.000000 -1.000000 0.000000 1.000000 0.000000 1.000000 0.000000 0.000000 30414.dat
1 0 -22.387900 -80.000000 -1.526400 0.000000 0.000000 -1.000000 0.000000 1.000000 0.000000 1.000000 0.000000 0.000000 30414.dat
1 71 -12.387870 -8.000000 -1.526310 0.000000 0.000000 -1.000000 0.000000 1.000000 0.000000 1.000000 0.000000 0.000000 3709b.dat
1 72 19.612130 -46.000000 -21.526370 0.000000 -1.000000 0.000000 0.000000 0.000000 -1.000000 1.000000 0.000000 0.000000 2432.dat
1 72 -22.387900 -104.000000 -11.526430 0.000000 0.000000 -1.000000 0.000000 1.000000 0.000000 1.000000 0.000000 0.000000 4070.dat
1 72 -22.387900 -104.000000 8.473570 0.000000 0.000000 -1.000000 0.000000 1.000000 0.000000 1.000000 0.000000 0.000000 4070.dat
1 71 -22.387900 -104.000000 -31.526400 1.000000 0.000000 0.000000 0.000000 1.000000 0.000000 0.000000 0.000000 1.000000 3005.dat
1 71 -22.387900 -104.000000 28.473600 1.000000 0.000000 0.000000 0.000000 1.000000 0.000000 0.000000 0.000000 1.000000 3005.dat
1 0 -12.387940 -107.999900 28.473480 0.000000 -1.000000 0.000000 0.000000 0.000000 -1.000000 1.000000 0.000000 0.000000 61409b.dat
1 0 -12.387920 -108.000000 -31.526400 0.000000 -1.000000 0.000000 0.000000 0.000000 -1.000000 1.000000 0.000000 0.000000 61409b.dat
1 0 -4.387900 -118.000000 -1.526430 0.000000 -1.000000 0.000000 0.000000 0.000000 -1.000000 1.000000 0.000000 0.000000 2412b.dat
1 0 -4.387870 -46.000000 18.473660 0.000000 -1.000000 0.000000 0.000000 0.000000 1.000000 -1.000000 0.000000 0.000000 2412b.dat
1 0 11.612110 -70.000000 -31.526400 0.000000 -1.000000 0.000000 1.000000 0.000000 0.000000 0.000000 0.000000 1.000000 4599b.dat
1 0 11.612110 -70.000000 8.473599 0.000000 -1.000000 0.000000 -1.000000 0.000000 0.000000 0.000000 0.000000 -1.000000 4599b.dat
1 0 -10.017900 -70.000000 28.473630 0.000000 -1.000000 0.000000 0.000000 0.000000 1.000000 -1.000000 0.000000 0.000000 60849.dat
1 0 -8.387899 -94.000000 8.473570 0.000000 -1.000000 0.000000 0.000000 0.000000 -1.000000 1.000000 0.000000 0.000000 11253.dat
1 0 -8.387899 -94.000000 -11.526430 0.000000 -1.000000 0.000000 0.000000 0.000000 -1.000000 1.000000 0.000000 0.000000 11253.dat
0 NOFILE
0 FILE SubModel Group 13 Copy
0 SubModel Group 13
0 Name: SubModel Group 13
0 Author: 
0 CustomBrick
0 FlexibleBrickControlPointUnitLength -1
0 FlexibleBrickLockedControlPoint 
0 NumOfBricks 5
1 72 0.000000 -72.000000 0.000000 1.000000 0.000000 0.000000 0.000000 1.000000 0.000000 0.000000 0.000000 1.000000 60581.dat
1 0 -10.000000 -80.000000 0.000000 1.000000 0.000000 0.000000 0.000000 1.000000 0.000000 0.000000 0.000000 1.000000 3623.dat
1 71 0.000000 -112.000000 0.000010 -1.000000 0.000000 0.000000 0.000000 1.000000 0.000000 0.000000 0.000000 -1.000000 15207.dat
1 71 -20.000000 -88.000000 0.000000 1.000000 0.000000 0.000000 0.000000 1.000000 0.000000 0.000000 0.000000 1.000000 3666.dat
1 34 30.000000 -80.000000 0.000000 1.000000 0.000000 0.000000 0.000000 1.000000 0.000000 0.000000 0.000000 1.000000 3024.dat
0 NOFILE
0 FILE SubModel Group 14 Copy
0 SubModel Group 14
0 Name: SubModel Group 14
0 Author: 
0 CustomBrick
0 FlexibleBrickControlPointUnitLength -1
0 FlexibleBrickLockedControlPoint 
0 NumOfBricks 5
1 43 0.000000 -42.390000 0.000000 1.000000 0.000000 0.000000 0.000000 0.000000 -1.000000 0.000000 1.000000 0.000000 98585.dat
1 71 0.000000 -10.000000 0.000000 0.866019 -0.500011 0.000000 0.000000 0.000000 1.000000 -0.500011 -0.866019 0.000000 60208.dat
1 0 0.000000 -30.000000 0.000000 0.000000 0.000000 1.000000 -1.000000 0.000000 0.000000 0.000000 -1.000000 0.000000 18651.dat
1 71 0.000000 -58.830000 0.000000 1.000000 0.000000 0.000000 0.000000 1.000000 0.000000 0.000000 0.000000 1.000000 m4d691e16_2026725_013047.dat
1 71 0.000000 -25.000000 0.000000 1.000000 0.000000 0.000000 0.000000 0.000000 1.000000 0.000000 -1.000000 0.000000 32123a.dat
0 NOFILE
0 FILE SubModel Group 15 Copy 2
0 SubModel Group 91
0 Name: SubModel Group 91
0 Author: 
0 CustomBrick
0 FlexibleBrickControlPointUnitLength -1
0 FlexibleBrickLockedControlPoint 
0 NumOfBricks 6
1 71 0.000000 -89.000000 10.000000 1.000000 0.000000 0.000000 0.000000 0.000000 1.000000 0.000000 -1.000000 0.000000 32526.dat
1 71 0.000000 -89.000010 10.000000 0.000000 0.000000 -1.000000 0.000000 1.000000 0.000000 1.000000 0.000000 0.000000 32054.dat
1 71 0.000000 -69.000000 0.000030 0.000000 0.000000 1.000000 0.000000 1.000000 0.000000 -1.000000 0.000000 0.000000 4274.dat
1 71 0.000000 -49.000020 0.000030 0.000000 0.000000 1.000000 0.000000 1.000000 0.000000 -1.000000 0.000000 0.000000 4274.dat
1 71 0.000010 -59.000000 0.000030 1.000000 0.000000 0.000000 0.000000 0.000000 -1.000000 0.000000 1.000000 0.000000 61409b.dat
1 71 -0.000030 -89.000010 -26.969970 1.000000 0.000000 0.000000 0.000000 0.000000 -1.000000 0.000000 1.000000 0.000000 4697b.dat
0 NOFILE
0 FILE SubModel Group 1 Copy 14
0 SubModel Group 1
0 Name: SubModel Group 1
0 Author: 
0 CustomBrick
0 FlexibleBrickControlPointUnitLength -1
0 FlexibleBrickLockedControlPoint 
0 NumOfBricks 45
1 71 -32.097780 -79.000000 18.333340 1.000000 0.000000 0.000000 0.000000 1.000000 0.000000 0.000000 0.000000 1.000000 3702.dat
1 19 -52.097780 -55.000000 18.333320 1.000000 0.000000 0.000000 0.000000 1.000000 0.000000 0.000000 0.000000 1.000000 3460.dat
1 72 -132.097800 -79.000000 18.333340 -1.000000 0.000000 0.000000 0.000000 1.000000 0.000000 0.000000 0.000000 -1.000000 30365.dat
1 72 -32.097780 -86.999980 18.333340 1.000000 0.000000 0.000000 0.000000 1.000000 0.000000 0.000000 0.000000 1.000000 4477.dat
1 1 -92.097770 -69.000000 -1.666670 0.000000 0.000000 1.000000 0.000000 1.000000 0.000000 -1.000000 0.000000 0.000000 6558.dat
1 1 -72.097780 -69.000000 -1.666670 0.000000 0.000000 1.000000 0.000000 1.000000 0.000000 -1.000000 0.000000 0.000000 6558.dat
1 1 -52.097770 -69.000000 -1.666670 0.000000 0.000000 1.000000 0.000000 1.000000 0.000000 -1.000000 0.000000 0.000000 6558.dat
1 1 -32.097770 -69.000000 -1.666670 0.000000 0.000000 1.000000 0.000000 1.000000 0.000000 -1.000000 0.000000 0.000000 6558.dat
1 1 27.902230 -69.000000 -1.666670 0.000000 0.000000 1.000000 0.000000 1.000000 0.000000 -1.000000 0.000000 0.000000 6558.dat
1 1 7.902230 -69.000000 -1.666660 0.000000 0.000000 1.000000 0.000000 1.000000 0.000000 -1.000000 0.000000 0.000000 6558.dat
1 0 -92.097770 -9.000010 -1.666700 1.000000 0.000000 0.000000 0.000000 0.000000 -1.000000 0.000000 1.000000 0.000000 32140.dat
1 0 -52.097770 -9.000000 -1.666690 1.000000 0.000000 0.000000 0.000000 0.000000 -1.000000 0.000000 1.000000 0.000000 32140.dat
1 0 7.902230 -9.000000 -1.666690 1.000000 0.000000 0.000000 0.000000 0.000000 -1.000000 0.000000 1.000000 0.000000 32140.dat
1 71 -32.097770 -79.000000 -21.666660 1.000000 0.000000 0.000000 0.000000 1.000000 0.000000 0.000000 0.000000 1.000000 3702.dat
1 19 -52.097770 -55.000000 -21.666670 1.000000 0.000000 0.000000 0.000000 1.000000 0.000000 0.000000 0.000000 1.000000 3460.dat
1 72 -132.097800 -79.000000 -21.666660 -1.000000 0.000000 0.000000 0.000000 1.000000 0.000000 0.000000 0.000000 -1.000000 30365.dat
1 72 -32.097770 -87.000000 -21.666660 1.000000 0.000000 0.000000 0.000000 1.000000 0.000000 0.000000 0.000000 1.000000 4477.dat
1 72 67.902230 -79.000000 -21.666660 1.000000 0.000000 0.000000 0.000000 1.000000 0.000000 0.000000 0.000000 1.000000 30365.dat
1 72 67.902220 -78.999980 18.333340 1.000000 0.000000 0.000000 0.000000 1.000000 0.000000 0.000000 0.000000 1.000000 30365.dat
1 71 47.902230 -55.000000 -1.666670 0.000000 0.000000 1.000000 0.000000 1.000000 0.000000 -1.000000 0.000000 0.000000 3021.dat
1 71 87.902230 -87.000000 -1.666660 0.000000 0.000000 1.000000 0.000000 1.000000 0.000000 -1.000000 0.000000 0.000000 3021.dat
1 71 -142.097800 -87.000000 -1.666660 0.000000 0.000000 1.000000 0.000000 1.000000 0.000000 -1.000000 0.000000 0.000000 3623.dat
1 71 27.902230 -111.000000 -21.666660 1.000000 0.000000 0.000000 0.000000 1.000000 0.000000 0.000000 0.000000 1.000000 6111.dat
1 71 27.902220 -111.000000 18.333330 1.000000 0.000000 0.000000 0.000000 1.000000 0.000000 0.000000 0.000000 1.000000 6111.dat
1 28 -92.097780 -94.999980 18.333330 1.000000 0.000000 0.000000 0.000000 1.000000 0.000000 0.000000 0.000000 1.000000 3023b.dat
1 28 -92.097770 -95.000000 -21.666660 1.000000 0.000000 0.000000 0.000000 1.000000 0.000000 0.000000 0.000000 1.000000 3023b.dat
1 71 -132.097800 -95.000000 -1.666670 0.000000 0.000000 1.000000 0.000000 1.000000 0.000000 -1.000000 0.000000 0.000000 3021.dat
1 71 107.902200 -119.000000 -1.666670 0.000000 0.000000 1.000000 0.000000 1.000000 0.000000 -1.000000 0.000000 0.000000 3021.dat
1 71 67.902230 -119.000000 -1.666670 0.000000 0.000000 1.000000 0.000000 1.000000 0.000000 -1.000000 0.000000 0.000000 3021.dat
1 71 27.902220 -119.000000 -1.666660 0.000000 0.000000 1.000000 0.000000 1.000000 0.000000 -1.000000 0.000000 0.000000 3021.dat
1 71 -12.097770 -119.000000 -1.666660 0.000000 0.000000 1.000000 0.000000 1.000000 0.000000 -1.000000 0.000000 0.000000 3021.dat
1 71 -92.097780 -103.000000 -1.666660 0.000000 0.000000 1.000000 0.000000 1.000000 0.000000 -1.000000 0.000000 0.000000 3021.dat
1 72 -132.097800 -103.000000 8.333330 1.000000 0.000000 0.000000 0.000000 1.000000 0.000000 0.000000 0.000000 1.000000 3068b.dat
1 72 -92.097780 -111.000000 8.333340 1.000000 0.000000 0.000000 0.000000 1.000000 0.000000 0.000000 0.000000 1.000000 3068b.dat
1 72 -22.097770 -127.000000 -1.666660 1.000000 0.000000 0.000000 0.000000 1.000000 0.000000 0.000000 0.000000 1.000000 15712.dat
1 72 -2.097770 -127.000000 -1.666660 0.000000 0.000000 -1.000000 0.000000 1.000000 0.000000 1.000000 0.000000 0.000000 15712.dat
1 72 47.902230 -127.000000 -21.666660 1.000000 0.000000 0.000000 0.000000 1.000000 0.000000 0.000000 0.000000 1.000000 2412b.dat
1 72 97.902210 -127.000000 -1.666670 0.000000 0.000000 -1.000000 0.000000 1.000000 0.000000 1.000000 0.000000 0.000000 15712.dat
1 71 77.902240 -143.000000 18.333340 0.000000 0.000000 -1.000000 0.000000 1.000000 0.000000 1.000000 0.000000 0.000000 4599b.dat
1 72 117.902200 -127.000000 -11.666670 0.000000 0.000000 -1.000000 0.000000 1.000000 0.000000 1.000000 0.000000 0.000000 99780.dat
1 71 117.902300 -142.996600 18.333360 0.000000 0.000000 1.000000 0.000000 1.000000 0.000000 -1.000000 0.000000 0.000000 4735.dat
1 71 -62.097780 -127.000000 18.333330 1.000000 0.000000 0.000000 0.000000 1.000000 0.000000 0.000000 0.000000 1.000000 4735.dat
1 71 -62.097780 -135.000000 -21.666670 0.000000 0.000000 1.000000 0.000000 1.000000 0.000000 -1.000000 0.000000 0.000000 4599b.dat
1 72 92.302230 -133.000000 -1.666670 0.000000 1.000000 0.000000 0.000000 0.000000 1.000000 1.000000 0.000000 0.000000 63965.dat
1 72 -22.097770 -133.000000 -1.666660 0.000000 0.987420 -0.158098 0.000000 0.158098 0.987420 1.000000 0.000000 0.000000 30031.dat
0 NOFILE
0 FILE SubModel Group 2 Copy 12
0 SubModel Group 2
0 Name: SubModel Group 2
0 Author: 
0 CustomBrick
0 FlexibleBrickControlPointUnitLength -1
0 FlexibleBrickLockedControlPoint 
0 NumOfBricks 17
1 0 25.941180 -9.000000 2.176440 1.000000 0.000000 0.000000 0.000000 0.000000 -1.000000 0.000000 1.000000 0.000000 32140.dat
1 1 45.941180 -69.000000 2.176470 0.000000 0.000000 1.000000 0.000000 1.000000 0.000000 -1.000000 0.000000 0.000000 6558.dat
1 1 25.941190 -69.000000 2.176470 0.000000 0.000000 1.000000 0.000000 1.000000 0.000000 -1.000000 0.000000 0.000000 6558.dat
1 70 25.941170 -79.000000 22.176500 1.000000 0.000000 0.000000 0.000000 1.000000 0.000000 0.000000 0.000000 1.000000 3701.dat
1 71 25.941170 -55.000000 22.176500 1.000000 0.000000 0.000000 0.000000 1.000000 0.000000 0.000000 0.000000 1.000000 3666.dat
1 70 25.941190 -79.000000 -17.823530 1.000000 0.000000 0.000000 0.000000 1.000000 0.000000 0.000000 0.000000 1.000000 3701.dat
1 71 25.941190 -55.000000 -17.823530 1.000000 0.000000 0.000000 0.000000 1.000000 0.000000 0.000000 0.000000 1.000000 3666.dat
1 0 -34.058830 -79.000000 22.176500 -1.000000 0.000000 0.000000 0.000000 1.000000 0.000000 0.000000 0.000000 -1.000000 30364.dat
1 0 -34.058810 -79.000000 -17.823530 -1.000000 0.000000 0.000000 0.000000 1.000000 0.000000 0.000000 0.000000 -1.000000 30364.dat
1 72 85.941170 -79.000000 22.176500 1.000000 0.000000 0.000000 0.000000 1.000000 0.000000 0.000000 0.000000 1.000000 30365.dat
1 72 85.941180 -79.000000 -17.823530 1.000000 0.000000 0.000000 0.000000 1.000000 0.000000 0.000000 0.000000 1.000000 30365.dat
1 71 65.941180 -87.000000 2.176450 0.000000 0.000000 1.000000 0.000000 1.000000 0.000000 -1.000000 0.000000 0.000000 3021.dat
1 71 25.941190 -87.000000 2.176450 0.000000 0.000000 1.000000 0.000000 1.000000 0.000000 -1.000000 0.000000 0.000000 3021.dat
1 71 -14.058810 -87.000000 2.176450 0.000000 0.000000 1.000000 0.000000 1.000000 0.000000 -1.000000 0.000000 0.000000 3021.dat
1 71 -54.058820 -87.000000 2.176450 0.000000 0.000000 1.000000 0.000000 1.000000 0.000000 -1.000000 0.000000 0.000000 3021.dat
1 71 -44.058810 -95.000000 -7.823560 1.000000 0.000000 0.000000 0.000000 1.000000 0.000000 0.000000 0.000000 1.000000 3021.dat
1 28 -64.058820 -103.000000 -7.823560 0.000000 0.000000 1.000000 0.000000 1.000000 0.000000 -1.000000 0.000000 0.000000 3023b.dat
0 NOFILE
0 FILE SubModel Group 4 Copy 11
0 SubModel Group 4
0 Name: SubModel Group 4
0 Author: 
0 CustomBrick
0 FlexibleBrickControlPointUnitLength -1
0 FlexibleBrickLockedControlPoint 
0 NumOfBricks 3
1 322 0.000000 -10.240000 -13.666670 1.000000 0.000000 0.000000 0.000000 1.000000 0.000000 0.000000 0.000000 1.000000 60483.dat
1 14 0.000000 -30.000000 -13.666670 0.000000 0.000000 -1.000000 -1.000000 0.000000 0.000000 0.000000 1.000000 0.000000 4519.dat
1 1 0.000000 -30.240010 6.333330 0.000000 0.000000 -1.000000 -1.000000 0.000000 0.000000 0.000000 1.000000 0.000000 6558.dat
0 NOFILE
0 FILE SubModel Group 101
0 SubModel Group 101
0 Name: SubModel Group 101
0 Author: 
0 CustomBrick
0 FlexibleBrickControlPointUnitLength -1
0 FlexibleBrickLockedControlPoint 
0 NumOfBricks 0
0 NOFILE
0 FILE SubModel Group 1 Copy 14_Mirrored
0 SubModel Group 1_Mirrored
0 Name: SubModel Group 1 Copy 14_Mirrored
0 Author: 
0 CustomBrick
0 FlexibleBrickControlPointUnitLength -1
0 FlexibleBrickLockedControlPoint 
0 NumOfBricks 45
1 71 15.999950 -5.499850 20.000000 1.000000 0.000000 0.000000 0.000000 1.000000 0.000000 0.000000 0.000000 1.000000 3702.dat
1 19 35.999790 18.499930 19.999990 1.000000 0.000000 0.000000 0.000000 1.000000 0.000000 0.000000 0.000000 1.000000 3460.dat
1 72 115.999200 -5.499820 20.000000 1.000000 0.000000 0.000000 0.000000 1.000000 0.000000 0.000000 0.000000 1.000000 30365.dat
1 72 15.999960 -13.499760 20.000000 1.000000 0.000000 0.000000 0.000000 1.000000 0.000000 0.000000 0.000000 1.000000 4477.dat
1 1 75.999530 4.500160 -0.000010 0.000000 0.000000 1.000000 0.000000 1.000000 0.000000 -1.000000 0.000000 0.000000 6558.dat
1 1 55.999690 4.500100 -0.000010 0.000000 0.000000 1.000000 0.000000 1.000000 0.000000 -1.000000 0.000000 0.000000 6558.dat
1 1 35.999820 4.500180 -0.000010 0.000000 0.000000 1.000000 0.000000 1.000000 0.000000 -1.000000 0.000000 0.000000 6558.dat
1 1 15.999950 4.500130 -0.000010 0.000000 0.000000 1.000000 0.000000 1.000000 0.000000 -1.000000 0.000000 0.000000 6558.dat
1 1 -43.999680 4.500100 -0.000010 0.000000 0.000000 1.000000 0.000000 1.000000 0.000000 -1.000000 0.000000 0.000000 6558.dat
1 1 -23.999800 4.500150 0.000000 0.000000 0.000000 1.000000 0.000000 1.000000 0.000000 -1.000000 0.000000 0.000000 6558.dat
1 0 75.999590 64.499900 -0.000030 -1.000000 0.000000 0.000000 0.000000 0.000000 -1.000000 0.000000 -1.000000 0.000000 32140.dat
1 0 35.999880 64.499910 -0.000020 -1.000000 0.000000 0.000000 0.000000 0.000000 -1.000000 0.000000 -1.000000 0.000000 32140.dat
1 0 -23.999710 64.500000 -0.000020 -1.000000 0.000000 0.000000 0.000000 0.000000 -1.000000 0.000000 -1.000000 0.000000 32140.dat
1 71 15.999960 -5.499860 -20.000000 1.000000 0.000000 0.000000 0.000000 1.000000 0.000000 0.000000 0.000000 1.000000 3702.dat
1 19 35.999770 18.499930 -20.000010 1.000000 0.000000 0.000000 0.000000 1.000000 0.000000 0.000000 0.000000 1.000000 3460.dat
1 72 115.999300 -5.499850 -20.000000 1.000000 0.000000 0.000000 0.000000 1.000000 0.000000 0.000000 0.000000 1.000000 30365.dat
1 72 15.999930 -13.499760 -20.000000 1.000000 0.000000 0.000000 0.000000 1.000000 0.000000 0.000000 0.000000 1.000000 4477.dat
1 72 -83.999360 -5.499880 -20.000000 -1.000000 0.000000 0.000000 0.000000 1.000000 0.000000 0.000000 0.000000 -1.000000 30365.dat
1 72 -83.999370 -5.499870 20.000000 -1.000000 0.000000 0.000000 0.000000 1.000000 0.000000 0.000000 0.000000 -1.000000 30365.dat
1 71 -63.999580 18.499930 -0.000010 0.000000 0.000000 -1.000000 0.000000 1.000000 0.000000 1.000000 0.000000 0.000000 3021.dat
1 71 -103.999200 -13.499700 0.000000 0.000000 0.000000 -1.000000 0.000000 1.000000 0.000000 1.000000 0.000000 0.000000 3021.dat
1 71 125.999200 -13.499860 0.000000 0.000000 0.000000 -1.000000 0.000000 1.000000 0.000000 1.000000 0.000000 0.000000 3623.dat
1 71 -43.999670 -37.499640 -20.000010 1.000000 0.000000 0.000000 0.000000 1.000000 0.000000 0.000000 0.000000 1.000000 6111.dat
1 71 -43.999640 -37.499640 19.999990 1.000000 0.000000 0.000000 0.000000 1.000000 0.000000 0.000000 0.000000 1.000000 6111.dat
1 28 75.999590 -21.499640 19.999990 1.000000 0.000000 0.000000 0.000000 1.000000 0.000000 0.000000 0.000000 1.000000 3023b.dat
1 28 75.999600 -21.499650 -20.000010 1.000000 0.000000 0.000000 0.000000 1.000000 0.000000 0.000000 0.000000 1.000000 3023b.dat
1 71 115.999300 -21.499790 -0.000010 0.000000 0.000000 -1.000000 0.000000 1.000000 0.000000 1.000000 0.000000 0.000000 3021.dat
1 71 -123.999100 -45.499520 -0.000020 0.000000 0.000000 -1.000000 0.000000 1.000000 0.000000 1.000000 0.000000 0.000000 3021.dat
1 71 -83.999430 -45.499640 -0.000010 0.000000 0.000000 -1.000000 0.000000 1.000000 0.000000 1.000000 0.000000 0.000000 3021.dat
1 71 -43.999640 -45.499560 0.000000 0.000000 0.000000 -1.000000 0.000000 1.000000 0.000000 1.000000 0.000000 0.000000 3021.dat
1 71 -3.999960 -45.499680 -0.000010 0.000000 0.000000 -1.000000 0.000000 1.000000 0.000000 1.000000 0.000000 0.000000 3021.dat
1 71 75.999600 -29.499560 0.000000 0.000000 0.000000 -1.000000 0.000000 1.000000 0.000000 1.000000 0.000000 0.000000 3021.dat
1 72 115.999300 -29.499680 9.999990 1.000000 0.000000 0.000000 0.000000 1.000000 0.000000 0.000000 0.000000 1.000000 3068b.dat
1 72 75.999560 -37.499700 10.000000 1.000000 0.000000 0.000000 0.000000 1.000000 0.000000 0.000000 0.000000 1.000000 3068b.dat
1 72 6.000000 -53.499570 -0.000010 -1.000000 0.000000 0.000000 0.000000 1.000000 0.000000 0.000000 0.000000 -1.000000 15712.dat
1 72 -13.999870 -53.499500 -0.000010 0.000000 0.000000 -1.000000 0.000000 1.000000 0.000000 1.000000 0.000000 0.000000 15712.dat
1 72 -63.999540 -53.499520 -20.000010 1.000000 0.000000 0.000000 0.000000 1.000000 0.000000 0.000000 0.000000 1.000000 2412b.dat
1 72 -113.999200 -53.499520 -0.000020 0.000000 0.000000 -1.000000 0.000000 1.000000 0.000000 1.000000 0.000000 0.000000 15712.dat
1 71 -93.999390 -69.499500 20.000000 0.000000 0.000000 1.000000 0.000000 1.000000 0.000000 -1.000000 0.000000 0.000000 4599b.dat
1 72 -133.999000 -53.499450 -10.000020 0.000000 0.000000 1.000000 0.000000 1.000000 0.000000 -1.000000 0.000000 0.000000 99780.dat
1 71 -133.999300 -69.496040 20.000020 0.000000 0.000000 -1.000000 0.000000 1.000000 0.000000 1.000000 0.000000 0.000000 4735.dat
1 71 45.999740 -53.499600 19.999990 1.000000 0.000000 0.000000 0.000000 1.000000 0.000000 0.000000 0.000000 1.000000 4735.dat
1 71 45.999810 -61.499530 -20.000020 0.000000 0.000000 -1.000000 0.000000 1.000000 0.000000 1.000000 0.000000 0.000000 4599b.dat
1 72 -108.399500 -59.499460 -0.000020 0.000000 -1.000000 0.000000 0.000000 0.000000 1.000000 -1.000000 0.000000 0.000000 63965.dat
1 72 5.999950 -59.499520 -0.000010 0.000000 -0.987423 0.158099 0.000000 0.158099 0.987423 -1.000000 0.000000 0.000000 30031.dat
0 NOFILE
0 FILE SubModel Group 2 Copy 12_Mirrored
0 SubModel Group 2_Mirrored
0 Name: SubModel Group 2 Copy 12_Mirrored
0 Author: 
0 CustomBrick
0 FlexibleBrickControlPointUnitLength -1
0 FlexibleBrickLockedControlPoint 
0 NumOfBricks 17
1 0 -1.999920 44.499900 -0.000030 -1.000000 0.000000 0.000000 0.000000 0.000000 -1.000000 0.000000 -1.000000 0.000000 32140.dat
1 1 -21.999930 -15.499890 0.000000 0.000000 0.000000 1.000000 0.000000 1.000000 0.000000 -1.000000 0.000000 0.000000 6558.dat
1 1 -2.000100 -15.499880 0.000000 0.000000 0.000000 1.000000 0.000000 1.000000 0.000000 -1.000000 0.000000 0.000000 6558.dat
1 70 -1.999980 -25.499900 20.000030 1.000000 0.000000 0.000000 0.000000 1.000000 0.000000 0.000000 0.000000 1.000000 3701.dat
1 71 -2.000030 -1.500020 20.000030 1.000000 0.000000 0.000000 0.000000 1.000000 0.000000 0.000000 0.000000 1.000000 3666.dat
1 70 -2.000090 -25.499890 -20.000000 1.000000 0.000000 0.000000 0.000000 1.000000 0.000000 0.000000 0.000000 1.000000 3701.dat
1 71 -2.000010 -1.500010 -20.000000 1.000000 0.000000 0.000000 0.000000 1.000000 0.000000 0.000000 0.000000 1.000000 3666.dat
1 0 57.999640 -25.499920 20.000030 1.000000 0.000000 0.000000 0.000000 1.000000 0.000000 0.000000 0.000000 1.000000 30364.dat
1 0 57.999540 -25.499870 -20.000000 1.000000 0.000000 0.000000 0.000000 1.000000 0.000000 0.000000 0.000000 1.000000 30364.dat
1 72 -61.999660 -25.499890 20.000030 -1.000000 0.000000 0.000000 0.000000 1.000000 0.000000 0.000000 0.000000 -1.000000 30365.dat
1 72 -61.999580 -25.499900 -20.000000 -1.000000 0.000000 0.000000 0.000000 1.000000 0.000000 0.000000 0.000000 -1.000000 30365.dat
1 71 -41.999840 -33.499780 -0.000020 0.000000 0.000000 -1.000000 0.000000 1.000000 0.000000 1.000000 0.000000 0.000000 3021.dat
1 71 -2.000060 -33.499790 -0.000020 0.000000 0.000000 -1.000000 0.000000 1.000000 0.000000 1.000000 0.000000 0.000000 3021.dat
1 71 37.999720 -33.499820 -0.000020 0.000000 0.000000 -1.000000 0.000000 1.000000 0.000000 1.000000 0.000000 0.000000 3021.dat
1 71 77.999390 -33.499790 -0.000020 0.000000 0.000000 -1.000000 0.000000 1.000000 0.000000 1.000000 0.000000 0.000000 3021.dat
1 71 67.999550 -41.499770 -10.000030 1.000000 0.000000 0.000000 0.000000 1.000000 0.000000 0.000000 0.000000 1.000000 3021.dat
1 28 87.999400 -49.499710 -10.000030 0.000000 0.000000 -1.000000 0.000000 1.000000 0.000000 1.000000 0.000000 0.000000 3023b.dat
0 NOFILE
0 FILE SubModel Group 4 Copy 11_Mirrored
0 SubModel Group 4_Mirrored
0 Name: SubModel Group 4 Copy 11_Mirrored
0 Author: 
0 CustomBrick
0 FlexibleBrickControlPointUnitLength -1
0 FlexibleBrickLockedControlPoint 
0 NumOfBricks 3
1 322 -0.000020 19.880000 -10.000020 1.000000 0.000000 0.000000 0.000000 1.000000 0.000000 0.000000 0.000000 1.000000 60483.dat
1 14 -0.000010 0.120000 -9.999869 0.000000 0.000000 1.000000 1.000000 0.000000 0.000000 0.000000 1.000000 0.000000 4519.dat
1 1 0.000010 -0.120000 9.999949 0.000000 0.000000 -1.000000 -1.000000 0.000000 0.000000 0.000000 1.000000 0.000000 6558.dat
0 NOFILE
0 FILE SubModel Group 101_Mirrored
0 SubModel Group 101_Mirrored
0 Name: SubModel Group 101_Mirrored
0 Author: 
0 CustomBrick
0 FlexibleBrickControlPointUnitLength -1
0 FlexibleBrickLockedControlPoint 
0 NumOfBricks 0
0 NOFILE
0 FILE SubModel Group 6 Copy 4
0 SubModel Group 6
0 Name: SubModel Group 6
0 Author: 
0 CustomBrick
0 FlexibleBrickControlPointUnitLength -1
0 FlexibleBrickLockedControlPoint 
0 NumOfBricks 42
1 72 -129.671400 -32.000000 -14.143430 0.999995 0.000000 0.000000 0.000000 1.000000 0.000000 0.000000 0.000000 0.999995 3703.dat
1 1 10.329010 -22.000010 5.857300 0.000000 0.000000 -0.999995 0.000000 1.000000 0.000000 0.999995 0.000000 0.000000 6558.dat
1 1 -29.670810 -22.000010 5.857360 0.000000 0.000000 -0.999995 0.000000 1.000000 0.000000 0.999995 0.000000 0.000000 6558.dat
1 1 -89.670520 -22.000010 5.857360 0.000000 0.000000 -0.999995 0.000000 1.000000 0.000000 0.999995 0.000000 0.000000 6558.dat
1 1 -249.669800 -22.000010 5.857360 0.000000 0.000000 -0.999995 0.000000 1.000000 0.000000 0.999995 0.000000 0.000000 6558.dat
1 1 -189.670100 -22.000010 5.857360 0.000000 0.000000 -0.999995 0.000000 1.000000 0.000000 0.999995 0.000000 0.000000 6558.dat
1 1 -149.670300 -22.000010 5.857360 0.000000 0.000000 -0.999995 0.000000 1.000000 0.000000 0.999995 0.000000 0.000000 6558.dat
1 0 -249.669600 -22.000010 5.856260 0.000000 0.000000 -0.999995 0.000000 1.000000 0.000000 0.999995 0.000000 0.000000 32034.dat
1 71 -189.670100 -22.000010 5.857360 0.000000 0.000000 1.000000 0.000000 1.000000 0.000000 -1.000000 0.000000 0.000000 32014.dat
1 4 -279.670800 -22.000010 5.857360 1.000000 0.000000 0.000000 0.000000 1.000000 0.000000 0.000000 0.000000 1.000000 32062.dat
1 4 -219.670400 -22.000010 5.857360 1.000000 0.000000 0.000000 0.000000 1.000000 0.000000 0.000000 0.000000 1.000000 32062.dat
1 71 -309.670600 -22.000010 5.857300 0.000000 0.000000 -1.000000 0.000000 1.000000 0.000000 1.000000 0.000000 0.000000 32014.dat
1 71 -149.670300 -22.000010 5.857360 0.000000 0.000000 -0.999995 0.000000 1.000000 0.000000 0.999995 0.000000 0.000000 32014.dat
1 4 -118.942900 -22.000010 5.857910 0.999999 0.000000 0.000000 0.000000 1.000000 0.000000 0.000000 0.000000 0.999999 32062.dat
1 71 -89.942980 -22.000010 5.857910 -0.000001 0.000000 0.999999 0.000000 1.000000 0.000000 -0.999999 0.000000 -0.000001 32014.dat
1 72 110.328400 -32.000000 5.857300 0.999995 0.000000 0.000000 0.000000 1.000000 0.000000 0.000000 0.000000 0.999995 3703.dat
1 1 250.327900 -22.000010 5.857360 0.000000 0.000000 0.999995 0.000000 1.000000 0.000000 -0.999995 0.000000 0.000000 6558.dat
1 1 230.327900 -22.000010 5.857360 0.000000 0.000000 0.999995 0.000000 1.000000 0.000000 -0.999995 0.000000 0.000000 6558.dat
1 72 -129.670300 -32.000010 25.857240 0.999995 0.000000 0.000000 0.000000 1.000000 0.000000 0.000000 0.000000 0.999995 3703.dat
1 71 -149.671400 -8.000010 5.856510 0.000000 0.000000 1.000000 0.000000 1.000000 0.000000 -1.000000 0.000000 0.000000 3021.dat
1 71 -29.670930 -8.000010 5.857300 0.000000 0.000000 1.000000 0.000000 1.000000 0.000000 -1.000000 0.000000 0.000000 3021.dat
1 71 -109.671600 -8.000010 5.856570 0.000000 0.000000 1.000000 0.000000 1.000000 0.000000 -1.000000 0.000000 0.000000 3021.dat
1 71 330.327900 -32.000000 -14.142520 1.000000 0.000000 0.000000 0.000000 1.000000 0.000000 0.000000 0.000000 1.000000 3895.dat
1 1 430.327900 -22.000000 5.857480 0.000000 0.000000 -1.000000 0.000000 1.000000 0.000000 1.000000 0.000000 0.000000 6558.dat
1 1 390.327900 -22.000000 5.857540 0.000000 0.000000 -1.000000 0.000000 1.000000 0.000000 1.000000 0.000000 0.000000 6558.dat
1 72 150.328000 -40.000000 5.857300 1.000000 0.000000 0.000000 0.000000 1.000000 0.000000 0.000000 0.000000 1.000000 4162.dat
1 72 30.328800 -40.000000 5.857300 1.000000 0.000000 0.000000 0.000000 1.000000 0.000000 0.000000 0.000000 1.000000 2431.dat
1 72 -29.670930 -40.000000 5.857300 1.000000 0.000000 0.000000 0.000000 1.000000 0.000000 0.000000 0.000000 1.000000 15573.dat
1 72 410.330100 -43.454560 -14.142880 1.000000 0.000000 0.000000 0.000000 1.000000 0.000000 0.000000 0.000000 1.000000 2412b.dat
1 72 380.327900 -40.000000 -14.142460 0.000000 0.000000 -1.000000 0.000000 1.000000 0.000000 1.000000 0.000000 0.000000 15712.dat
1 72 280.327900 -40.000000 -14.142460 0.000000 0.000000 -1.000000 0.000000 1.000000 0.000000 1.000000 0.000000 0.000000 15712.dat
1 72 330.327900 -40.000000 -14.142520 1.000000 0.000000 0.000000 0.000000 1.000000 0.000000 0.000000 0.000000 1.000000 2431.dat
1 71 -269.669700 -40.000010 5.857300 0.000000 0.000000 1.000000 0.000000 1.000000 0.000000 -1.000000 0.000000 0.000000 3021.dat
1 72 -29.670840 -40.000010 25.857240 1.000000 0.000000 0.000000 0.000000 1.000000 0.000000 0.000000 0.000000 1.000000 2431.dat
1 72 -29.672030 -40.000000 -14.143430 1.000000 0.000000 0.000000 0.000000 1.000000 0.000000 0.000000 0.000000 1.000000 2431.dat
1 71 20.327870 -56.000000 -14.143370 1.000000 0.000000 0.000000 0.000000 1.000000 0.000000 0.000000 0.000000 1.000000 4599b.dat
1 71 20.328990 -56.000020 25.857240 -1.000000 0.000000 0.000000 0.000000 1.000000 0.000000 0.000000 0.000000 -1.000000 4599b.dat
1 72 376.327900 -46.000000 -14.142400 0.000000 1.000000 0.000000 0.000000 0.000000 1.000000 1.000000 0.000000 0.000000 63965.dat
1 1 -309.670500 -52.000000 5.857300 0.000000 0.000000 -1.000000 1.000000 0.000000 0.000000 0.000000 -1.000000 0.000000 43093.dat
1 1 -189.671000 -51.840040 5.857360 0.000000 0.000000 -1.000000 1.000000 0.000000 0.000000 0.000000 -1.000000 0.000000 43093.dat
1 1 -149.670300 -52.000000 5.857360 0.000000 0.000000 -1.000000 1.000000 0.000000 0.000000 0.000000 -1.000000 0.000000 43093.dat
1 1 -89.942980 -53.340020 5.857910 0.000000 0.000000 -1.000000 1.000000 0.000000 0.000000 0.000000 -1.000000 0.000000 43093.dat
0 NOFILE
0 FILE SubModel Group 9 Copy 3
0 SubModel Group 9
0 Name: SubModel Group 9
0 Author: 
0 CustomBrick
0 FlexibleBrickControlPointUnitLength -1
0 FlexibleBrickLockedControlPoint 
0 NumOfBricks 12
1 71 13.909120 -10.000030 -9.636320 1.000000 0.000000 0.000000 0.000000 0.000000 1.000000 0.000000 -1.000000 0.000000 3895.dat
1 1 -6.090880 -20.000030 -19.636320 0.000000 0.000000 -1.000000 -1.000000 0.000000 0.000000 0.000000 1.000000 0.000000 4274.dat
1 1 73.909120 -20.000030 -19.636320 0.000000 0.000000 -1.000000 -1.000000 0.000000 0.000000 0.000000 1.000000 0.000000 4274.dat
1 1 53.909120 -20.000030 -19.636320 0.000000 0.000000 -1.000000 -1.000000 0.000000 0.000000 0.000000 1.000000 0.000000 4274.dat
1 1 33.909120 -20.000030 -19.636320 0.000000 0.000000 -1.000000 -1.000000 0.000000 0.000000 0.000000 1.000000 0.000000 4274.dat
1 1 13.909120 -20.000030 -19.636320 0.000000 0.000000 -1.000000 -1.000000 0.000000 0.000000 0.000000 1.000000 0.000000 4274.dat
1 72 -26.090880 -10.000030 -1.636320 1.000000 0.000000 0.000000 0.000000 0.000000 1.000000 0.000000 -1.000000 0.000000 2431.dat
1 72 -76.090930 -10.000000 -1.636320 0.000000 0.000000 -1.000000 1.000000 0.000000 0.000000 0.000000 -1.000000 0.000000 15712.dat
1 72 23.909120 -10.000030 -1.636320 0.000000 0.000000 -1.000000 1.000000 0.000000 0.000000 0.000000 -1.000000 0.000000 15712.dat
1 72 53.909120 -10.000030 -1.636320 1.000000 0.000000 0.000000 0.000000 0.000000 1.000000 0.000000 -1.000000 0.000000 2412b.dat
1 72 -72.090930 -10.000000 4.363680 0.000000 -1.000000 0.000000 1.000000 0.000000 0.000000 0.000000 0.000000 1.000000 63965.dat
1 1 -26.090880 -20.000040 -19.636320 0.000000 0.000000 1.000000 -1.000000 0.000000 0.000000 0.000000 -1.000000 0.000000 4274.dat
0 NOFILE
0 FILE SubModel Group 12
0 SubModel Group 12
0 Name: SubModel Group 12
0 Author: 
0 CustomBrick
0 FlexibleBrickControlPointUnitLength -1
0 FlexibleBrickLockedControlPoint 
0 NumOfBricks 126
1 16 1.826480 0.000000 174.114400 1.000000 0.000000 0.000000 0.000000 1.000000 0.000000 0.000000 0.000000 1.000000 submodel group 3
0 STEP
1 16 -351.759800 0.000000 16.166180 1.000000 0.000000 0.000000 0.000000 1.000000 0.000000 0.000000 0.000000 1.000000 submodel group 4
1 16 -324.426200 -40.000000 187.721700 1.000000 0.000000 0.000000 0.000000 1.000000 0.000000 0.000000 0.000000 1.000000 submodel group 7
0 STEP
1 16 355.573900 0.000000 16.166260 0.000000 0.000000 1.000000 0.000000 1.000000 0.000000 -1.000000 0.000000 0.000000 submodel group 8
1 16 320.157200 -40.000000 198.166300 0.000000 0.000000 1.000000 0.000000 1.000000 0.000000 -1.000000 0.000000 0.000000 submodel group 11
1 0 411.907300 -64.000000 -153.833800 0.000000 0.000000 -1.000000 0.000000 1.000000 0.000000 1.000000 0.000000 0.000000 32555.dat
1 0 -408.093200 -64.000000 -153.833700 -1.000000 0.000000 0.000000 0.000000 1.000000 0.000000 0.000000 0.000000 -1.000000 32555.dat
1 71 -398.093200 -54.000000 -193.833700 0.000000 0.000000 1.000000 0.000000 1.000000 0.000000 -1.000000 0.000000 0.000000 32054.dat
1 71 401.907300 -54.000000 -193.833800 0.000000 0.000000 1.000000 0.000000 1.000000 0.000000 -1.000000 0.000000 0.000000 32054.dat
0 STEP
0 NOFILE
0 FILE SubModel Group 13
0 SubModel Group 13
0 Name: SubModel Group 13
0 Author: 
0 CustomBrick
0 FlexibleBrickControlPointUnitLength -1
0 FlexibleBrickLockedControlPoint 
0 NumOfBricks 5
1 0 0.000000 -32.000000 0.000000 0.000000 0.000000 -1.000000 0.000000 1.000000 0.000000 1.000000 0.000000 0.000000 32001.dat
1 0 0.000000 -40.000000 0.000000 0.000000 0.000000 -1.000000 0.000000 1.000000 0.000000 1.000000 0.000000 0.000000 32001.dat
1 72 0.000000 -64.000000 40.000000 1.000000 0.000000 0.000000 0.000000 1.000000 0.000000 0.000000 0.000000 1.000000 30000.dat
1 72 0.000000 -64.000000 -40.000000 1.000000 0.000000 0.000000 0.000000 1.000000 0.000000 0.000000 0.000000 1.000000 30000.dat
1 19 0.000000 -24.000000 0.000000 1.000000 0.000000 0.000000 0.000000 1.000000 0.000000 0.000000 0.000000 1.000000 6232.dat
0 NOFILE
0 FILE SubModel Group 14
0 SubModel Group 14
0 Name: SubModel Group 14
0 Author: 
0 CustomBrick
0 FlexibleBrickControlPointUnitLength -1
0 FlexibleBrickLockedControlPoint 
0 NumOfBricks 14
1 70 -3.666660 -24.000000 0.000000 0.000000 0.000000 -1.000000 0.000000 1.000000 0.000000 1.000000 0.000000 0.000000 3701.dat
1 0 6.333340 -14.000000 20.000000 1.000000 0.000000 0.000000 0.000000 1.000000 0.000000 0.000000 0.000000 1.000000 4459.dat
1 0 6.333340 -14.000000 -20.000000 1.000000 0.000000 0.000000 0.000000 1.000000 0.000000 0.000000 0.000000 1.000000 4459.dat
1 71 16.333350 -24.000000 120.000000 0.000000 0.000000 -1.000000 0.000000 1.000000 0.000000 1.000000 0.000000 0.000000 3895.dat
1 72 16.333340 -24.000000 -60.000000 0.000000 0.000000 -1.000000 0.000000 1.000000 0.000000 1.000000 0.000000 0.000000 3894.dat
1 72 16.333380 16.000000 60.000120 0.000000 0.000000 -1.000000 0.000000 1.000000 0.000000 1.000000 0.000000 0.000000 3703.dat
1 28 16.333390 8.000000 200.000100 0.000000 0.000000 -1.000000 0.000000 1.000000 0.000000 1.000000 0.000000 0.000000 3023b.dat
1 28 16.333380 0.000000 200.000000 0.000000 0.000000 -1.000000 0.000000 1.000000 0.000000 1.000000 0.000000 0.000000 3023b.dat
1 19 16.333340 8.000000 -39.999940 0.000000 0.000000 -1.000000 0.000000 1.000000 0.000000 1.000000 0.000000 0.000000 3460.dat
1 71 6.333330 0.000000 0.000000 0.000000 0.000000 1.000000 0.000000 1.000000 0.000000 -1.000000 0.000000 0.000000 3020.dat
1 19 16.333310 0.000000 -120.000000 0.000000 0.000000 -1.000000 0.000000 1.000000 0.000000 1.000000 0.000000 0.000000 3460.dat
1 0 56.333280 -24.000000 -170.000100 0.000000 0.000000 -1.000000 0.000000 1.000000 0.000000 1.000000 0.000000 0.000000 32555.dat
1 71 86.333270 -14.000000 -210.000100 0.000000 0.000000 1.000000 0.000000 1.000000 0.000000 -1.000000 0.000000 0.000000 32054.dat
1 71 66.333270 -14.000000 -210.000100 0.000000 0.000000 1.000000 0.000000 1.000000 0.000000 -1.000000 0.000000 0.000000 32054.dat
0 NOFILE
0 FILE SubModel Group
0 SubModel Group
0 Name: SubModel Group
0 Author: 
0 CustomBrick
0 FlexibleBrickControlPointUnitLength -1
0 FlexibleBrickLockedControlPoint 
0 NumOfBricks 14
1 71 16.333350 -24.000000 120.000000 0.000000 0.000000 -1.000000 0.000000 1.000000 0.000000 1.000000 0.000000 0.000000 3895.dat
1 72 16.333340 -24.000000 -60.000000 0.000000 0.000000 -1.000000 0.000000 1.000000 0.000000 1.000000 0.000000 0.000000 3894.dat
1 72 16.333380 16.000000 60.000120 0.000000 0.000000 -1.000000 0.000000 1.000000 0.000000 1.000000 0.000000 0.000000 3703.dat
1 28 16.333390 8.000000 200.000100 0.000000 0.000000 -1.000000 0.000000 1.000000 0.000000 1.000000 0.000000 0.000000 3023b.dat
1 28 16.333380 0.000000 200.000000 0.000000 0.000000 -1.000000 0.000000 1.000000 0.000000 1.000000 0.000000 0.000000 3023b.dat
1 19 16.333340 8.000000 -39.999940 0.000000 0.000000 -1.000000 0.000000 1.000000 0.000000 1.000000 0.000000 0.000000 3460.dat
1 71 26.333330 0.000000 0.000000 0.000000 0.000000 1.000000 0.000000 1.000000 0.000000 -1.000000 0.000000 0.000000 3020.dat
1 19 16.333310 0.000000 -120.000000 0.000000 0.000000 -1.000000 0.000000 1.000000 0.000000 1.000000 0.000000 0.000000 3460.dat
1 0 -23.666700 -24.000000 -170.000000 -1.000000 0.000000 0.000000 0.000000 1.000000 0.000000 0.000000 0.000000 -1.000000 32555.dat
1 71 -33.666700 -14.000000 -210.000000 0.000000 0.000000 1.000000 0.000000 1.000000 0.000000 -1.000000 0.000000 0.000000 32054.dat
1 71 -53.666700 -14.000000 -210.000000 0.000000 0.000000 1.000000 0.000000 1.000000 0.000000 -1.000000 0.000000 0.000000 32054.dat
1 16 32.666680 0.000000 0.000010 1.000000 0.000000 0.000000 0.000000 1.000000 0.000000 0.000000 0.000000 1.000000 submodel group 15
0 NOFILE
0 FILE SubModel Group 16
0 SubModel Group 16
0 Name: SubModel Group 16
0 Author: 
0 CustomBrick
0 FlexibleBrickControlPointUnitLength -1
0 FlexibleBrickLockedControlPoint 
0 NumOfBricks 3
1 4 6.333180 -29.000000 0.000000 0.000000 -1.000000 0.000000 0.000000 0.000000 1.000000 -1.000000 0.000000 0.000000 32523.dat
1 1 -13.666560 -49.000000 0.000000 -1.000000 0.000000 0.000000 0.000000 1.000000 0.000000 0.000000 0.000000 -1.000000 6558.dat
1 1 -13.666560 -9.000000 0.000000 -1.000000 0.000000 0.000000 0.000000 1.000000 0.000000 0.000000 0.000000 -1.000000 6558.dat
0 NOFILE
0 FILE SubModel Group 17
0 SubModel Group 17
0 Name: SubModel Group 17
0 Author: 
0 CustomBrick
0 FlexibleBrickControlPointUnitLength -1
0 FlexibleBrickLockedControlPoint 
0 NumOfBricks 3
1 4 6.333180 -29.000000 0.000000 0.000000 -1.000000 0.000000 0.000000 0.000000 1.000000 -1.000000 0.000000 0.000000 32523.dat
1 1 -13.666560 -49.000000 0.000000 -1.000000 0.000000 0.000000 0.000000 1.000000 0.000000 0.000000 0.000000 -1.000000 6558.dat
1 1 -13.666560 -9.000000 0.000000 -1.000000 0.000000 0.000000 0.000000 1.000000 0.000000 0.000000 0.000000 -1.000000 6558.dat
0 NOFILE
0 FILE SubModel Group 25
0 SubModel Group 25
0 Name: SubModel Group 25
0 Author: 
0 CustomBrick
0 FlexibleBrickControlPointUnitLength -1
0 FlexibleBrickLockedControlPoint 
0 NumOfBricks 166
1 16 84.185080 -46.000020 -23.448490 1.000000 0.000000 0.000000 0.000000 1.000000 0.000000 0.000000 0.000000 1.000000 submodel group 18
1 16 100.405600 -6.000020 -18.027470 1.000000 0.000000 0.000000 0.000000 1.000000 0.000000 0.000000 0.000000 1.000000 submodel group 19
1 16 148.108200 -11.000020 -65.348270 1.000000 0.000000 0.000000 0.000000 1.000000 0.000000 0.000000 0.000000 1.000000 submodel group 20
1 16 148.108200 -51.000020 -65.348270 1.000000 0.000000 0.000000 0.000000 1.000000 0.000000 0.000000 0.000000 1.000000 submodel group 20
1 71 188.108200 -20.000020 -43.833130 0.000000 0.000000 -1.000000 0.000000 1.000000 0.000000 1.000000 0.000000 0.000000 32054.dat
1 71 188.108200 -60.000020 -43.833130 0.000000 0.000000 -1.000000 0.000000 1.000000 0.000000 1.000000 0.000000 0.000000 32054.dat
1 71 188.108700 -20.000020 16.168460 0.000000 0.000000 1.000000 0.000000 1.000000 0.000000 -1.000000 0.000000 0.000000 32054.dat
1 71 188.108200 -60.000020 16.166820 0.000000 0.000000 1.000000 0.000000 1.000000 0.000000 -1.000000 0.000000 0.000000 32054.dat
1 71 148.108800 -20.000020 16.168460 0.000000 0.000000 1.000000 0.000000 1.000000 0.000000 -1.000000 0.000000 0.000000 32054.dat
1 71 148.108200 -60.000020 16.166800 0.000000 0.000000 1.000000 0.000000 1.000000 0.000000 -1.000000 0.000000 0.000000 32054.dat
1 16 88.108810 -6.000020 516.168600 1.000000 0.000000 0.000000 0.000000 1.000000 0.000000 0.000000 0.000000 1.000000 submodel group 21
1 16 88.111560 -6.000020 -538.228100 1.000000 0.000000 0.000000 0.000000 1.000000 0.000000 0.000000 0.000000 1.000000 submodel group 22
1 72 98.111650 -70.000020 -473.728400 0.000000 0.000000 -1.000000 0.000000 1.000000 0.000000 1.000000 0.000000 0.000000 3703.dat
1 72 98.108810 -70.000020 446.168600 0.000000 0.000000 -1.000000 0.000000 1.000000 0.000000 1.000000 0.000000 0.000000 3703.dat
1 0 108.111600 -40.000020 -593.728400 -1.000000 0.000000 0.000000 0.000000 1.000000 0.000000 0.000000 0.000000 -1.000000 15461.dat
1 0 108.108900 -40.000020 566.168600 -1.000000 0.000000 0.000000 0.000000 1.000000 0.000000 0.000000 0.000000 -1.000000 15461.dat
1 0 88.111680 -40.000020 -333.728400 1.000000 0.000000 0.000000 0.000000 1.000000 0.000000 0.000000 0.000000 1.000000 15461.dat
1 0 88.108760 -40.000020 306.168600 1.000000 0.000000 0.000000 0.000000 1.000000 0.000000 0.000000 0.000000 1.000000 15461.dat
1 0 88.108130 -40.000020 -133.833100 1.000000 0.000000 0.000000 0.000000 1.000000 0.000000 0.000000 0.000000 1.000000 15461.dat
1 0 88.108080 -40.000020 106.166900 1.000000 0.000000 0.000000 0.000000 1.000000 0.000000 0.000000 0.000000 1.000000 15461.dat
1 71 98.111650 -60.000020 -453.728400 1.000000 0.000000 0.000000 0.000000 1.000000 0.000000 0.000000 0.000000 1.000000 32054.dat
1 71 98.108810 -60.000020 426.168600 1.000000 0.000000 0.000000 0.000000 1.000000 0.000000 0.000000 0.000000 1.000000 32054.dat
1 16 28.108180 -0.000010 -297.833100 1.000000 0.000000 0.000000 0.000000 1.000000 0.000000 0.000000 0.000000 1.000000 submodel group 23
1 16 28.108050 -0.000010 262.166900 1.000000 0.000000 0.000000 0.000000 1.000000 0.000000 0.000000 0.000000 1.000000 submodel group 23
1 16 28.111640 -0.000010 -627.299900 1.000000 0.000000 0.000000 0.000000 1.000000 0.000000 0.000000 0.000000 1.000000 submodel group 24
1 16 28.108870 0.000000 599.740000 -1.000000 0.000000 0.000000 0.000000 1.000000 0.000000 0.000000 0.000000 -1.000000 submodel group 24
1 72 28.110700 -70.000020 -563.833400 1.000000 0.000000 0.000000 0.000000 1.000000 0.000000 0.000000 0.000000 1.000000 3894.dat
1 72 28.110640 -70.000020 -203.833400 1.000000 0.000000 0.000000 0.000000 1.000000 0.000000 0.000000 0.000000 1.000000 3894.dat
1 72 28.108920 -70.000020 176.168500 1.000000 0.000000 0.000000 0.000000 1.000000 0.000000 0.000000 0.000000 1.000000 3894.dat
1 72 28.109060 -70.000020 556.168600 1.000000 0.000000 0.000000 0.000000 1.000000 0.000000 0.000000 0.000000 1.000000 3894.dat
0 STEP
1 72 -41.891240 -30.000020 446.168500 0.000000 0.000000 -1.000000 0.000000 1.000000 0.000000 1.000000 0.000000 0.000000 3703.dat
1 28 -41.891180 -38.000020 586.168500 0.000000 0.000000 -1.000000 0.000000 1.000000 0.000000 1.000000 0.000000 0.000000 3023b.dat
1 28 -41.891180 -46.000020 586.168500 0.000000 0.000000 -1.000000 0.000000 1.000000 0.000000 1.000000 0.000000 0.000000 3023b.dat
1 71 -41.891240 -20.000020 426.168500 -1.000000 0.000000 -0.000001 0.000000 1.000000 0.000000 0.000001 0.000000 -1.000000 32054.dat
1 71 -11.890950 -46.000020 556.168600 -1.000000 0.000000 -0.000001 0.000000 1.000000 0.000000 0.000001 0.000000 -1.000000 3710.dat
1 71 -11.891070 -38.000020 556.168500 -1.000000 0.000000 -0.000001 0.000000 1.000000 0.000000 0.000001 0.000000 -1.000000 3710.dat
1 19 -61.891000 -46.000020 426.168600 -1.000000 0.000000 -0.000001 0.000000 1.000000 0.000000 0.000001 0.000000 -1.000000 3021.dat
1 19 -61.891120 -38.000020 426.168600 -1.000000 0.000000 -0.000001 0.000000 1.000000 0.000000 0.000001 0.000000 -1.000000 3021.dat
1 19 -41.891280 -46.000020 286.168500 0.000000 0.000000 -1.000000 0.000000 1.000000 0.000000 1.000000 0.000000 0.000000 3460.dat
1 19 -41.891280 -38.000020 286.168500 0.000000 0.000000 -1.000000 0.000000 1.000000 0.000000 1.000000 0.000000 0.000000 3460.dat
1 0 -41.891220 -70.000020 146.168600 0.000000 0.000000 -1.000002 0.000000 1.000000 0.000000 1.000002 0.000000 0.000000 32018.dat
1 0 -41.891340 -30.000020 146.168500 0.000000 0.000000 -1.000000 0.000000 1.000000 0.000000 1.000000 0.000000 0.000000 32018.dat
1 71 -11.891200 -38.000020 186.168500 1.000000 0.000000 0.000000 0.000000 1.000000 0.000000 0.000000 0.000000 1.000000 3020.dat
1 71 -11.891080 -46.000020 186.168500 1.000000 0.000000 0.000000 0.000000 1.000000 0.000000 0.000000 0.000000 1.000000 3020.dat
1 0 -101.891100 -30.000020 56.168460 -1.000000 0.000000 -0.000001 0.000000 1.000000 0.000000 0.000001 0.000000 -1.000000 32555.dat
1 0 -51.891240 -20.000020 86.168460 1.000000 0.000000 0.000000 0.000000 1.000000 0.000000 0.000000 0.000000 1.000000 4459.dat
1 0 -101.894100 -70.000020 56.167600 -1.000000 0.000000 -0.000001 0.000000 1.000000 0.000000 0.000001 0.000000 -1.000000 32555.dat
1 71 -51.891130 -46.000020 66.168460 0.000000 0.000000 -1.000000 0.000000 1.000000 0.000000 1.000000 0.000000 0.000000 3020.dat
1 71 -51.891130 -38.000020 66.168460 0.000000 0.000000 -1.000000 0.000000 1.000000 0.000000 1.000000 0.000000 0.000000 3020.dat
1 0 -51.894040 -60.000020 86.167720 1.000002 0.000000 0.000000 0.000000 1.000000 0.000000 0.000000 0.000000 1.000002 4459.dat
1 1 -41.891250 -20.000020 46.168460 -1.000000 0.000000 0.000000 0.000000 1.000000 0.000000 0.000000 0.000000 -1.000000 6558.dat
1 1 -41.894180 -60.000020 46.167720 -1.000002 0.000000 -0.000001 0.000000 1.000000 0.000000 0.000001 0.000000 -1.000002 6558.dat
1 0 -31.894060 -60.000020 26.167600 1.000002 0.000000 0.000000 0.000000 1.000000 0.000000 0.000000 0.000000 1.000002 4459.dat
1 0 -31.891250 -20.000020 26.168460 1.000000 0.000000 0.000000 0.000000 1.000000 0.000000 0.000000 0.000000 1.000000 4459.dat
1 0 -31.891360 -40.000020 106.168500 -1.000000 0.000000 0.000000 0.000000 1.000000 0.000000 0.000000 0.000000 -1.000000 15461.dat
1 71 -91.890900 -46.000020 16.168580 1.000000 0.000000 0.000000 0.000000 1.000000 0.000000 0.000000 0.000000 1.000000 3666.dat
1 71 -91.891010 -38.000020 16.168580 1.000000 0.000000 0.000000 0.000000 1.000000 0.000000 0.000000 0.000000 1.000000 3666.dat
1 72 -41.891240 -70.000020 446.168500 0.000000 0.000000 -1.000000 0.000000 1.000000 0.000000 1.000000 0.000000 0.000000 3703.dat
1 0 -31.891280 -40.000020 306.168500 -1.000000 0.000000 0.000000 0.000000 1.000000 0.000000 0.000000 0.000000 -1.000000 15461.dat
1 71 -41.891240 -60.000020 426.168500 -1.000000 0.000000 -0.000001 0.000000 1.000000 0.000000 0.000001 0.000000 -1.000000 32054.dat
1 0 -51.891190 -40.000020 566.168500 1.000000 0.000000 0.000000 0.000000 1.000000 0.000000 0.000000 0.000000 1.000000 15461.dat
0 STEP
1 72 -41.889360 -30.000020 -153.833400 0.000000 0.000000 1.000000 0.000000 1.000000 0.000000 -1.000000 0.000000 0.000000 3703.dat
1 0 -31.889360 -20.000020 -13.833370 1.000000 0.000000 0.000000 0.000000 1.000000 0.000000 0.000000 0.000000 1.000000 4459.dat
1 1 -41.889360 -20.000020 -73.833380 1.000000 0.000000 0.000000 0.000000 1.000000 0.000000 0.000000 0.000000 1.000000 6558.dat
1 0 -51.889360 -20.000020 -113.833400 1.000000 0.000000 0.000000 0.000000 1.000000 0.000000 0.000000 0.000000 1.000000 4459.dat
1 28 -41.889360 -38.000020 -13.833370 0.000000 0.000000 1.000000 0.000000 1.000000 0.000000 -1.000000 0.000000 0.000000 3023b.dat
1 28 -41.889360 -46.000020 -13.833370 0.000000 0.000000 1.000000 0.000000 1.000000 0.000000 -1.000000 0.000000 0.000000 3023b.dat
1 0 -101.889400 -30.000020 -83.833380 0.000000 0.000000 1.000000 0.000000 1.000000 0.000000 -1.000000 0.000000 0.000000 32555.dat
1 71 -51.889420 -38.000020 -93.833370 0.000000 0.000000 1.000000 0.000000 1.000000 0.000000 -1.000000 0.000000 0.000000 3020.dat
1 71 -51.889420 -46.000020 -93.833370 0.000000 0.000000 1.000000 0.000000 1.000000 0.000000 -1.000000 0.000000 0.000000 3020.dat
1 71 -91.889420 -38.000020 -43.833380 1.000000 0.000000 0.000000 0.000000 1.000000 0.000000 0.000000 0.000000 1.000000 3666.dat
1 71 -91.889420 -46.000020 -43.833380 1.000000 0.000000 0.000000 0.000000 1.000000 0.000000 0.000000 0.000000 1.000000 3666.dat
1 19 -41.889420 -38.000020 -313.833400 0.000000 0.000000 1.000000 0.000000 1.000000 0.000000 -1.000000 0.000000 0.000000 3460.dat
1 19 -41.889480 -46.000020 -313.833400 0.000000 0.000000 1.000000 0.000000 1.000000 0.000000 -1.000000 0.000000 0.000000 3460.dat
1 71 -11.889360 -38.000020 -213.833400 1.000000 0.000000 0.000000 0.000000 1.000000 0.000000 0.000000 0.000000 1.000000 3020.dat
1 71 -11.889360 -46.000020 -213.833400 1.000000 0.000000 0.000000 0.000000 1.000000 0.000000 0.000000 0.000000 1.000000 3020.dat
1 72 -41.891920 -70.000020 -153.834400 0.000000 0.000000 1.000001 0.000000 1.000000 0.000000 -1.000001 0.000000 0.000000 3703.dat
1 0 -101.889500 -70.000020 -83.833380 0.000000 0.000000 1.000000 0.000000 1.000000 0.000000 -1.000000 0.000000 0.000000 32555.dat
1 0 -31.891920 -60.000020 -13.833130 1.000001 0.000000 0.000000 0.000000 1.000000 0.000000 0.000000 0.000000 1.000001 4459.dat
1 1 -41.891920 -60.000020 -73.833130 1.000001 0.000000 0.000000 0.000000 1.000000 0.000000 0.000000 0.000000 1.000001 6558.dat
1 72 -41.889360 -30.000020 -473.833400 0.000000 0.000000 1.000000 0.000000 1.000000 0.000000 -1.000000 0.000000 0.000000 3703.dat
1 28 -41.889360 -38.000020 -613.833400 0.000000 0.000000 1.000000 0.000000 1.000000 0.000000 -1.000000 0.000000 0.000000 3023b.dat
1 28 -41.889420 -46.000020 -613.833400 0.000000 0.000000 1.000000 0.000000 1.000000 0.000000 -1.000000 0.000000 0.000000 3023b.dat
1 71 -41.889360 -20.000020 -453.833400 -1.000000 0.000000 0.000000 0.000000 1.000000 0.000000 0.000000 0.000000 -1.000000 32054.dat
1 71 -11.889300 -38.000020 -573.833400 1.000000 0.000000 0.000000 0.000000 1.000000 0.000000 0.000000 0.000000 1.000000 3020.dat
1 71 -11.889300 -46.000020 -573.833400 1.000000 0.000000 0.000000 0.000000 1.000000 0.000000 0.000000 0.000000 1.000000 3020.dat
1 19 -61.889360 -38.000020 -453.833400 1.000000 0.000000 0.000000 0.000000 1.000000 0.000000 0.000000 0.000000 1.000000 3021.dat
1 19 -61.889360 -46.000020 -453.833400 1.000000 0.000000 0.000000 0.000000 1.000000 0.000000 0.000000 0.000000 1.000000 3021.dat
1 72 -41.889480 -70.000020 -473.833600 0.000000 0.000000 1.000000 0.000000 1.000000 0.000000 -1.000000 0.000000 0.000000 3703.dat
1 0 -51.889360 -40.000020 -593.833400 1.000000 0.000000 0.000000 0.000000 1.000000 0.000000 0.000000 0.000000 1.000000 15461.dat
1 0 -31.889540 -40.000020 -333.833500 -1.000000 0.000000 0.000000 0.000000 1.000000 0.000000 0.000000 0.000000 -1.000000 15461.dat
1 0 -31.891920 -40.000020 -133.834200 -1.000000 0.000000 0.000000 0.000000 1.000000 0.000000 0.000000 0.000000 -1.000000 15461.dat
0 STEP
0 NOFILE
0 FILE SubModel Group 49
0 SubModel Group 49
0 Name: SubModel Group 49
0 Author: 
0 CustomBrick
0 FlexibleBrickControlPointUnitLength -1
0 FlexibleBrickLockedControlPoint 
0 NumOfBricks 6
1 72 8.000000 -8.000000 -11.999970 0.000000 0.000000 1.000000 0.000000 1.000000 0.000000 -1.000000 0.000000 0.000000 3020.dat
1 71 8.000000 -16.000000 18.000030 1.000000 0.000000 0.000000 0.000000 1.000000 0.000000 0.000000 0.000000 1.000000 30383.dat
1 71 8.000000 -16.000000 -11.999970 -1.000000 0.000000 0.000000 0.000000 1.000000 0.000000 0.000000 0.000000 -1.000000 92582.dat
1 72 -2.000000 -72.000020 -12.000120 0.000000 1.000000 0.000000 0.000000 0.000000 -1.000000 -1.000000 0.000000 0.000000 30553.dat
1 71 -2.000000 -42.000000 -11.999970 0.000000 1.000000 0.000000 0.000000 0.000000 1.000000 1.000000 0.000000 0.000000 30554b.dat
1 71 8.000000 -16.000000 -41.999970 1.000000 0.000000 0.000000 0.000000 1.000000 0.000000 0.000000 0.000000 1.000000 30383.dat
0 NOFILE
0 FILE SubModel Group 43
0 SubModel Group 43
0 Name: SubModel Group 43
0 Author: 
0 CustomBrick
0 FlexibleBrickControlPointUnitLength -1
0 FlexibleBrickLockedControlPoint 
0 NumOfBricks 2
1 0 0.000000 -140.000000 0.001420 0.000000 -0.000001 1.000000 -1.000000 0.000000 0.000000 0.000000 -1.000000 -0.000001 3708.dat
1 72 0.000000 -20.000000 -0.001400 1.000000 0.000000 0.000000 0.000000 0.000000 -1.000000 0.000000 1.000000 0.000000 59443.dat
0 NOFILE
0 FILE SubModel Group 44
0 SubModel Group 44
0 Name: SubModel Group 44
0 Author: 
0 CustomBrick
0 FlexibleBrickControlPointUnitLength -1
0 FlexibleBrickLockedControlPoint 
0 NumOfBricks 3
1 71 0.000000 -16.000000 0.000000 1.000000 0.000000 0.000000 0.000000 1.000000 0.000000 0.000000 0.000000 1.000000 4285b.dat
1 72 0.000000 -24.000000 0.000000 1.000000 0.000000 0.000000 0.000000 1.000000 0.000000 0.000000 0.000000 1.000000 4032a.dat
1 72 0.000000 -32.000000 0.000000 1.000000 0.000000 0.000000 0.000000 1.000000 0.000000 0.000000 0.000000 1.000000 4032a.dat
0 NOFILE
0 FILE SubModel Group 45
0 SubModel Group 45
0 Name: SubModel Group 45
0 Author: 
0 CustomBrick
0 FlexibleBrickControlPointUnitLength -1
0 FlexibleBrickLockedControlPoint 
0 NumOfBricks 4
1 71 0.000000 -32.000000 -20.000000 1.000000 0.000000 0.000000 0.000000 1.000000 0.000000 0.000000 0.000000 1.000000 92947.dat
1 71 0.000000 -32.000000 20.000000 1.000000 0.000000 0.000000 0.000000 1.000000 0.000000 0.000000 0.000000 1.000000 92947.dat
1 71 0.000000 -8.000000 0.000000 0.000000 0.000000 -1.000000 0.000000 1.000000 0.000000 1.000000 0.000000 0.000000 3709b.dat
1 71 0.000000 -40.000000 0.000000 0.000000 0.000000 -1.000000 0.000000 1.000000 0.000000 1.000000 0.000000 0.000000 3709b.dat
0 NOFILE
0 FILE SubModel Group 46
0 SubModel Group 46
0 Name: SubModel Group 46
0 Author: 
0 CustomBrick
0 FlexibleBrickControlPointUnitLength -1
0 FlexibleBrickLockedControlPoint 
0 NumOfBricks 4
1 179 -0.000120 -9.000250 -2.480000 0.000000 0.000000 1.000000 0.000000 1.000000 0.000000 -1.000000 0.000000 0.000000 62462.dat
1 71 0.000120 -9.000259 -27.680010 1.000000 0.000000 0.000000 0.000000 1.000000 0.000000 0.000000 0.000000 1.000000 32123a.dat
1 71 0.000000 -9.000259 3.680010 0.000000 0.000000 -1.000000 0.000000 1.000000 0.000000 1.000000 0.000000 0.000000 44294.dat
1 71 0.000000 -9.000250 22.480010 1.000000 0.000000 0.000000 0.000000 1.000000 0.000000 0.000000 0.000000 1.000000 32123a.dat
0 NOFILE
0 FILE SubModel Group 47
0 SubModel Group 47
0 Name: SubModel Group 47
0 Author: 
0 CustomBrick
0 FlexibleBrickControlPointUnitLength -1
0 FlexibleBrickLockedControlPoint 
0 NumOfBricks 5
1 72 -0.002320 -60.000000 0.000000 0.000000 1.000000 0.000000 0.000000 0.000000 1.000000 1.000000 0.000000 0.000000 59443.dat
1 0 0.000490 -120.000000 0.000020 0.000000 1.000000 0.000000 -1.000000 0.000000 0.000000 0.000000 0.000000 1.000000 3706.dat
1 14 0.000490 -30.000000 0.000000 0.000000 1.000000 0.000000 -1.000000 0.000000 0.000000 0.000000 0.000000 1.000000 4519.dat
1 179 0.000490 -100.000000 0.000020 0.000000 1.000000 0.000000 -1.000000 0.000000 0.000000 0.000000 0.000000 1.000000 62462.dat
1 71 0.000490 -125.000000 0.000020 0.000000 1.000000 0.000000 0.000000 0.000000 -1.000000 -1.000000 0.000000 0.000000 32123a.dat
0 NOFILE
0 FILE SubModel Group 60
0 SubModel Group 60
0 Name: SubModel Group 60
0 Author: 
0 CustomBrick
0 FlexibleBrickControlPointUnitLength -1
0 FlexibleBrickLockedControlPoint 
0 NumOfBricks 46
1 71 83.666750 -4.000000 48.166660 1.000000 0.000000 0.000000 0.000000 -1.000000 0.000000 0.000000 0.000000 -1.000000 32324.dat
1 0 43.666760 -13.999980 68.166660 1.000000 0.000000 0.000000 0.000000 -1.000000 0.000000 0.000000 0.000000 -1.000000 4459.dat
1 0 43.666760 -14.000000 48.166660 1.000000 0.000000 0.000000 0.000000 -1.000000 0.000000 0.000000 0.000000 -1.000000 4459.dat
1 71 3.666750 -4.000000 48.166660 1.000000 0.000000 0.000000 0.000000 -1.000000 0.000000 0.000000 0.000000 -1.000000 32324.dat
1 0 43.666500 -4.000000 -51.833340 1.000000 0.000000 0.000000 0.000000 -1.000000 0.000000 0.000000 0.000000 -1.000000 32532.dat
1 0 83.666760 -14.000000 8.166659 0.000000 0.000000 1.000000 0.000000 -1.000000 0.000000 1.000000 0.000000 0.000000 4459.dat
1 0 3.666500 -14.000000 8.166659 0.000000 0.000000 1.000000 0.000000 -1.000000 0.000000 1.000000 0.000000 0.000000 4459.dat
1 1 -46.333500 -14.000000 -31.833340 -1.000000 0.000000 0.000000 0.000000 -1.000000 0.000000 0.000000 0.000000 1.000000 6558.dat
1 1 -16.333500 -14.000000 -71.833330 1.000000 0.000000 0.000000 0.000000 -1.000000 0.000000 0.000000 0.000000 -1.000000 4274.dat
1 1 -16.333500 -14.000000 -51.833340 1.000000 0.000000 0.000000 0.000000 -1.000000 0.000000 0.000000 0.000000 -1.000000 4274.dat
1 1 103.666500 -14.000000 -71.833330 -1.000000 0.000000 0.000000 0.000000 -1.000000 0.000000 0.000000 0.000000 1.000000 4274.dat
1 1 103.666500 -14.000000 -31.833340 -1.000000 0.000000 0.000000 0.000000 -1.000000 0.000000 0.000000 0.000000 1.000000 4274.dat
1 1 -46.333260 -13.999980 68.166660 -1.000000 0.000000 0.000000 0.000000 -1.000000 0.000000 0.000000 0.000000 1.000000 6558.dat
1 1 -46.333260 -14.000000 48.166660 -1.000000 0.000000 0.000000 0.000000 -1.000000 0.000000 0.000000 0.000000 1.000000 6558.dat
1 72 95.666500 -13.999980 -51.833350 0.000000 1.000000 0.000000 0.000000 0.000000 1.000000 1.000000 0.000000 0.000000 63864.dat
1 72 -8.333500 -14.000000 -51.833340 0.000000 -1.000000 0.000000 0.000000 0.000000 1.000000 -1.000000 0.000000 0.000000 63864.dat
1 71 133.666700 -4.000000 28.166890 0.000000 0.000000 1.000000 0.000000 -1.000000 0.000000 1.000000 0.000000 0.000000 3701.dat
1 1 133.666700 -14.000000 48.166640 -1.000000 0.000000 0.000000 0.000000 -1.000000 0.000000 0.000000 0.000000 1.000000 6558.dat
1 1 133.666700 -14.000000 28.166640 -1.000000 0.000000 0.000000 0.000000 -1.000000 0.000000 0.000000 0.000000 1.000000 6558.dat
1 0 143.666700 -14.000000 8.166659 1.000000 0.000000 0.000000 0.000000 -1.000000 0.000000 0.000000 0.000000 -1.000000 4459.dat
1 71 -46.333500 -4.000000 28.166640 0.000000 0.000000 -1.000000 0.000000 -1.000000 0.000000 -1.000000 0.000000 0.000000 3702.dat
1 0 -116.333500 -4.000000 28.166640 0.000000 0.000000 -1.000000 0.000000 -1.000000 0.000000 -1.000000 0.000000 0.000000 32532.dat
1 0 -176.333500 -14.000000 -31.833360 1.000000 0.000000 0.000000 0.000000 -1.000000 0.000000 0.000000 0.000000 -1.000000 4459.dat
1 0 -176.333500 -14.000000 8.166639 1.000000 0.000000 0.000000 0.000000 -1.000000 0.000000 0.000000 0.000000 -1.000000 4459.dat
1 0 -176.333500 -14.000000 48.166620 1.000000 0.000000 0.000000 0.000000 -1.000000 0.000000 0.000000 0.000000 -1.000000 4459.dat
1 0 -176.333500 -13.999980 88.166640 1.000000 0.000000 0.000000 0.000000 -1.000000 0.000000 0.000000 0.000000 -1.000000 4459.dat
1 71 -76.333500 -27.999980 108.166600 1.000000 0.000000 0.000000 0.000000 -1.000000 0.000000 0.000000 0.000000 -1.000000 3030.dat
1 71 -96.333510 -27.999980 8.166639 1.000000 0.000000 0.000000 0.000000 -1.000000 0.000000 0.000000 0.000000 -1.000000 3036.dat
1 71 83.666750 -28.000000 108.166700 1.000000 0.000000 0.000000 0.000000 -1.000000 0.000000 0.000000 0.000000 -1.000000 30503.dat
1 72 33.666750 -28.000000 108.166600 0.000000 0.000000 -1.000000 0.000000 -1.000000 0.000000 -1.000000 0.000000 0.000000 3710.dat
1 72 123.666700 -28.000020 28.166890 0.000000 0.000000 -1.000000 0.000000 -1.000000 0.000000 -1.000000 0.000000 0.000000 3020.dat
1 72 113.666500 -28.000000 -51.833340 0.000000 0.000000 -1.000000 0.000000 -1.000000 0.000000 -1.000000 0.000000 0.000000 3710.dat
1 72 3.666500 -28.000000 -101.833300 1.000000 0.000000 0.000000 0.000000 -1.000000 0.000000 0.000000 0.000000 -1.000000 3710.dat
1 72 63.666500 -28.000000 -101.833300 1.000000 0.000000 0.000000 0.000000 -1.000000 0.000000 0.000000 0.000000 -1.000000 32028.dat
1 28 -26.333740 -28.000000 -71.833320 0.000000 0.000000 -1.000000 0.000000 -1.000000 0.000000 -1.000000 0.000000 0.000000 3023b.dat
1 28 103.666500 -28.000000 -101.833300 -1.000000 0.000000 0.000000 0.000000 -1.000000 0.000000 0.000000 0.000000 1.000000 3023b.dat
1 72 113.666600 -36.000020 -11.833340 0.000001 0.000000 1.000000 0.000000 -1.000000 0.000000 1.000000 0.000000 0.000000 4510.dat
1 71 83.666750 4.000000 28.166660 1.000000 0.000000 0.000000 0.000000 -1.000000 0.000000 0.000000 0.000000 -1.000000 3032.dat
1 71 -56.333500 -3.999980 138.166600 1.000000 0.000000 0.000000 0.000000 -1.000000 0.000000 0.000000 0.000000 -1.000000 6112.dat
1 71 -16.333250 4.000020 28.166640 1.000000 0.000000 0.000000 0.000000 -1.000000 0.000000 0.000000 0.000000 -1.000000 6179.dat
1 72 -26.333760 -36.000010 -11.833330 0.000000 0.000000 -1.000000 0.000000 -1.000000 0.000000 -1.000000 0.000000 0.000000 4510.dat
1 72 43.666500 -35.999990 -101.833400 -1.000000 0.000000 0.000000 0.000000 -1.000000 0.000000 0.000000 0.000000 1.000000 4510.dat
1 28 -46.333500 4.000000 -31.833320 1.000000 0.000000 0.000000 0.000000 -1.000000 0.000000 0.000000 0.000000 -1.000000 3021.dat
1 72 -56.333740 4.000010 108.166600 0.000000 0.000000 1.000000 0.000000 -1.000000 0.000000 1.000000 0.000000 0.000000 3020.dat
1 72 53.666500 12.000010 28.166660 0.000000 0.000000 1.000000 0.000000 -1.000000 0.000000 1.000000 0.000000 0.000000 3710.dat
1 28 33.666500 12.000000 48.166680 0.000000 0.000000 -1.000000 0.000000 -1.000000 0.000000 -1.000000 0.000000 0.000000 3023b.dat
0 NOFILE
0 FILE SubModel Group 61
0 SubModel Group 61
0 Name: SubModel Group 61
0 Author: 
0 CustomBrick
0 FlexibleBrickControlPointUnitLength -1
0 FlexibleBrickLockedControlPoint 
0 NumOfBricks 4
1 71 -5.455810 -16.000000 14.498900 -0.999964 0.000000 0.000000 0.000000 1.000000 0.000000 0.000000 0.000000 -0.999964 6179.dat
1 71 24.484620 -8.000000 14.498900 0.000000 0.000000 -1.000000 0.000000 1.000000 0.000000 1.000000 0.000000 0.000000 88646.dat
1 71 -35.513430 -8.000000 14.498900 0.000000 0.000000 -1.000000 0.000000 1.000000 0.000000 1.000000 0.000000 0.000000 88646.dat
1 71 24.484620 -24.000000 -15.496670 1.000000 0.000000 0.000000 0.000000 1.000000 0.000000 0.000000 0.000000 1.000000 98138.dat
0 NOFILE
0 FILE SubModel Group 62
0 SubModel Group 62
0 Name: SubModel Group 62
0 Author: 
0 CustomBrick
0 FlexibleBrickControlPointUnitLength -1
0 FlexibleBrickLockedControlPoint 
0 NumOfBricks 6
1 0 -21.040000 -29.000230 -26.333340 0.000000 0.000000 1.000000 1.000000 0.000000 0.000000 0.000000 1.000000 0.000000 45590.dat
1 0 0.000000 -49.000230 -6.333340 0.000000 -1.000000 0.000000 1.000000 0.000000 0.000000 0.000000 0.000000 1.000000 32039.dat
1 28 -20.000000 -67.000230 13.666670 0.000000 0.000000 -1.000000 0.000000 1.000000 0.000000 1.000000 0.000000 0.000000 3023b.dat
1 72 0.000000 -29.000230 -26.333340 0.000000 0.000000 1.000000 0.000000 1.000000 0.000000 -1.000000 0.000000 0.000000 10197.dat
1 72 0.000000 -49.000230 13.666660 0.000000 0.000000 1.000000 1.000000 0.000000 0.000000 0.000000 1.000000 0.000000 10197.dat
1 320 -20.000000 -59.000230 13.666660 0.000000 0.000000 1.000000 0.000000 1.000000 0.000000 -1.000000 0.000000 0.000000 32064c.dat
0 NOFILE
0 FILE SubModel Group 65
0 SubModel Group 65
0 Name: SubModel Group 65
0 Author: 
0 CustomBrick
0 FlexibleBrickControlPointUnitLength -1
0 FlexibleBrickLockedControlPoint 
0 NumOfBricks 11
1 16 -29.695740 1.490000 -2.253540 0.000000 0.000000 1.000000 0.000000 1.000000 0.000000 -1.000000 0.000000 0.000000 submodel group 63
1 16 5.804200 -35.000020 -3.666810 1.000000 0.000000 0.000000 0.000000 1.000000 0.000000 0.000000 0.000000 1.000000 submodel group 64
0 NOFILE
0 FILE SubModel Group 71
0 SubModel Group 71
0 Name: SubModel Group 71
0 Author: 
0 CustomBrick
0 FlexibleBrickControlPointUnitLength -1
0 FlexibleBrickLockedControlPoint 
0 NumOfBricks 5
1 19 -1.999760 -14.000020 -0.000030 0.000000 1.000000 0.000000 0.000000 0.000000 -1.000000 -1.000000 0.000000 0.000000 85984.dat
1 71 8.000239 -24.000000 -0.000030 0.000000 0.000000 1.000000 0.000000 1.000000 0.000000 -1.000000 0.000000 0.000000 11211.dat
1 28 7.999760 -56.000000 0.000000 0.000000 0.000000 1.000000 0.000000 1.000000 0.000000 -1.000000 0.000000 0.000000 3023b.dat
1 71 8.000000 -48.000000 0.000000 0.000000 0.000000 1.000000 0.000000 1.000000 0.000000 -1.000000 0.000000 0.000000 3700.dat
1 0 -2.000000 -38.000000 0.000000 1.000000 0.000000 0.000000 0.000000 1.000000 0.000000 0.000000 0.000000 1.000000 4459.dat
0 NOFILE
0 FILE SubModel Group 73
0 SubModel Group 73
0 Name: SubModel Group 73
0 Author: 
0 CustomBrick
0 FlexibleBrickControlPointUnitLength -1
0 FlexibleBrickLockedControlPoint 
0 NumOfBricks 5
1 28 4.000240 -8.000000 6.000000 0.000000 0.000000 1.000000 0.000000 1.000000 0.000000 -1.000000 0.000000 0.000000 3021.dat
1 19 -6.000000 -16.000000 16.000000 0.000000 0.000000 1.000000 0.000000 1.000000 0.000000 -1.000000 0.000000 0.000000 85984.dat
1 72 -6.000000 -16.000000 16.000000 0.000000 0.000000 1.000000 0.000000 1.000000 0.000000 -1.000000 0.000000 0.000000 32028.dat
1 71 4.000240 -16.000000 -14.000000 1.000000 0.000000 0.000000 0.000000 1.000000 0.000000 0.000000 0.000000 1.000000 2412b.dat
1 71 14.000000 -32.000000 16.000000 0.000000 0.000000 1.000000 0.000000 1.000000 0.000000 -1.000000 0.000000 0.000000 3700.dat
0 NOFILE
0 FILE SubModel Group 75
0 SubModel Group 75
0 Name: SubModel Group 75
0 Author: 
0 CustomBrick
0 FlexibleBrickControlPointUnitLength -1
0 FlexibleBrickLockedControlPoint 
0 NumOfBricks 5
1 28 -4.000000 -8.000000 6.000010 0.000000 0.000000 -1.000000 0.000000 1.000000 0.000000 1.000000 0.000000 0.000000 3021.dat
1 19 5.999760 -16.000030 16.000000 0.000000 0.000000 -1.000000 0.000000 1.000000 0.000000 1.000000 0.000000 0.000000 85984.dat
1 72 5.999760 -16.000020 16.000000 0.000000 0.000000 -1.000000 0.000000 1.000000 0.000000 1.000000 0.000000 0.000000 32028.dat
1 71 -4.000000 -15.999980 -13.999980 -1.000000 0.000000 0.000000 0.000000 1.000000 0.000000 0.000000 0.000000 -1.000000 2412b.dat
1 71 -14.000000 -32.000000 16.000010 0.000000 0.000000 -1.000000 0.000000 1.000000 0.000000 1.000000 0.000000 0.000000 3700.dat
0 NOFILE
0 FILE SubModel Group 78
0 SubModel Group 78
0 Name: SubModel Group 78
0 Author: 
0 CustomBrick
0 FlexibleBrickControlPointUnitLength -1
0 FlexibleBrickLockedControlPoint 
0 NumOfBricks 4
1 72 -0.000730 -16.000000 -10.000060 0.000000 0.000000 1.000001 0.000000 1.000000 0.000000 -1.000001 0.000000 0.000000 63868.dat
1 0 -0.000730 -24.000000 -20.000060 1.000001 0.000000 0.000000 0.000000 1.000000 0.000000 0.000000 0.000000 1.000001 3024.dat
1 0 0.000980 -8.000000 10.000060 -1.000000 0.000000 0.000000 0.000000 1.000000 0.000000 0.000000 0.000000 -1.000000 11477.dat
1 0 0.000980 -8.000000 20.000060 1.000000 0.000000 0.000000 0.000000 1.000000 0.000000 0.000000 0.000000 1.000000 3024.dat
0 NOFILE
0 FILE SubModel Group 79
0 SubModel Group 79
0 Name: SubModel Group 79
0 Author: 
0 CustomBrick
0 FlexibleBrickControlPointUnitLength -1
0 FlexibleBrickLockedControlPoint 
0 NumOfBricks 3
1 72 0.000000 -8.000000 0.000000 1.000000 0.000000 0.000000 0.000000 1.000000 0.000000 0.000000 0.000000 1.000000 4032a.dat
1 0 -10.000240 -16.000000 0.000000 0.000000 0.000000 1.000000 0.000000 1.000000 0.000000 -1.000000 0.000000 0.000000 2540.dat
1 0 9.999760 -16.000000 0.000000 0.000000 0.000000 -1.000000 0.000000 1.000000 0.000000 1.000000 0.000000 0.000000 3069b.dat
0 NOFILE
0 FILE SubModel Group 81
0 SubModel Group 81
0 Name: SubModel Group 81
0 Author: 
0 CustomBrick
0 FlexibleBrickControlPointUnitLength -1
0 FlexibleBrickLockedControlPoint 
0 NumOfBricks 5
1 28 -30.074410 -8.000000 -20.038150 1.000000 0.000000 0.000000 0.000000 1.000000 0.000000 0.000000 0.000000 1.000000 3021.dat
1 71 -10.074460 -16.000000 -30.038160 1.000000 0.000000 0.000000 0.000000 1.000000 0.000000 0.000000 0.000000 1.000000 3024.dat
1 72 -50.074460 -16.000000 -30.038160 1.000000 0.000000 0.000000 0.000000 1.000000 0.000000 0.000000 0.000000 1.000000 2420.dat
1 28 -20.074460 -24.000000 -20.038160 0.000000 0.000000 -1.000000 0.000000 1.000000 0.000000 1.000000 0.000000 0.000000 51739.dat
0 STEP
1 72 -0.074360 -16.000000 -0.038100 -1.000000 0.000000 0.000000 0.000000 1.000000 0.000000 0.000000 0.000000 -1.000000 2430.dat
0 STEP
0 NOFILE
0 FILE SubModel Group 82
0 SubModel Group 82
0 Name: SubModel Group 82
0 Author: 
0 CustomBrick
0 FlexibleBrickControlPointUnitLength -1
0 FlexibleBrickLockedControlPoint 
0 NumOfBricks 4
1 28 0.000240 -8.000000 35.500000 0.000000 0.000000 1.000000 0.000000 1.000000 0.000000 -1.000000 0.000000 0.000000 3021.dat
1 28 0.000000 -24.000000 25.500000 1.000000 0.000000 0.000000 0.000000 1.000000 0.000000 0.000000 0.000000 1.000000 51739.dat
0 STEP
1 72 20.000240 -16.000000 5.499970 0.000000 0.000000 -1.000000 0.000000 1.000000 0.000000 1.000000 0.000000 0.000000 2430.dat
0 STEP
1 72 -20.000000 -16.000000 5.500000 0.000001 0.000000 1.000000 0.000000 1.000000 0.000000 -1.000000 0.000000 0.000001 2429.dat
0 STEP
0 NOFILE
0 FILE SubModel Group 83
0 SubModel Group 83
0 Name: SubModel Group 83
0 Author: 
0 CustomBrick
0 FlexibleBrickControlPointUnitLength -1
0 FlexibleBrickLockedControlPoint 
0 NumOfBricks 5
1 28 20.000000 -8.000000 30.000000 0.000000 0.000000 -1.000000 0.000000 1.000000 0.000000 1.000000 0.000000 0.000000 3021.dat
1 72 30.000000 -16.000000 50.000000 -1.000000 0.000000 0.000000 0.000000 1.000000 0.000000 0.000000 0.000000 -1.000000 2420.dat
1 71 30.000000 -16.000000 10.000000 1.000000 0.000000 0.000000 0.000000 1.000000 0.000000 0.000000 0.000000 1.000000 3024.dat
1 28 20.000000 -24.000000 20.000000 1.000000 0.000000 0.000000 0.000000 1.000000 0.000000 0.000000 0.000000 1.000000 51739.dat
0 STEP
1 72 0.000000 -16.000000 0.000000 0.000000 0.000000 1.000000 0.000000 1.000000 0.000000 -1.000000 0.000000 0.000000 2429.dat
0 STEP
0 NOFILE
0 FILE SubModel Group 1 Copy
0 SubModel Group 1
0 Name: SubModel Group 1
0 Author: 
0 CustomBrick
0 FlexibleBrickControlPointUnitLength -1
0 FlexibleBrickLockedControlPoint 
0 NumOfBricks 7
1 71 202.428600 -24.000000 -7.571430 1.000000 0.000000 0.000000 0.000000 1.000000 0.000000 0.000000 0.000000 1.000000 3895.dat
1 72 -17.571430 -24.000000 12.428570 1.000000 0.000000 0.000000 0.000000 1.000000 0.000000 0.000000 0.000000 1.000000 3703.dat
1 0 122.428600 -14.000000 2.428590 0.000000 0.000000 1.000000 0.000000 1.000000 0.000000 -1.000000 0.000000 0.000000 4459.dat
1 0 102.428600 -14.000000 2.428570 0.000000 0.000000 1.000000 0.000000 1.000000 0.000000 -1.000000 0.000000 0.000000 4459.dat
1 0 -157.571400 -14.000000 2.428570 0.000000 0.000000 1.000000 0.000000 1.000000 0.000000 -1.000000 0.000000 0.000000 4459.dat
1 0 -137.571400 -14.000000 2.428590 0.000000 0.000000 1.000000 0.000000 1.000000 0.000000 -1.000000 0.000000 0.000000 4459.dat
1 72 -177.571400 -24.000000 -7.571430 1.000000 0.000000 0.000000 0.000000 1.000000 0.000000 0.000000 0.000000 1.000000 3894.dat
0 NOFILE
0 FILE SubModel Group 2 Copy
0 SubModel Group 2
0 Name: SubModel Group 2
0 Author: 
0 CustomBrick
0 FlexibleBrickControlPointUnitLength -1
0 FlexibleBrickLockedControlPoint 
0 NumOfBricks 10
1 72 -39.999990 -32.000000 -36.000000 1.000000 0.000000 0.000000 0.000000 1.000000 0.000000 0.000000 0.000000 1.000000 3703.dat
1 0 100.000000 -22.000000 -26.000000 0.000000 0.000000 1.000000 0.000000 1.000000 0.000000 -1.000000 0.000000 0.000000 4459.dat
1 0 80.000010 -22.000000 -26.000000 0.000000 0.000000 1.000000 0.000000 1.000000 0.000000 -1.000000 0.000000 0.000000 4459.dat
1 0 -180.000000 -22.000000 -26.000000 0.000000 0.000000 1.000000 0.000000 1.000000 0.000000 -1.000000 0.000000 0.000000 4459.dat
1 0 -160.000000 -22.000000 -26.000000 0.000000 0.000000 1.000000 0.000000 1.000000 0.000000 -1.000000 0.000000 0.000000 4459.dat
1 72 -200.000000 -32.000000 -16.000000 1.000000 0.000000 0.000000 0.000000 1.000000 0.000000 0.000000 0.000000 1.000000 3894.dat
1 71 180.000000 -32.000000 -16.000000 1.000000 0.000000 0.000000 0.000000 1.000000 0.000000 0.000000 0.000000 1.000000 3895.dat
1 19 80.000000 -8.000000 14.000010 0.000000 0.000000 1.000000 0.000000 1.000000 0.000000 -1.000000 0.000000 0.000000 3035.dat
1 71 240.000000 -8.000000 14.000000 1.000000 0.000000 0.000000 0.000000 1.000000 0.000000 0.000000 0.000000 1.000000 41539.dat
1 71 -200.000000 -8.000000 14.000000 1.000000 0.000000 0.000000 0.000000 1.000000 0.000000 0.000000 0.000000 1.000000 41539.dat
0 NOFILE
0 FILE SubModel Group 1 Copy 5
0 SubModel Group 1
0 Name: SubModel Group 1
0 Author: 
0 CustomBrick
0 FlexibleBrickControlPointUnitLength -1
0 FlexibleBrickLockedControlPoint 
0 NumOfBricks 5
1 72 8.000000 -24.000000 -6.000000 1.000000 0.000000 0.000000 0.000000 1.000000 0.000000 0.000000 0.000000 1.000000 3703.dat
1 0 148.000000 -14.000000 3.999990 0.000000 0.000000 1.000000 0.000000 1.000000 0.000000 -1.000000 0.000000 0.000000 4459.dat
1 0 108.000000 -14.000000 4.000000 0.000000 0.000000 1.000000 0.000000 1.000000 0.000000 -1.000000 0.000000 0.000000 4459.dat
1 0 -132.000000 -14.000000 3.999990 0.000000 0.000000 1.000000 0.000000 1.000000 0.000000 -1.000000 0.000000 0.000000 4459.dat
1 0 -112.000000 -14.000000 3.999990 0.000000 0.000000 1.000000 0.000000 1.000000 0.000000 -1.000000 0.000000 0.000000 4459.dat
0 NOFILE
0 FILE SubModel Group 4 Copy 3
0 SubModel Group 4
0 Name: SubModel Group 4
0 Author: 
0 CustomBrick
0 FlexibleBrickControlPointUnitLength -1
0 FlexibleBrickLockedControlPoint 
0 NumOfBricks 17
1 72 -13.666660 -24.000000 18.444440 1.000000 0.000000 0.000000 0.000000 1.000000 0.000000 0.000000 0.000000 1.000000 3703.dat
1 16 -153.666600 0.000000 18.444440 1.000000 0.000000 0.000000 0.000000 1.000000 0.000000 0.000000 0.000000 1.000000 submodel group 2 copy 4
1 16 -93.666690 -4.999750 -11.555570 0.000000 0.000000 1.000000 0.000000 1.000000 0.000000 -1.000000 0.000000 0.000000 submodel group 3 copy 4
1 0 -113.666700 -14.000000 8.444429 0.000000 0.000000 1.000000 0.000000 1.000000 0.000000 -1.000000 0.000000 0.000000 4459.dat
1 16 -53.666660 -4.999750 -11.555560 0.000000 0.000000 1.000000 0.000000 1.000000 0.000000 -1.000000 0.000000 0.000000 submodel group 3 copy 4
1 16 106.333300 -4.999750 -11.555560 0.000000 0.000000 1.000000 0.000000 1.000000 0.000000 -1.000000 0.000000 0.000000 submodel group 3 copy 4
1 0 86.333350 -14.000000 8.444429 0.000000 0.000000 1.000000 0.000000 1.000000 0.000000 -1.000000 0.000000 0.000000 4459.dat
1 0 46.333340 -14.000000 8.444429 0.000000 0.000000 1.000000 0.000000 1.000000 0.000000 -1.000000 0.000000 0.000000 4459.dat
1 71 126.333300 -14.000000 8.444429 0.000000 0.000000 1.000000 0.000000 1.000000 0.000000 -1.000000 0.000000 0.000000 4274.dat
0 NOFILE
0 FILE SubModel Group 7 Copy 2
0 SubModel Group 7
0 Name: SubModel Group 7
0 Author: 
0 CustomBrick
0 FlexibleBrickControlPointUnitLength -1
0 FlexibleBrickLockedControlPoint 
0 NumOfBricks 6
1 72 0.333340 -8.000000 -9.666659 1.000000 0.000000 0.000000 0.000000 1.000000 0.000000 0.000000 0.000000 1.000000 60474.dat
1 71 -1.666660 -34.600000 -11.666660 1.000000 0.000000 0.000000 0.000000 1.000000 0.000000 0.000000 0.000000 1.000000 3960.dat
1 72 0.333340 -16.000000 -39.666660 1.000000 0.000000 0.000000 0.000000 1.000000 0.000000 0.000000 0.000000 1.000000 2540.dat
1 179 -9.666659 -16.000000 20.333340 1.000000 0.000000 0.000000 0.000000 1.000000 0.000000 0.000000 0.000000 1.000000 6141.dat
1 179 10.333340 -16.000000 20.333340 1.000000 0.000000 0.000000 0.000000 1.000000 0.000000 0.000000 0.000000 1.000000 6141.dat
1 71 0.333340 -16.000000 -9.666659 1.000000 0.000000 0.000000 0.000000 1.000000 0.000000 0.000000 0.000000 1.000000 3022.dat
0 NOFILE
0 FILE SubModel Group 8 Copy 2
0 SubModel Group 8
0 Name: SubModel Group 8
0 Author: 
0 CustomBrick
0 FlexibleBrickControlPointUnitLength -1
0 FlexibleBrickLockedControlPoint 
0 NumOfBricks 27
1 71 0.000000 -8.000000 2.296300 1.000000 0.000000 0.000000 0.000000 1.000000 0.000000 0.000000 0.000000 1.000000 3034.dat
1 0 0.000000 -32.000000 2.296300 1.000000 0.000000 0.000000 0.000000 1.000000 0.000000 0.000000 0.000000 1.000000 3003.dat
1 71 -70.000020 -32.000000 2.296260 0.000000 0.000000 -1.000000 0.000000 1.000000 0.000000 1.000000 0.000000 0.000000 2877.dat
1 71 70.000000 -32.000000 2.296260 0.000000 0.000000 -1.000000 0.000000 1.000000 0.000000 1.000000 0.000000 0.000000 2877.dat
1 71 0.000000 -56.000000 -7.703700 1.000000 0.000000 0.000000 0.000000 1.000000 0.000000 0.000000 0.000000 1.000000 2877.dat
1 71 -70.000020 -56.000000 -7.703740 1.000000 0.000000 0.000000 0.000000 1.000000 0.000000 0.000000 0.000000 1.000000 3005.dat
1 71 70.000000 -56.000000 -7.703740 1.000000 0.000000 0.000000 0.000000 1.000000 0.000000 0.000000 0.000000 1.000000 3005.dat
1 72 -40.000000 -88.000000 2.296300 -1.000000 0.000000 0.000000 0.000000 1.000000 0.000000 0.000000 0.000000 -1.000000 18974.dat
1 72 40.000000 -88.000000 2.296300 -1.000000 0.000000 0.000000 0.000000 1.000000 0.000000 0.000000 0.000000 -1.000000 18974.dat
1 28 0.000000 -80.000000 -7.703700 1.000000 0.000000 0.000000 0.000000 1.000000 0.000000 0.000000 0.000000 1.000000 3023b.dat
1 28 0.000000 -72.000000 -7.703700 1.000000 0.000000 0.000000 0.000000 1.000000 0.000000 0.000000 0.000000 1.000000 3023b.dat
1 179 -70.000000 -80.000000 -7.703700 1.000000 0.000000 0.000000 0.000000 1.000000 0.000000 0.000000 0.000000 1.000000 6141.dat
1 179 -70.000000 -72.000000 -7.703700 1.000000 0.000000 0.000000 0.000000 1.000000 0.000000 0.000000 0.000000 1.000000 6141.dat
1 179 70.000000 -72.000000 -7.703700 1.000000 0.000000 0.000000 0.000000 1.000000 0.000000 0.000000 0.000000 1.000000 6141.dat
1 179 70.000000 -80.000000 -7.703700 1.000000 0.000000 0.000000 0.000000 1.000000 0.000000 0.000000 0.000000 1.000000 6141.dat
1 71 -10.000000 -80.000000 2.296300 -1.000000 0.000000 0.000000 0.000000 1.000000 0.000000 0.000000 0.000000 -1.000000 61409b.dat
1 71 10.000000 -80.000000 2.296300 -1.000000 0.000000 0.000000 0.000000 1.000000 0.000000 0.000000 0.000000 -1.000000 61409b.dat
1 71 -70.000000 -80.000000 2.296300 -1.000000 0.000000 0.000000 0.000000 1.000000 0.000000 0.000000 0.000000 -1.000000 61409b.dat
1 71 70.000000 -80.000000 2.296300 -1.000000 0.000000 0.000000 0.000000 1.000000 0.000000 0.000000 0.000000 -1.000000 61409b.dat
1 28 40.000000 -96.000000 -7.703700 1.000000 0.000000 0.000000 0.000000 1.000000 0.000000 0.000000 0.000000 1.000000 3023b.dat
1 28 -40.000000 -96.000000 -7.703700 1.000000 0.000000 0.000000 0.000000 1.000000 0.000000 0.000000 0.000000 1.000000 3023b.dat
1 72 50.000000 -112.000000 -7.703700 0.000000 0.000000 1.000000 0.000000 1.000000 0.000000 -1.000000 0.000000 0.000000 15712.dat
1 72 30.000000 -112.000000 -7.703700 0.000000 0.000000 1.000000 0.000000 1.000000 0.000000 -1.000000 0.000000 0.000000 15712.dat
1 72 -50.000000 -112.000000 -7.703740 0.000000 0.000000 -1.000000 0.000000 1.000000 0.000000 1.000000 0.000000 0.000000 15712.dat
1 72 -30.000000 -112.000000 -7.703740 0.000000 0.000000 -1.000000 0.000000 1.000000 0.000000 1.000000 0.000000 0.000000 15712.dat
1 72 -40.000000 -104.000000 -7.703700 -1.000000 0.000000 0.000000 0.000000 1.000000 0.000000 0.000000 0.000000 -1.000000 2540.dat
1 72 40.000000 -104.000000 -7.703700 -1.000000 0.000000 0.000000 0.000000 1.000000 0.000000 0.000000 0.000000 -1.000000 2540.dat
0 NOFILE
0 FILE SubModel Group 3
0 SubModel Group 3
0 Name: SubModel Group 3
0 Author: 
0 CustomBrick
0 FlexibleBrickControlPointUnitLength -1
0 FlexibleBrickLockedControlPoint 
0 NumOfBricks 68
1 16 7.919360 -40.000000 -10.099430 1.000000 0.000000 0.000000 0.000000 1.000000 0.000000 0.000000 0.000000 1.000000 submodel group 1
1 16 0.080640 0.000000 0.099430 1.000000 0.000000 0.000000 0.000000 1.000000 0.000000 0.000000 0.000000 1.000000 submodel group 2
0 NOFILE
0 FILE SubModel Group 4
0 SubModel Group 4
0 Name: SubModel Group 4
0 Author: 
0 CustomBrick
0 FlexibleBrickControlPointUnitLength -1
0 FlexibleBrickLockedControlPoint 
0 NumOfBricks 0
0 NOFILE
0 FILE SubModel Group 7
0 SubModel Group 7
0 Name: SubModel Group 7
0 Author: 
0 CustomBrick
0 FlexibleBrickControlPointUnitLength -1
0 FlexibleBrickLockedControlPoint 
0 NumOfBricks 15
1 71 -43.666690 -24.000000 -51.555560 0.000000 0.000000 1.000000 0.000000 1.000000 0.000000 -1.000000 0.000000 0.000000 3895.dat
1 0 -33.666690 -14.000000 48.444440 1.000000 0.000000 0.000000 0.000000 1.000000 0.000000 0.000000 0.000000 1.000000 4459.dat
1 16 -9.166690 0.000000 48.444480 1.000000 0.000000 0.000000 0.000000 1.000000 0.000000 0.000000 0.000000 1.000000 submodel group 5
1 16 -18.166690 0.000000 -171.555600 1.000000 0.000000 0.000000 0.000000 1.000000 0.000000 0.000000 0.000000 1.000000 submodel group 6
0 STEP
1 71 86.333320 -24.000000 118.444400 -1.000000 0.000000 0.000000 0.000000 1.000000 0.000000 0.000000 0.000000 -1.000000 3702.dat
1 0 16.333310 -24.000000 58.444440 1.000000 0.000000 0.000000 0.000000 1.000000 0.000000 0.000000 0.000000 1.000000 32555.dat
1 0 26.333310 -14.000000 108.444500 0.000000 0.000000 -1.000000 0.000000 1.000000 0.000000 1.000000 0.000000 0.000000 4459.dat
1 0 46.333320 -14.000000 108.444500 0.000000 0.000000 -1.000000 0.000000 1.000000 0.000000 1.000000 0.000000 0.000000 4459.dat
1 72 -43.666690 -24.000000 -231.555600 0.000000 0.000000 1.000000 0.000000 1.000000 0.000000 -1.000000 0.000000 0.000000 3894.dat
0 STEP
0 NOFILE
0 FILE SubModel Group 8
0 SubModel Group 8
0 Name: SubModel Group 8
0 Author: 
0 CustomBrick
0 FlexibleBrickControlPointUnitLength -1
0 FlexibleBrickLockedControlPoint 
0 NumOfBricks 21
1 70 0.000000 -24.000000 -3.666660 1.000000 0.000000 0.000000 0.000000 1.000000 0.000000 0.000000 0.000000 1.000000 3701.dat
1 0 -20.000000 -14.000000 6.333310 0.000000 0.000000 -1.000000 0.000000 1.000000 0.000000 1.000000 0.000000 0.000000 4459.dat
1 0 20.000030 -14.000000 6.333310 0.000000 0.000000 -1.000000 0.000000 1.000000 0.000000 1.000000 0.000000 0.000000 4459.dat
1 19 120.000000 -40.000000 16.333310 1.000000 0.000000 0.000000 0.000000 1.000000 0.000000 0.000000 0.000000 1.000000 3460.dat
1 72 60.000030 -24.000000 16.333310 1.000000 0.000000 0.000000 0.000000 1.000000 0.000000 0.000000 0.000000 1.000000 3894.dat
1 19 120.000000 -32.000000 16.333310 1.000000 0.000000 0.000000 0.000000 1.000000 0.000000 0.000000 0.000000 1.000000 3460.dat
1 71 0.000000 -40.000000 6.333340 1.000000 0.000000 0.000000 0.000000 1.000000 0.000000 0.000000 0.000000 1.000000 3020.dat
1 71 0.000000 -32.000000 6.333340 1.000000 0.000000 0.000000 0.000000 1.000000 0.000000 0.000000 0.000000 1.000000 3020.dat
1 71 -120.000000 -24.000000 16.333310 1.000000 0.000000 0.000000 0.000000 1.000000 0.000000 0.000000 0.000000 1.000000 3895.dat
1 0 -230.000000 -24.000000 -43.666690 1.000000 0.000000 0.000000 0.000000 1.000000 0.000000 0.000000 0.000000 1.000000 32555.dat
1 0 -220.000000 -14.000000 6.333310 0.000000 0.000000 -1.000000 0.000000 1.000000 0.000000 1.000000 0.000000 0.000000 4459.dat
1 15 -250.000000 -32.000000 -3.666700 -1.000000 0.000000 0.000000 0.000000 1.000000 0.000000 0.000000 0.000000 -1.000000 2450.dat
1 15 -250.000000 -40.000000 -3.666700 -1.000000 0.000000 0.000000 0.000000 1.000000 0.000000 0.000000 0.000000 -1.000000 2450.dat
1 28 -280.000000 -32.000000 -63.666700 0.000000 0.000000 -1.000000 0.000000 1.000000 0.000000 1.000000 0.000000 0.000000 3021.dat
1 0 -280.000000 -14.000000 -53.666690 1.000000 0.000000 0.000000 0.000000 1.000000 0.000000 0.000000 0.000000 1.000000 4459.dat
1 28 -280.000000 -40.000000 -63.666740 0.000000 0.000000 -1.000000 0.000000 1.000000 0.000000 1.000000 0.000000 0.000000 3021.dat
1 71 -290.000000 -24.000000 -113.666700 0.000000 0.000000 -1.000000 0.000000 1.000000 0.000000 1.000000 0.000000 0.000000 3702.dat
1 0 -280.000000 -14.000000 -73.666690 1.000000 0.000000 0.000000 0.000000 1.000000 0.000000 0.000000 0.000000 1.000000 4459.dat
1 72 -272.000000 -14.000000 -133.666700 0.000000 -1.000000 0.000000 0.000000 0.000000 -1.000000 1.000000 0.000000 0.000000 63864.dat
1 1 -280.000000 -14.000000 -133.666700 1.000000 0.000000 0.000000 0.000000 1.000000 0.000000 0.000000 0.000000 1.000000 4274.dat
1 1 -280.000000 -14.000000 -113.666700 1.000000 0.000000 0.000000 0.000000 1.000000 0.000000 0.000000 0.000000 1.000000 4274.dat
0 NOFILE
0 FILE SubModel Group 11
0 SubModel Group 11
0 Name: SubModel Group 11
0 Author: 
0 CustomBrick
0 FlexibleBrickControlPointUnitLength -1
0 FlexibleBrickLockedControlPoint 
0 NumOfBricks 18
1 0 -48.000000 -24.000000 -8.250000 1.000000 0.000000 0.000000 0.000000 1.000000 0.000000 0.000000 0.000000 1.000000 32555.dat
1 71 -108.000000 -24.000000 -78.250000 0.000000 0.000000 -1.000000 0.000000 1.000000 0.000000 1.000000 0.000000 0.000000 3702.dat
1 0 -98.000000 -14.000000 -18.250000 1.000000 0.000000 0.000000 0.000000 1.000000 0.000000 0.000000 0.000000 1.000000 4459.dat
1 0 -98.000000 -14.000000 -38.250000 1.000000 0.000000 0.000000 0.000000 1.000000 0.000000 0.000000 0.000000 1.000000 4459.dat
1 1 -98.000000 -14.000000 -98.250000 1.000000 0.000000 0.000000 0.000000 1.000000 0.000000 0.000000 0.000000 1.000000 4274.dat
1 1 -98.000000 -14.000000 -78.250000 1.000000 0.000000 0.000000 0.000000 1.000000 0.000000 0.000000 0.000000 1.000000 4274.dat
1 72 -90.000000 -14.000000 -98.250000 0.000000 -1.000000 0.000000 0.000000 0.000000 -1.000000 1.000000 0.000000 0.000000 63864.dat
1 0 -38.000030 -14.000000 41.749940 0.000000 0.000000 -1.000000 0.000000 1.000000 0.000000 1.000000 0.000000 0.000000 4459.dat
1 16 -38.000000 0.000000 17.250060 1.000000 0.000000 0.000000 0.000000 1.000000 0.000000 0.000000 0.000000 1.000000 submodel group 9
1 71 61.999970 -24.000000 51.749940 1.000000 0.000000 0.000000 0.000000 1.000000 0.000000 0.000000 0.000000 1.000000 3895.dat
1 16 182.000000 0.000000 27.250000 1.000000 0.000000 0.000000 0.000000 1.000000 0.000000 0.000000 0.000000 1.000000 submodel group 10
1 72 242.000000 -24.000000 51.750060 1.000000 0.000000 0.000000 0.000000 1.000000 0.000000 0.000000 0.000000 1.000000 3894.dat
0 NOFILE
0 FILE SubModel Group 15
0 SubModel Group 15
0 Name: SubModel Group 15
0 Author: 
0 CustomBrick
0 FlexibleBrickControlPointUnitLength -1
0 FlexibleBrickLockedControlPoint 
0 NumOfBricks 3
1 70 3.666670 -24.000000 0.000000 0.000000 0.000000 -1.000000 0.000000 1.000000 0.000000 1.000000 0.000000 0.000000 3701.dat
1 0 -6.333330 -14.000000 20.000000 1.000000 0.000000 0.000000 0.000000 1.000000 0.000000 0.000000 0.000000 1.000000 4459.dat
1 0 -6.333340 -14.000000 -20.000000 1.000000 0.000000 0.000000 0.000000 1.000000 0.000000 0.000000 0.000000 1.000000 4459.dat
0 NOFILE
0 FILE SubModel Group 18
0 SubModel Group 18
0 Name: SubModel Group 18
0 Author: 
0 CustomBrick
0 FlexibleBrickControlPointUnitLength -1
0 FlexibleBrickLockedControlPoint 
0 NumOfBricks 13
1 0 -56.077000 -24.000000 9.615359 0.000000 0.000000 1.000000 0.000000 1.000000 0.000000 -1.000000 0.000000 0.000000 32532.dat
1 1 13.923000 -14.000000 69.615360 1.000000 0.000000 0.000000 0.000000 1.000000 0.000000 0.000000 0.000000 1.000000 6558.dat
1 0 3.923000 -14.000000 9.615359 1.000000 0.000000 0.000000 0.000000 1.000000 0.000000 0.000000 0.000000 1.000000 4459.dat
1 72 13.923000 -24.000000 149.615300 0.000000 0.000000 1.000000 0.000000 1.000000 0.000000 -1.000000 0.000000 0.000000 3703.dat
1 0 23.923000 -14.000000 109.615300 1.000000 0.000000 0.000000 0.000000 1.000000 0.000000 0.000000 0.000000 1.000000 4459.dat
1 0 13.923060 -24.000000 -150.384600 0.000000 0.000000 1.000000 0.000000 1.000000 0.000000 -1.000000 0.000000 0.000000 32018.dat
1 0 3.923000 -14.000000 -30.384640 1.000000 0.000000 0.000000 0.000000 1.000000 0.000000 0.000000 0.000000 1.000000 4459.dat
1 0 23.923000 -14.000000 -90.384650 1.000000 0.000000 0.000000 0.000000 1.000000 0.000000 0.000000 0.000000 1.000000 4459.dat
1 1 13.923060 -14.000000 -50.384640 -1.000000 0.000000 0.000000 0.000000 1.000000 0.000000 0.000000 0.000000 -1.000000 6558.dat
1 0 73.923130 -24.000000 -60.384640 1.000000 0.000000 0.000000 0.000000 1.000000 0.000000 0.000000 0.000000 1.000000 32555.dat
1 0 73.923130 -24.000000 79.615300 0.000000 0.000000 -1.000000 0.000000 1.000000 0.000000 1.000000 0.000000 0.000000 32555.dat
1 71 -56.077000 -32.000000 79.615360 1.000000 0.000000 0.000000 0.000000 1.000000 0.000000 0.000000 0.000000 1.000000 3710.dat
1 71 -56.076940 -32.000000 -60.384640 1.000000 0.000000 0.000000 0.000000 1.000000 0.000000 0.000000 0.000000 1.000000 3710.dat
0 NOFILE
0 FILE SubModel Group 19
0 SubModel Group 19
0 Name: SubModel Group 19
0 Author: 
0 CustomBrick
0 FlexibleBrickControlPointUnitLength -1
0 FlexibleBrickLockedControlPoint 
0 NumOfBricks 27
1 72 -2.296810 -24.000000 144.196000 0.000000 0.000000 -1.000000 0.000000 1.000000 0.000000 1.000000 0.000000 0.000000 3703.dat
1 0 -12.296810 -14.000000 4.196040 1.000000 0.000000 0.000000 0.000000 1.000000 0.000000 0.000000 0.000000 1.000000 4459.dat
1 0 7.703190 -14.000000 104.196000 1.000000 0.000000 0.000000 0.000000 1.000000 0.000000 0.000000 0.000000 1.000000 4459.dat
1 1 -2.296810 -14.000000 64.196040 1.000000 0.000000 0.000000 0.000000 1.000000 0.000000 0.000000 0.000000 1.000000 6558.dat
1 0 -72.296820 -24.000000 4.195920 0.000000 0.000000 1.000000 0.000000 1.000000 0.000000 -1.000000 0.000000 0.000000 32532.dat
1 0 -2.293990 -24.000000 -155.700600 0.000000 0.000000 1.000000 0.000000 1.000000 0.000000 -1.000000 0.000000 0.000000 32018.dat
1 0 -12.300320 -14.000000 -35.803840 1.000111 0.000000 0.000000 0.000000 1.000000 0.000000 0.000000 0.000000 1.000111 4459.dat
1 0 7.702600 -14.000000 -95.805660 1.000111 0.000000 0.000000 0.000000 1.000000 0.000000 0.000000 0.000000 1.000111 4459.dat
1 1 -2.296810 -14.000000 -55.804080 1.000111 0.000000 0.000000 0.000000 1.000000 0.000000 0.000000 0.000000 1.000111 6558.dat
1 0 57.703180 -24.000000 74.195920 0.000000 0.000000 -1.000000 0.000000 1.000000 0.000000 1.000000 0.000000 0.000000 32555.dat
1 0 57.702600 -24.000000 -65.805660 1.000000 0.000000 0.000000 0.000000 1.000000 0.000000 0.000000 0.000000 1.000000 32555.dat
1 71 7.705990 -32.000000 -75.700680 0.000000 0.000000 1.000000 0.000000 1.000000 0.000000 -1.000000 0.000000 0.000000 3020.dat
1 71 7.705980 -40.000000 -75.700820 0.000000 0.000000 1.000000 0.000000 1.000000 0.000000 -1.000000 0.000000 0.000000 3020.dat
1 71 7.703170 -32.000000 84.195800 0.000000 0.000000 1.000000 0.000000 1.000000 0.000000 -1.000000 0.000000 0.000000 3020.dat
1 71 7.703160 -40.000000 84.195680 0.000000 0.000000 1.000000 0.000000 1.000000 0.000000 -1.000000 0.000000 0.000000 3020.dat
1 71 47.702600 -32.000000 -25.805660 1.000000 0.000000 0.000000 0.000000 1.000000 0.000000 0.000000 0.000000 1.000000 3666.dat
1 71 47.702600 -40.000000 -25.805660 1.000000 0.000000 0.000000 0.000000 1.000000 0.000000 0.000000 0.000000 1.000000 3666.dat
1 71 47.703180 -32.000000 34.195920 1.000000 0.000000 0.000000 0.000000 1.000000 0.000000 0.000000 0.000000 1.000000 3666.dat
1 71 47.703180 -40.000000 34.195920 1.000000 0.000000 0.000000 0.000000 1.000000 0.000000 0.000000 0.000000 1.000000 3666.dat
1 19 -2.294000 -32.000000 -295.700700 0.000000 0.000000 -1.000000 0.000000 1.000000 0.000000 1.000000 0.000000 0.000000 3460.dat
1 19 -2.294010 -40.000000 -295.700800 0.000000 0.000000 -1.000000 0.000000 1.000000 0.000000 1.000000 0.000000 0.000000 3460.dat
1 71 -32.293980 -32.000000 -195.700600 1.000000 0.000000 0.000000 0.000000 1.000000 0.000000 0.000000 0.000000 1.000000 3020.dat
1 71 -32.293980 -40.000000 -195.700600 1.000000 0.000000 0.000000 0.000000 1.000000 0.000000 0.000000 0.000000 1.000000 3020.dat
1 71 -32.296810 -32.000000 204.196100 1.000000 0.000000 0.000000 0.000000 1.000000 0.000000 0.000000 0.000000 1.000000 3020.dat
1 71 -32.296810 -40.000000 204.196100 1.000000 0.000000 0.000000 0.000000 1.000000 0.000000 0.000000 0.000000 1.000000 3020.dat
1 19 -2.296810 -32.000000 304.196000 0.000000 0.000000 1.000000 0.000000 1.000000 0.000000 -1.000000 0.000000 0.000000 3460.dat
1 19 -2.296810 -40.000000 304.196000 0.000000 0.000000 1.000000 0.000000 1.000000 0.000000 -1.000000 0.000000 0.000000 3460.dat
0 NOFILE
0 FILE SubModel Group 20
0 SubModel Group 20
0 Name: SubModel Group 20
0 Author: 
0 CustomBrick
0 FlexibleBrickControlPointUnitLength -1
0 FlexibleBrickLockedControlPoint 
0 NumOfBricks 2
1 71 0.000000 -9.000000 21.515140 0.000000 0.000000 -1.000000 0.000000 1.000000 0.000000 1.000000 0.000000 0.000000 32054.dat
1 0 0.000000 -9.000000 -19.515020 -1.000000 0.000000 0.000000 0.000000 0.000000 1.000000 0.000000 1.000000 0.000000 48729b.dat
0 NOFILE
0 FILE SubModel Group 21
0 SubModel Group 21
0 Name: SubModel Group 21
0 Author: 
0 CustomBrick
0 FlexibleBrickControlPointUnitLength -1
0 FlexibleBrickLockedControlPoint 
0 NumOfBricks 8
1 72 10.000000 -24.000000 -70.000000 0.000000 0.000000 -1.000000 0.000000 1.000000 0.000000 1.000000 0.000000 0.000000 3703.dat
1 28 10.000050 -32.000000 69.999940 0.000000 0.000000 1.000000 0.000000 1.000000 0.000000 -1.000000 0.000000 0.000000 3023b.dat
1 28 10.000060 -40.000000 69.999880 0.000000 0.000000 1.000000 0.000000 1.000000 0.000000 -1.000000 0.000000 0.000000 3023b.dat
1 71 -19.999980 -32.000000 40.000000 1.000000 0.000000 0.000000 0.000000 1.000000 0.000000 0.000000 0.000000 1.000000 3710.dat
1 71 -19.999980 -40.000000 40.000000 1.000000 0.000000 0.000000 0.000000 1.000000 0.000000 0.000000 0.000000 1.000000 3710.dat
1 19 30.000000 -32.000000 -90.000000 1.000000 0.000000 0.000000 0.000000 1.000000 0.000000 0.000000 0.000000 1.000000 3021.dat
1 19 30.000000 -40.000000 -90.000000 1.000000 0.000000 0.000000 0.000000 1.000000 0.000000 0.000000 0.000000 1.000000 3021.dat
1 71 10.000000 -14.000000 -90.000000 1.000000 0.000000 0.000000 0.000000 1.000000 0.000000 0.000000 0.000000 1.000000 32054.dat
0 NOFILE
0 FILE SubModel Group 22
0 SubModel Group 22
0 Name: SubModel Group 22
0 Author: 
0 CustomBrick
0 FlexibleBrickControlPointUnitLength -1
0 FlexibleBrickLockedControlPoint 
0 NumOfBricks 8
1 72 10.000020 -24.000000 64.500000 0.000000 0.000000 1.000000 0.000000 1.000000 0.000000 -1.000000 0.000000 0.000000 3703.dat
1 28 10.000030 -32.000000 -75.500110 0.000000 0.000000 1.000000 0.000000 1.000000 0.000000 -1.000000 0.000000 0.000000 3023b.dat
1 28 10.000050 -40.000000 -75.500240 0.000000 0.000000 1.000000 0.000000 1.000000 0.000000 -1.000000 0.000000 0.000000 3023b.dat
1 71 10.000020 -14.000000 84.500000 1.000000 0.000000 0.000000 0.000000 1.000000 0.000000 0.000000 0.000000 1.000000 32054.dat
1 71 -19.999980 -32.000000 -35.500000 1.000000 0.000000 0.000000 0.000000 1.000000 0.000000 0.000000 0.000000 1.000000 3020.dat
1 71 -19.999980 -40.000000 -35.500000 1.000000 0.000000 0.000000 0.000000 1.000000 0.000000 0.000000 0.000000 1.000000 3020.dat
1 19 30.000020 -32.000000 84.500000 1.000000 0.000000 0.000000 0.000000 1.000000 0.000000 0.000000 0.000000 1.000000 3021.dat
1 19 30.000020 -40.000000 84.500000 1.000000 0.000000 0.000000 0.000000 1.000000 0.000000 0.000000 0.000000 1.000000 3021.dat
0 NOFILE
0 FILE SubModel Group 23
0 SubModel Group 23
0 Name: SubModel Group 23
0 Author: 
0 CustomBrick
0 FlexibleBrickControlPointUnitLength -1
0 FlexibleBrickLockedControlPoint 
0 NumOfBricks 5
1 0 0.000000 -40.000010 -6.000000 -1.000000 0.000000 0.000000 0.000000 0.000000 1.000000 0.000000 1.000000 0.000000 32531.dat
1 0 -60.000000 -60.000020 4.000000 1.000000 0.000000 0.000000 0.000000 1.000000 0.000000 0.000000 0.000000 1.000000 4459.dat
1 0 -60.000000 -20.000010 4.000000 1.000000 0.000000 0.000000 0.000000 1.000000 0.000000 0.000000 0.000000 1.000000 4459.dat
1 0 60.000000 -60.000020 4.000000 1.000000 0.000000 0.000000 0.000000 1.000000 0.000000 0.000000 0.000000 1.000000 4459.dat
1 0 60.000000 -20.000010 4.000000 1.000000 0.000000 0.000000 0.000000 1.000000 0.000000 0.000000 0.000000 1.000000 4459.dat
0 NOFILE
0 FILE SubModel Group 24
0 SubModel Group 24
0 Name: SubModel Group 24
0 Author: 
0 CustomBrick
0 FlexibleBrickControlPointUnitLength -1
0 FlexibleBrickLockedControlPoint 
0 NumOfBricks 7
1 14 0.000000 -10.000010 -4.428710 1.000000 0.000000 0.000000 0.000000 0.000000 -1.000000 0.000000 1.000000 0.000000 3710.dat
1 14 0.000000 -70.000020 -4.428710 1.000000 0.000000 0.000000 0.000000 0.000000 -1.000000 0.000000 1.000000 0.000000 3710.dat
0 STEP
1 0 0.000000 -40.000010 3.571410 -1.000000 0.000000 0.000000 0.000000 0.000000 1.000000 0.000000 1.000000 0.000000 32531.dat
1 0 -60.000000 -60.000020 13.571410 1.000000 0.000000 0.000000 0.000000 1.000000 0.000000 0.000000 0.000000 1.000000 4459.dat
1 0 -60.000000 -20.000020 13.571410 1.000000 0.000000 0.000000 0.000000 1.000000 0.000000 0.000000 0.000000 1.000000 4459.dat
1 0 60.000000 -60.000020 13.571410 1.000000 0.000000 0.000000 0.000000 1.000000 0.000000 0.000000 0.000000 1.000000 4459.dat
1 0 60.000000 -20.000010 13.571410 1.000000 0.000000 0.000000 0.000000 1.000000 0.000000 0.000000 0.000000 1.000000 4459.dat
0 STEP
0 NOFILE
0 FILE SubModel Group 63
0 SubModel Group 63
0 Name: SubModel Group 63
0 Author: 
0 CustomBrick
0 FlexibleBrickControlPointUnitLength -1
0 FlexibleBrickLockedControlPoint 
0 NumOfBricks 7
1 16 -0.000160 0.000000 -0.000050 1.000000 0.000000 0.000000 0.000000 1.000000 0.000000 0.000000 0.000000 1.000000 submodel group 67
0 NOFILE
0 FILE SubModel Group 64
0 SubModel Group 64
0 Name: SubModel Group 64
0 Author: 
0 CustomBrick
0 FlexibleBrickControlPointUnitLength -1
0 FlexibleBrickLockedControlPoint 
0 NumOfBricks 4
1 16 0.000000 0.000000 0.000000 1.000000 0.000000 0.000000 0.000000 1.000000 0.000000 0.000000 0.000000 1.000000 submodel group 66
0 NOFILE
0 FILE SubModel Group 2 Copy 4
0 SubModel Group 2
0 Name: SubModel Group 2
0 Author: 
0 CustomBrick
0 FlexibleBrickControlPointUnitLength -1
0 FlexibleBrickLockedControlPoint 
0 NumOfBricks 3
1 72 -20.000000 -24.000000 20.000000 1.000000 0.000000 0.000000 0.000000 1.000000 0.000000 0.000000 0.000000 1.000000 3894.dat
1 1 -0.000030 -14.000000 0.000000 0.000000 0.000000 1.000000 0.000000 1.000000 0.000000 -1.000000 0.000000 0.000000 6558.dat
1 0 19.999970 -14.000000 10.000000 0.000000 0.000000 1.000000 0.000000 1.000000 0.000000 -1.000000 0.000000 0.000000 4459.dat
0 NOFILE
0 FILE SubModel Group 3 Copy 4
0 SubModel Group 3
0 Name: SubModel Group 3
0 Author: 
0 CustomBrick
0 FlexibleBrickControlPointUnitLength -1
0 FlexibleBrickLockedControlPoint 
0 NumOfBricks 3
1 71 0.000000 -9.000250 0.000000 1.000000 0.000000 0.000000 0.000000 1.000000 0.000000 0.000000 0.000000 1.000000 62462.dat
1 0 -20.000000 -9.000250 0.000000 1.000000 0.000000 0.000000 0.000000 1.000000 0.000000 0.000000 0.000000 1.000000 4459.dat
1 0 20.000000 -9.000250 0.000000 1.000000 0.000000 0.000000 0.000000 1.000000 0.000000 0.000000 0.000000 1.000000 4459.dat
0 NOFILE
0 FILE SubModel Group 1
0 SubModel Group 1
0 Name: SubModel Group 1
0 Author: 
0 CustomBrick
0 FlexibleBrickControlPointUnitLength -1
0 FlexibleBrickLockedControlPoint 
0 NumOfBricks 26
1 4 -17.838320 -24.000000 32.154240 0.000000 0.000000 -1.000000 0.000000 1.000000 0.000000 1.000000 0.000000 0.000000 3702.dat
1 0 -7.838320 -14.000000 -27.845570 1.000000 0.000000 0.000000 0.000000 1.000000 0.000000 0.000000 0.000000 1.000000 4459.dat
1 0 -7.838320 -14.000000 32.154240 1.000000 0.000000 0.000000 0.000000 1.000000 0.000000 0.000000 0.000000 1.000000 4459.dat
1 0 -27.838320 -14.000000 52.154220 1.000000 0.000000 0.000000 0.000000 1.000000 0.000000 0.000000 0.000000 1.000000 4459.dat
1 0 -27.838290 -14.000000 92.154250 1.000000 0.000000 0.000000 0.000000 1.000000 0.000000 0.000000 0.000000 1.000000 4459.dat
1 72 2.161710 -24.000000 -47.845560 0.000000 0.000000 -1.000000 0.000000 1.000000 0.000000 1.000000 0.000000 0.000000 3703.dat
1 0 -7.838380 -14.000000 -187.845500 1.000000 0.000000 0.000000 0.000000 1.000000 0.000000 0.000000 0.000000 1.000000 4459.dat
1 0 -7.838350 -14.000000 -107.845500 1.000000 0.000000 0.000000 0.000000 1.000000 0.000000 0.000000 0.000000 1.000000 4459.dat
1 0 12.161740 -14.000000 52.154220 1.000000 0.000000 0.000000 0.000000 1.000000 0.000000 0.000000 0.000000 1.000000 4459.dat
1 0 12.161740 -14.000000 92.154220 1.000000 0.000000 0.000000 0.000000 1.000000 0.000000 0.000000 0.000000 1.000000 4459.dat
1 1 12.161710 -14.000000 12.154270 1.000000 0.000000 0.000000 0.000000 1.000000 0.000000 0.000000 0.000000 1.000000 4274.dat
1 72 -17.838380 -24.000000 -207.845500 0.000000 0.000000 -1.000000 0.000000 1.000000 0.000000 1.000000 0.000000 0.000000 3703.dat
1 19 -27.839200 -14.000000 -87.846480 -1.000007 0.000000 0.000000 0.000000 1.000000 0.000000 0.000000 0.000000 -1.000007 32002.dat
1 0 -7.838780 -14.000000 -347.848900 1.000007 0.000000 0.000000 0.000000 1.000000 0.000000 0.000000 0.000000 1.000007 4459.dat
1 0 -7.838750 -14.000000 -267.847700 1.000007 0.000000 0.000000 0.000000 1.000000 0.000000 0.000000 0.000000 1.000007 4459.dat
1 0 62.161780 -24.000000 82.154010 1.000000 0.000000 0.000000 0.000000 1.000000 0.000000 0.000000 0.000000 1.000000 32555.dat
1 0 -77.838320 -24.000000 82.154240 0.000000 0.000000 1.000000 0.000000 1.000000 0.000000 -1.000000 0.000000 0.000000 32555.dat
1 0 92.161780 -14.000000 132.154000 0.000000 0.000000 -1.000000 0.000000 1.000000 0.000000 1.000000 0.000000 0.000000 4459.dat
1 0 -107.838300 -14.000000 132.154200 0.000000 0.000000 -1.000000 0.000000 1.000000 0.000000 1.000000 0.000000 0.000000 4459.dat
1 71 2.161190 -24.000000 -287.848900 0.000000 0.000000 1.000000 0.000000 1.000000 0.000000 -1.000000 0.000000 0.000000 3702.dat
1 0 -117.838300 -24.000000 182.154200 -1.000000 0.000000 0.000000 0.000000 1.000000 0.000000 0.000000 0.000000 -1.000000 32555.dat
1 0 102.161600 -24.000000 182.154300 0.000000 0.000000 -1.000000 0.000000 1.000000 0.000000 1.000000 0.000000 0.000000 32555.dat
1 71 -77.838290 -14.000000 212.154200 1.000000 0.000000 0.000000 0.000000 1.000000 0.000000 0.000000 0.000000 1.000000 32054.dat
1 71 62.161600 -14.000000 212.154300 -1.000000 0.000000 0.000000 0.000000 1.000000 0.000000 0.000000 0.000000 -1.000000 32054.dat
1 19 32.061740 -14.000000 72.154010 1.000000 0.000000 0.000000 0.000000 1.000000 0.000000 0.000000 0.000000 1.000000 32002.dat
1 0 52.061780 -14.000020 72.154010 0.000000 -1.000000 0.000000 -1.000000 0.000000 0.000000 0.000000 0.000000 -1.000000 48729b.dat
0 NOFILE
0 FILE SubModel Group 2
0 SubModel Group 2
0 Name: SubModel Group 2
0 Author: 
0 CustomBrick
0 FlexibleBrickControlPointUnitLength -1
0 FlexibleBrickLockedControlPoint 
0 NumOfBricks 42
1 4 -10.000000 -24.000000 21.952400 0.000000 0.000000 1.000000 0.000000 1.000000 0.000000 -1.000000 0.000000 0.000000 3702.dat
1 0 0.000010 -14.000000 -38.047600 1.000000 0.000000 0.000000 0.000000 1.000000 0.000000 0.000000 0.000000 1.000000 4459.dat
1 0 -20.000010 -14.000000 81.952400 1.000000 0.000000 0.000000 0.000000 1.000000 0.000000 0.000000 0.000000 1.000000 4459.dat
1 0 0.000000 -14.000000 21.952400 1.000000 0.000000 0.000000 0.000000 1.000000 0.000000 0.000000 0.000000 1.000000 4459.dat
1 0 -20.000000 -14.000000 41.952400 1.000000 0.000000 0.000000 0.000000 1.000000 0.000000 0.000000 0.000000 1.000000 4459.dat
1 72 10.000010 -24.000000 -58.047600 0.000000 0.000000 -1.000000 0.000000 1.000000 0.000000 1.000000 0.000000 0.000000 3703.dat
1 0 20.000060 -14.000000 81.952400 1.000000 0.000000 0.000000 0.000000 1.000000 0.000000 0.000000 0.000000 1.000000 4459.dat
1 0 20.000040 -14.000000 41.952400 1.000000 0.000000 0.000000 0.000000 1.000000 0.000000 0.000000 0.000000 1.000000 4459.dat
1 0 -0.000040 -14.000000 -198.047600 1.000000 0.000000 0.000000 0.000000 1.000000 0.000000 0.000000 0.000000 1.000000 4459.dat
1 0 -0.000010 -14.000000 -118.047600 1.000000 0.000000 0.000000 0.000000 1.000000 0.000000 0.000000 0.000000 1.000000 4459.dat
1 72 -10.000050 -24.000000 -218.047600 0.000000 0.000000 -1.000000 0.000000 1.000000 0.000000 1.000000 0.000000 0.000000 3703.dat
1 0 -0.000070 -14.000000 -358.047600 1.000000 0.000000 0.000000 0.000000 1.000000 0.000000 0.000000 0.000000 1.000000 4459.dat
1 0 -0.000060 -14.000000 -278.047600 1.000000 0.000000 0.000000 0.000000 1.000000 0.000000 0.000000 0.000000 1.000000 4459.dat
1 71 9.999920 -24.000000 -298.047700 0.000000 0.000000 1.000000 0.000000 1.000000 0.000000 -1.000000 0.000000 0.000000 3702.dat
1 0 70.000060 -24.000000 71.952400 1.000000 0.000000 0.000000 0.000000 1.000000 0.000000 0.000000 0.000000 1.000000 32555.dat
1 0 -70.000000 -24.000000 71.952400 0.000000 0.000000 1.000000 0.000000 1.000000 0.000000 -1.000000 0.000000 0.000000 32555.dat
1 0 100.000100 -14.000000 121.952400 0.000000 0.000000 -1.000000 0.000000 1.000000 0.000000 1.000000 0.000000 0.000000 4459.dat
1 0 -100.000000 -14.000000 121.952400 0.000000 0.000000 -1.000000 0.000000 1.000000 0.000000 1.000000 0.000000 0.000000 4459.dat
1 0 -110.000000 -24.000000 171.952400 -1.000000 0.000000 0.000000 0.000000 1.000000 0.000000 0.000000 0.000000 -1.000000 32555.dat
1 0 110.000100 -24.000000 171.952400 0.000000 0.000000 -1.000000 0.000000 1.000000 0.000000 1.000000 0.000000 0.000000 32555.dat
1 71 -70.000000 -14.000000 201.952400 1.000000 0.000000 0.000000 0.000000 1.000000 0.000000 0.000000 0.000000 1.000000 32054.dat
1 71 70.000100 -14.000000 201.952400 -1.000000 0.000000 0.000000 0.000000 1.000000 0.000000 0.000000 0.000000 -1.000000 32054.dat
1 71 0.000040 -32.000000 61.952400 1.000000 0.000000 0.000000 0.000000 1.000000 0.000000 0.000000 0.000000 1.000000 3031.dat
1 28 90.000060 -32.000000 121.952400 1.000000 0.000000 0.000000 0.000000 1.000000 0.000000 0.000000 0.000000 1.000000 3021.dat
1 28 -90.000010 -32.000000 121.952400 1.000000 0.000000 0.000000 0.000000 1.000000 0.000000 0.000000 0.000000 1.000000 3021.dat
1 71 160.000100 -32.000000 131.952400 1.000000 0.000000 0.000000 0.000000 1.000000 0.000000 0.000000 0.000000 1.000000 3710.dat
1 71 -160.000000 -32.000000 131.952400 1.000000 0.000000 0.000000 0.000000 1.000000 0.000000 0.000000 0.000000 1.000000 3710.dat
1 71 -70.000010 -32.000000 181.952400 0.000000 0.000000 -1.000000 0.000000 1.000000 0.000000 1.000000 0.000000 0.000000 3710.dat
1 71 70.000080 -32.000000 181.952400 0.000000 0.000000 -1.000000 0.000000 1.000000 0.000000 1.000000 0.000000 0.000000 3710.dat
1 70 -0.000070 -32.000000 -358.047700 1.000000 0.000000 0.000000 0.000000 1.000000 0.000000 0.000000 0.000000 1.000000 3022.dat
1 70 -0.000090 -32.000000 -218.047700 1.000000 0.000000 0.000000 0.000000 1.000000 0.000000 0.000000 0.000000 1.000000 3022.dat
1 70 0.000000 -32.000000 -58.047600 1.000000 0.000000 0.000000 0.000000 1.000000 0.000000 0.000000 0.000000 1.000000 3022.dat
1 71 0.000050 -40.000000 61.952400 1.000000 0.000000 0.000000 0.000000 1.000000 0.000000 0.000000 0.000000 1.000000 3031.dat
1 28 90.000040 -40.000000 121.952400 1.000000 0.000000 0.000000 0.000000 1.000000 0.000000 0.000000 0.000000 1.000000 3021.dat
1 28 -90.000030 -40.000000 121.952400 1.000000 0.000000 0.000000 0.000000 1.000000 0.000000 0.000000 0.000000 1.000000 3021.dat
1 71 160.000100 -40.000000 131.952400 1.000000 0.000000 0.000000 0.000000 1.000000 0.000000 0.000000 0.000000 1.000000 3710.dat
1 71 -160.000000 -40.000000 131.952400 1.000000 0.000000 0.000000 0.000000 1.000000 0.000000 0.000000 0.000000 1.000000 3710.dat
1 71 -70.000020 -40.000000 181.952400 0.000000 0.000000 -1.000000 0.000000 1.000000 0.000000 1.000000 0.000000 0.000000 3710.dat
1 71 70.000080 -40.000000 181.952400 0.000000 0.000000 -1.000000 0.000000 1.000000 0.000000 1.000000 0.000000 0.000000 3710.dat
1 70 -0.000060 -40.000000 -358.047800 1.000000 0.000000 0.000000 0.000000 1.000000 0.000000 0.000000 0.000000 1.000000 3022.dat
1 70 -0.000090 -40.000000 -218.047800 1.000000 0.000000 0.000000 0.000000 1.000000 0.000000 0.000000 0.000000 1.000000 3022.dat
1 70 0.000000 -40.000000 -58.047600 1.000000 0.000000 0.000000 0.000000 1.000000 0.000000 0.000000 0.000000 1.000000 3022.dat
0 NOFILE
0 FILE SubModel Group 5
0 SubModel Group 5
0 Name: SubModel Group 5
0 Author: 
0 CustomBrick
0 FlexibleBrickControlPointUnitLength -1
0 FlexibleBrickLockedControlPoint 
0 NumOfBricks 4
1 70 5.500000 -24.000000 0.000000 0.000000 0.000000 -1.000000 0.000000 1.000000 0.000000 1.000000 0.000000 0.000000 3701.dat
1 0 -4.500000 -14.000000 19.999970 1.000000 0.000000 0.000000 0.000000 1.000000 0.000000 0.000000 0.000000 1.000000 4459.dat
1 0 15.500060 -14.000000 -20.000000 1.000000 0.000000 0.000000 0.000000 1.000000 0.000000 0.000000 0.000000 1.000000 4459.dat
0 STEP
1 0 15.500000 -14.000000 0.000000 -1.000000 0.000000 0.000000 0.000000 1.000000 0.000000 0.000000 0.000000 -1.000000 4459.dat
0 STEP
0 NOFILE
0 FILE SubModel Group 6
0 SubModel Group 6
0 Name: SubModel Group 6
0 Author: 
0 CustomBrick
0 FlexibleBrickControlPointUnitLength -1
0 FlexibleBrickLockedControlPoint 
0 NumOfBricks 4
1 0 4.500000 -14.000000 -0.000030 1.000000 0.000000 0.000000 0.000000 1.000000 0.000000 0.000000 0.000000 1.000000 4459.dat
0 STEP
1 70 -5.500000 -24.000000 0.000000 0.000000 0.000000 -1.000000 0.000000 1.000000 0.000000 1.000000 0.000000 0.000000 3701.dat
1 0 -15.500000 -14.000000 -20.000000 1.000000 0.000000 0.000000 0.000000 1.000000 0.000000 0.000000 0.000000 1.000000 4459.dat
1 0 -15.500000 -14.000000 20.000000 1.000000 0.000000 0.000000 0.000000 1.000000 0.000000 0.000000 0.000000 1.000000 4459.dat
0 STEP
0 NOFILE
0 FILE SubModel Group 9
0 SubModel Group 9
0 Name: SubModel Group 9
0 Author: 
0 CustomBrick
0 FlexibleBrickControlPointUnitLength -1
0 FlexibleBrickLockedControlPoint 
0 NumOfBricks 4
1 70 0.000000 -24.000000 -5.500000 1.000000 0.000000 0.000000 0.000000 1.000000 0.000000 0.000000 0.000000 1.000000 3701.dat
1 0 0.000000 -14.000000 -15.500060 0.000000 0.000000 -1.000000 0.000000 1.000000 0.000000 1.000000 0.000000 0.000000 4459.dat
1 0 19.999980 -14.000000 -15.500060 0.000000 0.000000 -1.000000 0.000000 1.000000 0.000000 1.000000 0.000000 0.000000 4459.dat
1 0 -20.000000 -14.000000 4.499940 0.000000 0.000000 -1.000000 0.000000 1.000000 0.000000 1.000000 0.000000 0.000000 4459.dat
0 NOFILE
0 FILE SubModel Group 10
0 SubModel Group 10
0 Name: SubModel Group 10
0 Author: 
0 CustomBrick
0 FlexibleBrickControlPointUnitLength -1
0 FlexibleBrickLockedControlPoint 
0 NumOfBricks 4
1 70 0.000000 -24.000000 4.500000 1.000000 0.000000 0.000000 0.000000 1.000000 0.000000 0.000000 0.000000 1.000000 3701.dat
1 0 -20.000020 -14.000000 14.499940 0.000000 0.000000 -1.000000 0.000000 1.000000 0.000000 1.000000 0.000000 0.000000 4459.dat
1 0 19.999990 -14.000000 14.499940 0.000000 0.000000 -1.000000 0.000000 1.000000 0.000000 1.000000 0.000000 0.000000 4459.dat
1 0 -0.000020 -14.000000 -5.500060 0.000000 0.000000 -1.000000 0.000000 1.000000 0.000000 1.000000 0.000000 0.000000 4459.dat
0 NOFILE
0 FILE SubModel Group 67
0 SubModel Group 67
0 Name: SubModel Group 67
0 Author: 
0 CustomBrick
0 FlexibleBrickControlPointUnitLength -1
0 FlexibleBrickLockedControlPoint 
0 NumOfBricks 7
1 0 5.993330 -29.000020 -0.000010 0.000000 1.000000 0.000000 0.000000 0.000000 1.000000 1.000000 0.000000 0.000000 41677.dat
1 0 -23.466640 -29.000050 0.000050 0.000000 1.000000 0.000000 0.000000 0.000000 1.000000 1.000000 0.000000 0.000000 41677.dat
1 71 1.533370 -9.000020 -0.000010 1.000000 0.000000 0.000000 0.000000 0.000000 1.000000 0.000000 -1.000000 0.000000 4519.dat
1 0 41.533370 -9.000020 -0.000010 1.000000 0.000000 0.000000 0.000000 1.000000 0.000000 0.000000 0.000000 1.000000 32054.dat
1 0 0.993330 -29.000020 -0.000010 0.000000 1.000000 0.000000 -1.000000 0.000000 0.000000 0.000000 0.000000 1.000000 87994.dat
1 0 -8.586750 -29.000000 -0.000010 1.000000 0.000000 0.000000 0.000000 0.000000 -1.000000 0.000000 1.000000 0.000000 32039.dat
1 72 -8.586740 -98.999980 -0.000010 0.000000 -1.000000 0.000000 -1.000000 0.000000 0.000000 0.000000 0.000000 -1.000000 55013.dat
0 NOFILE
0 FILE SubModel Group 66
0 SubModel Group 66
0 Name: SubModel Group 66
0 Author: 
0 CustomBrick
0 FlexibleBrickControlPointUnitLength -1
0 FlexibleBrickLockedControlPoint 
0 NumOfBricks 4
1 320 24.500000 -24.000000 -10.000060 -1.000000 0.000000 0.000000 0.000000 1.000000 0.000000 0.000000 0.000000 -1.000000 32064c.dat
1 72 24.500000 -14.000000 9.999940 0.000000 1.000000 0.000000 -1.000000 0.000000 0.000000 0.000000 0.000000 1.000000 10197.dat
1 72 -5.500000 -14.002840 9.999940 0.000000 0.000000 1.000000 0.000000 1.000000 0.000000 -1.000000 0.000000 0.000000 59443.dat
1 71 -35.500000 -13.999990 10.000180 1.000000 0.000000 0.000000 0.000000 1.000000 0.000000 0.000000 0.000000 1.000000 22961.dat
0 NOFILE
